{
  "scale": 0.6,
  "effects": {
    "mood_sound": {
      "sound": "minecraft:ambient.cave",
      "tick_delay": 6000,
      "block_search_extent": 8,
      "offset": 2.0
    },
    "sky_color": 7842047,
    "fog_color": 12638463,
    "water_color": 3156992,
    "water_fog_color": 2302743
  },
  "surface_builder": "wythers:bamboo_jungle_hills",
  "carvers": {
    "air": [
      "minecraft:cave"
    ]
  },
  "features": [
    [
      "wythers:jungle/bamboo_hills_ore_grass",
      "wythers:jungle/bamboo_hills_ore_grass",
      "minecraft:bamboo"
    ],
    [],
    [],
    [
      "minecraft:monster_room"
    ],
    [],
    [],
    [
      "wythers:generic/ore_base_smooth_red_sandstone",
      "minecraft:ore_dirt",
      "minecraft:ore_gravel",
      "minecraft:ore_granite",
      "minecraft:ore_diorite",
      "minecraft:ore_andesite",
      "minecraft:ore_coal",
      "minecraft:ore_iron",
      "minecraft:ore_gold",
      "minecraft:ore_redstone",
      "minecraft:ore_diamond",
      "minecraft:ore_lapis",
      "wythers:jungle/bamboo_disk_gravel",
      "wythers:jungle/bamboo_disk_dirt",
      "wythers:jungle/bamboo_disk_red_sand",
      "minecraft:disk_clay",
      "minecraft:disk_gravel",
	  "wythers:jungle/bamboo_hills_ore_coarse_dirt_higher"
    ],
    [],
    [
      "minecraft:brown_mushroom_normal",
      "minecraft:red_mushroom_normal",
      "minecraft:spring_water",
      "minecraft:vines",
      "wythers:jungle/bamboo_vegetation",
	  "wythers:jungle/groundcover_short",
	  "wythers:jungle/groundcover_tall",
      "minecraft:patch_sugar_cane",
      "minecraft:patch_waterlilly",
      "minecraft:seagrass_swamp"
    ],
    [
      "minecraft:freeze_top_layer"
    ]
  ],
  "starts": [
    "minecraft:mineshaft",
    "minecraft:stronghold",
    "minecraft:ruined_portal_jungle"
  ],
  "spawners": {
    "monster": [
      {
        "type": "minecraft:spider",
        "weight": 100,
        "minCount": 4,
        "maxCount": 4
      },
      {
        "type": "minecraft:zombie",
        "weight": 95,
        "minCount": 4,
        "maxCount": 4
      },
      {
        "type": "minecraft:zombie_villager",
        "weight": 5,
        "minCount": 1,
        "maxCount": 1
      },
      {
        "type": "minecraft:skeleton",
        "weight": 100,
        "minCount": 4,
        "maxCount": 4
      },
      {
        "type": "minecraft:creeper",
        "weight": 100,
        "minCount": 4,
        "maxCount": 4
      },
      {
        "type": "minecraft:slime",
        "weight": 100,
        "minCount": 4,
        "maxCount": 4
      },
      {
        "type": "minecraft:enderman",
        "weight": 10,
        "minCount": 1,
        "maxCount": 4
      },
      {
        "type": "minecraft:witch",
        "weight": 5,
        "minCount": 1,
        "maxCount": 1
      },
      {
        "type": "minecraft:ocelot",
        "weight": 2,
        "minCount": 1,
        "maxCount": 1
      }
    ],
    "creature": [
      {
        "type": "minecraft:chicken",
        "weight": 10,
        "minCount": 4,
        "maxCount": 4
      },
      {
        "type": "minecraft:chicken",
        "weight": 10,
        "minCount": 4,
        "maxCount": 4
      },
      {
        "type": "minecraft:panda",
        "weight": 100,
        "minCount": 2,
        "maxCount": 3
      }
    ],
    "ambient": [
      {
        "type": "minecraft:bat",
        "weight": 10,
        "minCount": 8,
        "maxCount": 8
      }
    ],
    "water_creature": [],
    "water_ambient": [],
    "misc": []
  },
  "spawn_costs": {},
  "player_spawn_friendly": false,
  "precipitation": "rain",
  "temperature": 0.7,
  "downfall": 0.5,
  "category": "jungle",
  "depth": 0.3
}