{
  "scale": 0.1,
  "effects": {
    "mood_sound": {
      "sound": "minecraft:ambient.cave",
      "tick_delay": 6000,
      "block_search_extent": 8,
      "offset": 2.0
    },
    "sky_color": 7254527,
    "fog_color": 14598542,
    "water_color": 63946,
    "water_fog_color": 63946
  },
  "surface_builder": "wythers:oasis",
  "carvers": {
    "air": [
      "minecraft:cave"
    ]
  },
  "features": [
    [],
    [],
    [
      "minecraft:iceberg_packed",
      "minecraft:iceberg_blue"
    ],
    [
      "minecraft:monster_room"
    ],
    [
      "minecraft:desert_well"
    ],
    [],
    [
      "wythers:desert/replace_glacier_to_terracotta",
      "wythers:desert/replace_glacier_to_smooth_sandstone",
      "minecraft:ore_dirt",
      "minecraft:ore_gravel",
      "minecraft:ore_granite",
      "minecraft:ore_diorite",
      "minecraft:ore_andesite",
      "minecraft:ore_coal",
      "minecraft:ore_iron",
      "minecraft:ore_gold",
      "minecraft:ore_redstone",
      "minecraft:ore_diamond",
      "minecraft:ore_lapis",
      "wythers:desert/oasis_disk_grass"
    ],
    [],
    [
      "wythers:desert/oasis_vegetation",
      "wythers:desert/oasis_reeds",
      "wythers:generic/flower_lily_of_the_valley",
      "minecraft:patch_grass_jungle",
      "minecraft:seagrass_swamp",
      "minecraft:seagrass_swamp",
      "minecraft:patch_waterlilly",
      "minecraft:brown_mushroom_swamp",
      "minecraft:red_mushroom_swamp",
      "minecraft:brown_mushroom_normal",
      "minecraft:red_mushroom_normal",
      "wythers:desert/oasis_patch_sugar_cane",
      "minecraft:spring_water",
      "minecraft:patch_melon",
      "minecraft:vines",
      "wythers:generic/patch_stones_south_2",
      "wythers:generic/patch_stones_east_3"
    ],
    [
      "minecraft:freeze_top_layer"
    ]
  ],
  "starts": [
    "minecraft:mineshaft",
    "minecraft:stronghold",
    "minecraft:ruined_portal_desert",
    "minecraft:desert_pyramid"
  ],
  "spawners": {
    "monster": [
      {
        "type": "minecraft:spider",
        "weight": 100,
        "minCount": 4,
        "maxCount": 4
      },
      {
        "type": "minecraft:zombie",
        "weight": 19,
        "minCount": 4,
        "maxCount": 4
      },
      {
        "type": "minecraft:zombie_villager",
        "weight": 1,
        "minCount": 1,
        "maxCount": 1
      },
      {
        "type": "minecraft:skeleton",
        "weight": 100,
        "minCount": 4,
        "maxCount": 4
      },
      {
        "type": "minecraft:creeper",
        "weight": 100,
        "minCount": 4,
        "maxCount": 4
      },
      {
        "type": "minecraft:slime",
        "weight": 100,
        "minCount": 4,
        "maxCount": 4
      },
      {
        "type": "minecraft:enderman",
        "weight": 10,
        "minCount": 1,
        "maxCount": 4
      },
      {
        "type": "minecraft:witch",
        "weight": 5,
        "minCount": 1,
        "maxCount": 1
      },
      {
        "type": "minecraft:husk",
        "weight": 80,
        "minCount": 4,
        "maxCount": 4
      }
    ],
    "creature": [
      {
        "type": "minecraft:llama",
        "weight": 100,
        "minCount": 4,
        "maxCount": 8
      },
      {
        "type": "minecraft:parrot",
        "weight": 100,
        "minCount": 4,
        "maxCount": 6
      },
      {
        "type": "minecraft:chicken",
        "weight": 100,
        "minCount": 4,
        "maxCount": 4
      }
    ],
    "ambient": [
      {
        "type": "minecraft:bat",
        "weight": 10,
        "minCount": 8,
        "maxCount": 8
      }
    ],
    "water_creature": [],
    "water_ambient": [
      {
        "type": "minecraft:cod",
        "weight": 5,
        "minCount": 1,
        "maxCount": 5
      }
    ],
    "misc": []
  },
  "spawn_costs": {},
  "player_spawn_friendly": true,
  "precipitation": "none",
  "temperature": 0.95,
  "downfall": 0.8,
  "category": "swamp",
  "depth": 0.0
}