{
  "scale": 0.5,
  "effects": {
    "mood_sound": {
      "sound": "minecraft:ambient.cave",
      "tick_delay": 6000,
      "block_search_extent": 8,
      "offset": 2.0
    },
    "sky_color": 12830407,
    "fog_color": 13882581,
    "water_color": 7499128,
    "water_fog_color": 4341314
  },
  "surface_builder": "wythers:mushroom_field_shore",
  "carvers": {
    "air": [
      "minecraft:ocean_cave"
    ],
    "liquid": [
      "minecraft:underwater_canyon",
      "minecraft:underwater_cave"
    ]
  },
  "starts": [
    "minecraft:mineshaft",
    "minecraft:stronghold",
    "minecraft:ruined_portal"
  ],
  "features": [
    [
      "wythers:mushroom_fields/patch_warped_groundcover",
      "wythers:mushroom_fields/twisting_vines"
    ],
    [],
    [],
    [],
    [],
    [],
    [],
    [
      "wythers:mushroom_fields/ore_base_prismarine",
      "wythers:mushroom_fields/ore_base_dead_brain_coral_block",
      "wythers:mushroom_fields/replace_warped_nylium_to_prismarine",
      "minecraft:ore_gravel",
      "minecraft:ore_andesite",
      "minecraft:ore_coal",
      "minecraft:ore_iron",
      "minecraft:ore_gold",
      "minecraft:ore_redstone",
      "minecraft:ore_diamond",
      "minecraft:ore_lapis"
    ],
    [
      "wythers:mushroom_fields/sea_pickle",
      "wythers:mushroom_fields/patch_prismarine_bricks_base",
      "wythers:mushroom_fields/patch_prismarine_bricks_middle",
      "wythers:mushroom_fields/patch_prismarine_bricks_top",
      "minecraft:spring_water",
      "minecraft:spring_water",
      "minecraft:spring_water",
      "minecraft:seagrass_simple",
      "minecraft:seagrass_warm",
      "minecraft:kelp_cold"
    ]
  ],
  "spawners": {
    "monster": [
      {
        "type": "minecraft:guardian",
        "weight": 10,
        "minCount": 1,
        "maxCount": 3
      }
    ],
    "creature": [],
    "ambient": [],
    "water_creature": [],
    "water_ambient": [],
    "misc": []
  },
  "spawn_costs": {
    "minecraft:guardian": {
      "energy_budget": 0.12,
      "charge": 1.0
    }
  },
  "player_spawn_friendly": false,
  "precipitation": "rain",
  "temperature": 2.0,
  "downfall": 0.0,
  "category": "ocean",
  "depth": 0.15
}