{
  "scale": 0.5,
  "effects": {
    "mood_sound": {
      "sound": "minecraft:ambient.cave",
      "tick_delay": 6000,
      "block_search_extent": 8,
      "offset": 2.0
    },
    "particle": {
      "options": {
        "type": "minecraft:ash"
      },
      "probability": 0.118093334
    },
    "sky_color": 12830407,
    "fog_color": 13882581,
    "water_color": 7499128,
    "water_fog_color": 4341314
  },
  "surface_builder": "wythers:blackstone",
  "carvers": {
    "air": [
      "minecraft:cave"
    ],
    "liquid": []
  },
  "starts": [
    "minecraft:ruined_portal_nether"
  ],
  "features": [
    [],
    [
      "wythers:savanna/lake_volcanic"
    ],
    [],
    [],
    [
      "wythers:volcanic/ore_basalt",
      "wythers:savanna/delta_magma",
      "wythers:savanna/delta_black_concrete_powder",
      "wythers:savanna/delta_coarse_dirt",
      "wythers:savanna/delta_coal_block"
    ],
    [],
    [],
    [
      "wythers:generic/ore_base_basalt",
      "wythers:volcanic/replace_netherrack_to_blackstone",
      "minecraft:ore_magma",
      "minecraft:spring_closed_double",
	  "wythers:savanna/double_squared_black_sand"
    ],
    [
      "minecraft:spring_lava_double",
      "minecraft:patch_dead_bush_badlands",
      "wythers:generic/patch_grass_dense",
      "wythers:savanna/shattered_plateau_campfire_lava_tall",
      "wythers:savanna/shattered_plateau_campfire_lava_short",
      "wythers:volcanic/basalt_spikes",
      "wythers:volcanic/basalt_spikes_tall"
    ],
    [
      "minecraft:freeze_top_layer"
    ]
  ],
  "starts": [
    "minecraft:stronghold",
    "minecraft:ruined_portal_nether"
  ],
  "spawners": {
    "monster": [],
    "ambient": [],
    "water_creature": [],
    "water_ambient": [],
    "misc": []
  },
  "spawn_costs": {},
  "player_spawn_friendly": false,
  "precipitation": "none",
  "temperature": 2.0,
  "downfall": 0.0,
  "category": "desert",
  "depth": 1.0
}