{
  "scale": -0.05,
  "effects": {
    "mood_sound": {
      "sound": "minecraft:ambient.cave",
      "tick_delay": 6000,
      "block_search_extent": 8,
      "offset": 2.0
    },
    "grass_color_modifier": "swamp",
    "foliage_color": 6975545,
    "sky_color": 11842740,
    "fog_color": 13158600,
    "water_color": 6388580,
    "water_fog_color": 2302743
  },
  "surface_builder": "minecraft:swamp",
  "carvers": {
    "air": [
      "minecraft:cave"
    ]
  },
  "features": [
    [
      "wythers:swamp/spring_water",
      "wythers:swamp/simple_grass_blocks"
    ],
    [],
    [],
    [
      "minecraft:fossil",
      "minecraft:monster_room"
    ],
    [],
    [],
    [
      "minecraft:ore_dirt",
      "minecraft:ore_gravel",
      "minecraft:ore_granite",
      "minecraft:ore_diorite",
      "minecraft:ore_andesite",
      "minecraft:ore_coal",
      "minecraft:ore_iron",
      "minecraft:ore_gold",
      "minecraft:ore_redstone",
      "minecraft:ore_diamond",
      "minecraft:ore_lapis",
      "minecraft:disk_clay",
      "wythers:swamp/disk_soul_sand"
    ],
    [],
    [
      "wythers:swamp/forest_vegetation",
      "wythers:swamp/scrub_vegetation",
      "wythers:generic/flower_lily_of_the_valley",
      "minecraft:patch_large_fern",
      "minecraft:patch_tall_grass",
      "minecraft:patch_grass_jungle",
      "wythers:swamp/cnb_patch_grass_dense",
      "minecraft:patch_grass_normal",
      "minecraft:patch_dead_bush",
      "minecraft:patch_waterlilly",
      "minecraft:brown_mushroom_swamp",
      "minecraft:red_mushroom_swamp",
      "minecraft:brown_mushroom_normal",
      "minecraft:red_mushroom_normal",
      "minecraft:patch_sugar_cane_swamp",
      "minecraft:patch_pumpkin",
      "minecraft:spring_water",
      "minecraft:seagrass_swamp",
      "wythers:swamp/cnb_heightmap_ore_soul_soil",
      "wythers:swamp/cnb_heightmap_ore_path"
    ],
    [
      "minecraft:freeze_top_layer"
    ]
  ],
  "starts": [
    "minecraft:swamp_hut",
    "minecraft:mineshaft",
    "minecraft:ruined_portal_swamp"
  ],
  "spawners": {
    "monster": [
      {
        "type": "minecraft:spider",
        "weight": 100,
        "minCount": 4,
        "maxCount": 4
      },
      {
        "type": "minecraft:zombie",
        "weight": 95,
        "minCount": 4,
        "maxCount": 4
      },
      {
        "type": "minecraft:zombie_villager",
        "weight": 5,
        "minCount": 1,
        "maxCount": 1
      },
      {
        "type": "minecraft:skeleton",
        "weight": 100,
        "minCount": 4,
        "maxCount": 4
      },
      {
        "type": "minecraft:creeper",
        "weight": 100,
        "minCount": 4,
        "maxCount": 4
      },
      {
        "type": "minecraft:slime",
        "weight": 100,
        "minCount": 4,
        "maxCount": 4
      },
      {
        "type": "minecraft:enderman",
        "weight": 10,
        "minCount": 1,
        "maxCount": 4
      },
      {
        "type": "minecraft:witch",
        "weight": 5,
        "minCount": 1,
        "maxCount": 1
      },
      {
        "type": "minecraft:slime",
        "weight": 1,
        "minCount": 1,
        "maxCount": 1
      }
    ],
    "creature": [
      {
        "type": "minecraft:chicken",
        "weight": 10,
        "minCount": 4,
        "maxCount": 4
      }
    ],
    "ambient": [
      {
        "type": "minecraft:bat",
        "weight": 10,
        "minCount": 8,
        "maxCount": 8
      }
    ],
    "water_creature": [],
    "water_ambient": [
      {
        "type": "minecraft:pufferfish",
        "weight": 5,
        "minCount": 1,
        "maxCount": 3
      },
      {
        "type": "minecraft:cod",
        "weight": 5,
        "minCount": 1,
        "maxCount": 5
      }
    ],
    "misc": []
  },
  "spawn_costs": {},
  "player_spawn_friendly": false,
  "precipitation": "rain",
  "temperature": 0.8,
  "downfall": 0.9,
  "category": "swamp",
  "depth": -0.15
}