{
  "scale": 0.05,
  "effects": {
    "mood_sound": {
      "sound": "minecraft:ambient.cave",
      "tick_delay": 6000,
      "block_search_extent": 8,
      "offset": 2.0
    },
    "grass_color_modifier": "swamp",
    "foliage_color": 6975545,
    "sky_color": 11842740,
    "fog_color": 13158600,
    "water_color": 6388580,
    "water_fog_color": 2302743

  },
  "surface_builder": "minecraft:swamp",
  "carvers": {
    "air": [
      "minecraft:cave"
    ]
  },
  "features": [
    [],
    [],
    [
      "wythers:swamp/hills_vegetation",
      "wythers:swamp/cypress/roots_1",
      "wythers:swamp/cypress/roots_2",
      "wythers:swamp/cypress/roots_3",
      "wythers:swamp/cypress/roots_4"
    ],
    [
      "minecraft:monster_room"
    ],
    [],
    [],
    [
      "minecraft:ore_dirt",
      "minecraft:ore_gravel",
      "minecraft:ore_granite",
      "minecraft:ore_diorite",
      "minecraft:ore_andesite",
      "minecraft:ore_coal",
      "minecraft:ore_iron",
      "minecraft:ore_gold",
      "minecraft:ore_redstone",
      "minecraft:ore_diamond",
      "minecraft:ore_lapis",
      "minecraft:disk_clay",
      "minecraft:disk_gravel"
    ],
    [],
    [
      "minecraft:patch_large_fern",
      "minecraft:patch_dead_bush",
      "minecraft:patch_grass_jungle",
      "wythers:generic/flower_lily_of_the_valley",
      "minecraft:brown_mushroom_normal",
      "minecraft:red_mushroom_normal",
      "minecraft:patch_sugar_cane",
      "minecraft:spring_water",
      "minecraft:patch_waterlilly",
      "minecraft:seagrass_swamp",
      "wythers:swamp/hills_heightmap_ore_soul_soil",
      "wythers:swamp/hills_heightmap_ore_path"
    ],
    [
      "minecraft:freeze_top_layer"
    ]
  ],
  "starts": [],
  "spawners": {
    "monster": [
      {
        "type": "minecraft:spider",
        "weight": 20,
        "minCount": 4,
        "maxCount": 4
      },
      {
        "type": "minecraft:zombie",
        "weight": 20,
        "minCount": 4,
        "maxCount": 4
      },
      {
        "type": "minecraft:zombie_villager",
        "weight": 1,
        "minCount": 1,
        "maxCount": 1
      },
      {
        "type": "minecraft:skeleton",
        "weight": 20,
        "minCount": 4,
        "maxCount": 4
      },
      {
        "type": "minecraft:creeper",
        "weight": 20,
        "minCount": 4,
        "maxCount": 4
      },
      {
        "type": "minecraft:stray",
        "weight": 100,
        "minCount": 4,
        "maxCount": 4
      },
      {
        "type": "minecraft:slime",
        "weight": 100,
        "minCount": 4,
        "maxCount": 4
      },
      {
        "type": "minecraft:enderman",
        "weight": 5,
        "minCount": 1,
        "maxCount": 4
      },
      {
        "type": "minecraft:witch",
        "weight": 5,
        "minCount": 1,
        "maxCount": 1
      }
    ],
    "creature": [
      {
        "type": "minecraft:sheep",
        "weight": 12,
        "minCount": 4,
        "maxCount": 4
      },
      {
        "type": "minecraft:pig",
        "weight": 10,
        "minCount": 4,
        "maxCount": 4
      },
      {
        "type": "minecraft:chicken",
        "weight": 10,
        "minCount": 4,
        "maxCount": 4
      },
      {
        "type": "minecraft:cow",
        "weight": 8,
        "minCount": 4,
        "maxCount": 4
      }
    ],
    "ambient": [
      {
        "type": "minecraft:bat",
        "weight": 10,
        "minCount": 8,
        "maxCount": 8
      }
    ],
    "water_creature": [],
    "water_ambient": [],
    "misc": []
  },
  "spawn_costs": {},
  "player_spawn_friendly": false,
  "precipitation": "rain",
  "temperature": 0.7,
  "downfall": 0.8,
  "category": "forest",
  "depth": -0.2
}