{
  "name": "wythers:village/jungle/town_centers",
  "fallback": "minecraft:empty",
  "elements": [
    {
      "weight": 1,
      "element": {
        "location": "wythers:village/jungle/town_centers/jungle_meeting_point_1",
        "processors": "minecraft:empty",
        "projection": "rigid",
        "element_type": "minecraft:single_pool_element"
      }
    },
    {
      "weight": 0,
      "element": {
        "location": "wythers:village/jungle/town_centers/jungle_meeting_point_2",
        "processors": "minecraft:empty",
        "projection": "rigid",
        "element_type": "minecraft:legacy_single_pool_element"
      }
    },
    {
      "weight": 0,
      "element": {
        "location": "wythers:village/jungle/town_centers/jungle_meeting_point_3",
        "processors": "minecraft:empty",
        "projection": "rigid",
        "element_type": "minecraft:legacy_single_pool_element"
      }
    },
    {
      "weight": 0,
      "element": {
        "location": "wythers:village/jungle/town_centers/jungle_meeting_point_4",
        "processors": "wythers:house_jungle",
        "projection": "rigid",
        "element_type": "minecraft:single_pool_element"
      }
    }
  ]
}