{
	"credit": "Made By BronGhast014 with Blockbench",
	"textures": {
		"0": "mobs/overgrowth",
		"1": "mobs/tree",
		"particle": "mobs/overgrowth"
	},
	"elements": [
		{
			"name": "arm",
			"from": [15, -5.5, 7],
			"to": [19, 21.5, 13],
			"faces": {
				"north": {"uv": [0, 0, 1, 7.5], "texture": "#1"},
				"east": {"uv": [0, 0, 1.5, 7.5], "texture": "#1"},
				"south": {"uv": [0, 0, 1, 7.5], "texture": "#1"},
				"west": {"uv": [0, 0, 1.5, 7.5], "texture": "#1"},
				"up": {"uv": [7, 0, 8, 1.5], "texture": "#1"},
				"down": {"uv": [5, 3.5, 4, 5], "texture": "#1"}
			}
		},
		{
			"name": "leaves",
			"from": [12.98077, 15.01745, 4.00181],
			"to": [20.98077, 23.01745, 12.00181],
			"rotation": {"angle": -22.5, "axis": "y", "origin": [16.98077, 18.01745, 7.00181]},
			"faces": {
				"north": {"uv": [8, 12, 12, 16], "texture": "#0"},
				"east": {"uv": [8, 12, 12, 16], "texture": "#0"},
				"south": {"uv": [8, 12, 12, 16], "texture": "#0"},
				"west": {"uv": [8, 12, 12, 16], "texture": "#0"},
				"up": {"uv": [8, 12, 12, 16], "texture": "#0"},
				"down": {"uv": [8, 12, 12, 16], "texture": "#0"}
			}
		}
	],
	"display": {
		"thirdperson_righthand": {
			"rotation": [90, 0, 0],
			"translation": [-5.5, 1.5, 3]
		},
		"head": {
			"translation": [0, -26.5, 0],
			"scale": [1.6, 1.6, 1.6]
		}
	},
	"groups": [
		{
			"name": "r arm",
			"children": [0, 1]
		}
	]
}