{
    "display": {
        "title": {
            "text": "Crawlers Lair"
        },
        "description": {
            "text": "Trip into the creepy lair of the spruce taiga"
        },
        "icon": {
            "item": "minecraft:cobweb"
        },
        "frame": "task",
        "show_toast": true,
        "announce_to_chat": true,
        "hidden": false
    },
    "parent": "custom:story/watcher_camp",
    "criteria": {
        "locate crawlers lair": {
            "trigger": "minecraft:impossible"
        }
    }
}
