{
    "display": {
        "title": {
            "text": "Queen Bee"
        },
        "description": {
            "text": "Hunt down the Queen Bee"
        },
        "icon": {
            "item": "minecraft:honeycomb"
        },
        "frame": "task",
        "show_toast": true,
        "announce_to_chat": true,
        "hidden": false
    },
    "parent": "custom:story/hivenest",
    "criteria": {
        "kill queen bee": {
            "trigger": "minecraft:player_killed_entity",
            "conditions": {
                "entity": {
                    "type": "minecraft:bee",
                    "nbt": "{Tags:[\"queen_bee\"]}",
                    "distance": {
                        "absolute": {
                            "min": 0,
                            "max": 64
                        }
                    }
                }
            }
        }
    }
}
