{
	"pools": [
        {
            "rolls": 3,
            "entries": [
                {
                    "type": "item",
                    "name": "minecraft:enchanted_book",
                    "weight": 5,
                    "functions": [
                        {
                         "function": "set_nbt",
                         "tag": "{StoredCustomEnchantments:[{id:\"LifePlus\",lvl:3}],display:{Lore:[\"{\\\"text\\\":\\\"Life+ III\\\",\\\"color\\\":\\\"gray\\\",\\\"italic\\\":false}\"]}}"
                        }
                    ]
                },
                {
                    "type": "item",
                    "name": "minecraft:enchanted_book",
                    "weight": 3,
                    "functions": [
                        {
                         "function": "set_nbt",
                         "tag": "{StoredCustomEnchantments:[{id:\"LifePlus\",lvl:4}],display:{Lore:[\"{\\\"text\\\":\\\"Life+ IV\\\",\\\"color\\\":\\\"gray\\\",\\\"italic\\\":false}\"]}}"
                        }
                    ]
                },
                {
                    "type": "item",
                    "name": "minecraft:enchanted_book",
                    "weight": 2,
                    "functions": [
                        {
                         "function": "set_nbt",
                         "tag": "{StoredCustomEnchantments:[{id:\"LifePlus\",lvl:5}],display:{Lore:[\"{\\\"text\\\":\\\"Life+ V\\\",\\\"color\\\":\\\"gray\\\",\\\"italic\\\":false}\"]}}"
                        }
                    ]
                },
                {
                    "type": "item",
                    "name": "minecraft:enchanted_book",
                    "weight": 3,
                    "functions": [
                        {
                         "function": "set_nbt",
                         "tag": "{StoredCustomEnchantments:[{id:\"AutoSmelt\",lvl:1}],display:{Lore:[\"{\\\"text\\\":\\\"Auto-Smelt\\\",\\\"color\\\":\\\"gray\\\",\\\"italic\\\":false}\"]}}"
                        }
                    ]
                },
                {
                    "type": "item",
                    "name": "minecraft:enchanted_book",
                    "weight": 3,
                    "functions": [
                        {
                         "function": "set_nbt",
                         "tag": "{StoredCustomEnchantments:[{id:\"LifeSteal\",lvl:1}],display:{Lore:[\"{\\\"text\\\":\\\"Life Steal\\\",\\\"color\\\":\\\"gray\\\",\\\"italic\\\":false}\"]}}"
                        }
                    ]
                },
                {
                    "type": "item",
                    "name": "minecraft:enchanted_book",
                    "weight": 3,
                    "functions": [
                        {
                         "function": "set_nbt",
                         "tag": "{StoredCustomEnchantments:[{id:\"AutoFeed\",lvl:1}],display:{Lore:[\"{\\\"text\\\":\\\"Auto-Feed\\\",\\\"color\\\":\\\"gray\\\",\\\"italic\\\":false}\"]}}"
                        }
                    ]
                },
                {
                    "type": "item",
                    "name": "minecraft:enchanted_book",
                    "weight": 3,
                    "functions": [
                        {
                         "function": "set_nbt",
                         "tag": "{StoredCustomEnchantments:[{id:\"BloodyBlade\",lvl:1}],display:{Lore:[\"{\\\"text\\\":\\\"Bloody Blade\\\",\\\"color\\\":\\\"gray\\\",\\\"italic\\\":false}\"]}}"
                        }
                    ]
                },
                {
                    "type": "item",
                    "name": "minecraft:enchanted_book",
                    "weight": 3,
                    "functions": [
                        {
                         "function": "set_nbt",
                         "tag": "{StoredCustomEnchantments:[{id:\"LastLife\",lvl:1}],display:{Lore:[\"{\\\"text\\\":\\\"Last Life\\\",\\\"color\\\":\\\"gray\\\",\\\"italic\\\":false}\"]}}"
                        }
                    ]
                },
                {
                    "type": "item",
                    "name": "minecraft:enchanted_book",
                    "weight": 3,
                    "functions": [
                        {
                         "function": "set_nbt",
                         "tag": "{StoredCustomEnchantments:[{id:\"MiningPlus\",lvl:1}],display:{Lore:[\"{\\\"text\\\":\\\"Mining+\\\",\\\"color\\\":\\\"gray\\\",\\\"italic\\\":false}\"]}}"
                        }
                    ]
                }
            ]
        }
    ]
}