{
  "scale": 0.1,
  "effects": {
    "mood_sound": {
      "sound": "minecraft:ambient.cave",
      "tick_delay": 6000,
      "block_search_extent": 8,
      "offset": 2.0
    },
    "sky_color": 8103167,
    "fog_color": 12638463,
    "water_color": 4020182,
    "water_fog_color": 329011
  },
  "surface_builder": "wythers:deep_ocean",
  "carvers": {
    "air": [
      "minecraft:ocean_cave",
      "minecraft:canyon"
    ],
    "liquid": [
      "minecraft:underwater_canyon",
      "minecraft:underwater_cave"
    ]
  },
  "features": [
    [],
    [],
    [],
    [
      "minecraft:monster_room"
    ],
    [],
    [],
    [
      "minecraft:ore_coal",
      "minecraft:ore_iron",
      "minecraft:ore_gold",
      "minecraft:ore_redstone",
      "minecraft:ore_diamond",
      "minecraft:ore_lapis",
      "wythers:generic/heightmap_ore_mossy_cobblestone",
      "wythers:generic/heightmap_ore_mossy_cobblestone"
    ],
    [],
    [
      "minecraft:seagrass_cold",
      "minecraft:seagrass_simple",
      "minecraft:kelp_cold"
    ],
    [
      "minecraft:freeze_top_layer"
    ]
  ],
  "starts": [
    "wythers:ships",
    "minecraft:mineshaft",
    "minecraft:shipwreck",
    "minecraft:ocean_ruin_cold",
    "minecraft:ruined_portal_ocean"
  ],
  "spawners": {
    "monster": [
      {
        "type": "minecraft:spider",
        "weight": 100,
        "minCount": 4,
        "maxCount": 4
      },
      {
        "type": "minecraft:zombie",
        "weight": 95,
        "minCount": 4,
        "maxCount": 4
      },
      {
        "type": "minecraft:zombie_villager",
        "weight": 5,
        "minCount": 1,
        "maxCount": 1
      },
      {
        "type": "minecraft:skeleton",
        "weight": 100,
        "minCount": 4,
        "maxCount": 4
      },
      {
        "type": "minecraft:creeper",
        "weight": 100,
        "minCount": 4,
        "maxCount": 4
      },
      {
        "type": "minecraft:slime",
        "weight": 100,
        "minCount": 4,
        "maxCount": 4
      },
      {
        "type": "minecraft:enderman",
        "weight": 10,
        "minCount": 1,
        "maxCount": 4
      },
      {
        "type": "minecraft:witch",
        "weight": 5,
        "minCount": 1,
        "maxCount": 1
      },
      {
        "type": "minecraft:drowned",
        "weight": 5,
        "minCount": 1,
        "maxCount": 1
      }
    ],
    "creature": [],
    "ambient": [
      {
        "type": "minecraft:bat",
        "weight": 10,
        "minCount": 8,
        "maxCount": 8
      }
    ],
    "water_creature": [
      {
        "type": "minecraft:squid",
        "weight": 3,
        "minCount": 1,
        "maxCount": 4
      }
    ],
    "water_ambient": [
      {
        "type": "minecraft:cod",
        "weight": 15,
        "minCount": 3,
        "maxCount": 6
      },
      {
        "type": "minecraft:salmon",
        "weight": 15,
        "minCount": 1,
        "maxCount": 5
      }
    ],
    "misc": []
  },
  "spawn_costs": {},
  "player_spawn_friendly": false,
  "precipitation": "rain",
  "temperature": 0.5,
  "downfall": 0.5,
  "category": "ocean",
  "depth": -1.0
}