{
  "scale": 0.0,
  "effects": {
    "mood_sound": {
      "sound": "minecraft:ambient.cave",
      "tick_delay": 6000,
      "block_search_extent": 8,
      "offset": 2.0
    },
    "grass_color_modifier": "dark_forest",
    "sky_color": 7842047,
    "fog_color": 12638463,
    "water_color": 3156992,
    "water_fog_color": 2302743
  },
  "surface_builder": "wythers:jungle",
  "carvers": {
    "air": [
      "minecraft:ocean_cave"
    ],
    "liquid": [
      "minecraft:underwater_cave"
    ]
  },
  "features": [
    [
      "wythers:underground_rivers/carver/0",
      "wythers:underground_rivers/carver/1",
      "wythers:underground_rivers/carver/2",
      "wythers:underground_rivers/carver/3",
      "wythers:underground_rivers/carver/4",
      "wythers:underground_rivers/carver/5",
      "wythers:underground_rivers/carver/6",
      "wythers:underground_rivers/carver/7"
    ],
    [
      "wythers:underground_rivers/surface/grass",
	  "wythers:underground_rivers/surface/dirt",
	  "wythers:jungle/cnb_rainforest_vegetation"
    ],
    [
      "wythers:underground_rivers/decoration/seagrass"
    ],
    [
      "minecraft:monster_room"
    ],
    [],
    [],
    [
      "minecraft:ore_dirt",
      "minecraft:ore_gravel",
      "minecraft:ore_granite",
      "minecraft:ore_diorite",
      "minecraft:ore_andesite",
      "minecraft:ore_coal",
      "minecraft:ore_iron",
      "minecraft:ore_gold",
      "minecraft:ore_redstone",
      "minecraft:ore_diamond",
      "minecraft:ore_lapis",
      "minecraft:disk_sand",
      "minecraft:disk_clay",
      "minecraft:disk_gravel",
      "wythers:jungle/cnb_heightmap_ore_sand",
      "wythers:jungle/cnb_disk_sand"
    ],
    [],
    [
      "wythers:generic/flower_lily_of_the_valley",
      "wythers:jungle/cnb_sandy_vegetation",
      "wythers:jungle/groundcover_tall",
      "wythers:jungle/groundcover_short",
      "minecraft:bamboo",
      "minecraft:patch_dead_bush",
      "minecraft:patch_waterlilly",
      "minecraft:brown_mushroom_normal",
      "minecraft:red_mushroom_normal",
      "minecraft:patch_sugar_cane",
      "minecraft:patch_melon",
      "minecraft:spring_water",
      "minecraft:vines",
      "wythers:jungle/rainforest_simple_block_branch_soil",
      "wythers:jungle/simple_block_blue_orchid",
      "wythers:generic/patch_stones_south_1",
      "wythers:generic/patch_stones_east_1",
      "minecraft:seagrass_swamp",
      "wythers:underground_rivers/carver/8",
      "wythers:underground_rivers/carver/9",
      "wythers:underground_rivers/carver/10",
      "wythers:underground_rivers/carver/11"
    ],
    [
      "minecraft:freeze_top_layer"
    ]
  ],
  "starts": [
    "wythers:village_jungle",
    "minecraft:jungle_pyramid",
    "minecraft:mineshaft",
    "minecraft:stronghold",
    "minecraft:ruined_portal_jungle"
  ],
  "spawners": {
    "monster": [
      {
        "type": "minecraft:spider",
        "weight": 100,
        "minCount": 4,
        "maxCount": 4
      },
      {
        "type": "minecraft:zombie",
        "weight": 100,
        "minCount": 4,
        "maxCount": 4
      },
      {
        "type": "minecraft:zombie_villager",
        "weight": 5,
        "minCount": 1,
        "maxCount": 1
      },
      {
        "type": "minecraft:skeleton",
        "weight": 100,
        "minCount": 4,
        "maxCount": 4
      },
      {
        "type": "minecraft:creeper",
        "weight": 100,
        "minCount": 4,
        "maxCount": 4
      },
      {
        "type": "minecraft:slime",
        "weight": 100,
        "minCount": 4,
        "maxCount": 4
      },
      {
        "type": "minecraft:enderman",
        "weight": 10,
        "minCount": 1,
        "maxCount": 4
      },
      {
        "type": "minecraft:witch",
        "weight": 10,
        "minCount": 1,
        "maxCount": 1
      },
      {
        "type": "minecraft:ocelot",
        "weight": 4,
        "minCount": 1,
        "maxCount": 3
      }
    ],
    "creature": [
      {
        "type": "minecraft:pig",
        "weight": 20,
        "minCount": 4,
        "maxCount": 4
      },
      {
        "type": "minecraft:hoglin",
        "weight": 20,
        "minCount": 4,
        "maxCount": 4
      },
      {
        "type": "minecraft:chicken",
        "weight": 100,
        "minCount": 4,
        "maxCount": 4
      },
      {
        "type": "minecraft:parrot",
        "weight": 100,
        "minCount": 4,
        "maxCount": 6      }
    ],
    "ambient": [
      {
        "type": "minecraft:bat",
        "weight": 10,
        "minCount": 8,
        "maxCount": 8
      }
    ],
    "water_creature": [
      {
        "type": "minecraft:dolphin",
        "weight": 1,
        "minCount": 1,
        "maxCount": 2
      }
    ],
    "water_ambient": [
      {
        "type": "minecraft:pufferfish",
        "weight": 15,
        "minCount": 1,
        "maxCount": 3
      },
      {
        "type": "minecraft:tropical_fish",
        "weight": 25,
        "minCount": 8,
        "maxCount": 8
      }
    ],
    "misc": []
  },
  "spawn_costs": {
    "minecraft:dolphin": {
      "energy_budget": 0.18,
      "charge": 1.0
    }
  },
  "player_spawn_friendly": true,
  "precipitation": "rain",
  "temperature": 0.7,
  "downfall": 0.8,
  "category": "jungle",
  "depth": -0.05
}