{
	"credit": "Made By BronGhast014 with Blockbench",
	"textures": {
		"0": "mobs/druid",
		"particle": "mobs/druid"
	},
	"elements": [
		{
			"name": "hood",
			"from": [3.9, 23.8, 2],
			"to": [12.1, 32, 10],
			"faces": {
				"north": {"uv": [8, 8, 12, 12], "texture": "#0"},
				"east": {"uv": [12, 12, 16, 16], "texture": "#0"},
				"south": {"uv": [12, 12, 16, 16], "texture": "#0"},
				"west": {"uv": [12, 12, 16, 16], "texture": "#0"},
				"up": {"uv": [12, 8, 16, 12], "texture": "#0"},
				"down": {"uv": [8, 12, 12, 16], "rotation": 180, "texture": "#0"}
			}
		},
		{
			"name": "head",
			"from": [4.25, 31, 2.35],
			"to": [11.75, 31.9, 9.65],
			"faces": {
				"north": {"uv": [4, 4.5, 7.5, 5.3], "texture": "#0"},
				"east": {"uv": [4, 4.5, 7.5, 5.3], "texture": "#0"},
				"south": {"uv": [4, 4.5, 7.5, 5.3], "texture": "#0"},
				"west": {"uv": [4, 4.5, 7.5, 5.3], "texture": "#0"},
				"up": {"uv": [4, 2, 7.5, 5.3], "texture": "#0"},
				"down": {"uv": [4, 2, 7.5, 5.3], "texture": "#0"}
			}
		},
		{
			"name": "head",
			"from": [4, 24, 2.1],
			"to": [12, 30.9, 9.9],
			"faces": {
				"north": {"uv": [1.5, 0.5, 2.5, 1.5], "texture": "#0"},
				"east": {"uv": [1.5, 0.5, 2.5, 1.5], "texture": "#0"},
				"south": {"uv": [1.5, 0.5, 2.5, 1.5], "texture": "#0"},
				"west": {"uv": [1.5, 0.5, 2.5, 1.5], "texture": "#0"},
				"up": {"uv": [4, 1.5, 8, 5.5], "texture": "#0"},
				"down": {"uv": [1.5, 0.5, 2.5, 1.5], "texture": "#0"}
			}
		}
	],
	"display": {
		"thirdperson_righthand": {
			"rotation": [90, 0, 0],
			"translation": [-6, -4, -4]
		},
		"thirdperson_lefthand": {
			"rotation": [90, 0, 0],
			"translation": [-6, -4, -4]
		},
		"gui": {
			"rotation": [15, -133, 0],
			"translation": [-1.25, -19, 0]
		},
		"head": {
			"translation": [0, -32, 3.5],
			"scale": [1.6, 1.6, 1.6]
		},
		"fixed": {
			"rotation": [-11, 33, 0],
			"translation": [1.5, -19.5, 0]
		}
	}
}