{
	"credit": "Made By BronGhast014 with Blockbench",
	"textures": {
		"0": "mobs/animations/jungle_creeper_fuse",
		"1": "mobs/overgrowth",
		"1_0": "mobs/animations/jungle_creeper_fuse",
		"1_1": "mobs/overgrowth",
		"particle": "mobs/overgrowth"
	},
	"elements": [
		{
			"name": "body",
			"from": [4, 6, 6],
			"to": [12, 18, 10],
			"faces": {
				"north": {"uv": [2, 10, 6, 16], "texture": "#0"},
				"east": {"uv": [0, 10, 2, 16], "texture": "#0"},
				"south": {"uv": [6, 10, 10, 16], "texture": "#0"},
				"west": {"uv": [10, 10, 12, 16], "texture": "#0"},
				"up": {"uv": [0, 8, 4, 10], "texture": "#0"},
				"down": {"uv": [4, 8, 8, 10], "texture": "#0"}
			}
		},
		{
			"name": "R f leg",
			"from": [4, 0, 2],
			"to": [8, 6, 6],
			"faces": {
				"north": {"uv": [12, 0, 14, 3], "texture": "#0"},
				"east": {"uv": [12, 3, 14, 6], "texture": "#0"},
				"south": {"uv": [14, 3, 16, 6], "texture": "#0"},
				"west": {"uv": [14, 0, 16, 3], "texture": "#0"},
				"up": {"uv": [12, 6, 14, 8], "texture": "#0"},
				"down": {"uv": [14, 6, 16, 8], "texture": "#0"}
			}
		},
		{
			"name": "Left f leg",
			"from": [8, 0, 2],
			"to": [12, 6, 6],
			"faces": {
				"north": {"uv": [12, 0, 14, 3], "texture": "#0"},
				"east": {"uv": [12, 3, 14, 6], "texture": "#0"},
				"south": {"uv": [14, 3, 16, 6], "texture": "#0"},
				"west": {"uv": [14, 0, 16, 3], "texture": "#0"},
				"up": {"uv": [12, 6, 14, 8], "texture": "#0"},
				"down": {"uv": [14, 6, 16, 8], "texture": "#0"}
			}
		},
		{
			"name": "Right b leg",
			"from": [4, 0, 10],
			"to": [8, 6, 14],
			"faces": {
				"north": {"uv": [12, 0, 14, 3], "texture": "#0"},
				"east": {"uv": [12, 3, 14, 6], "texture": "#0"},
				"south": {"uv": [14, 3, 16, 6], "texture": "#0"},
				"west": {"uv": [14, 0, 16, 3], "texture": "#0"},
				"up": {"uv": [12, 6, 14, 8], "texture": "#0"},
				"down": {"uv": [14, 6, 16, 8], "texture": "#0"}
			}
		},
		{
			"name": "Left b leg",
			"from": [8, 0, 10],
			"to": [12, 6, 14],
			"faces": {
				"north": {"uv": [12, 0, 14, 3], "texture": "#0"},
				"east": {"uv": [12, 3, 14, 6], "texture": "#0"},
				"south": {"uv": [14, 3, 16, 6], "texture": "#0"},
				"west": {"uv": [14, 0, 16, 3], "texture": "#0"},
				"up": {"uv": [12, 6, 14, 8], "texture": "#0"},
				"down": {"uv": [14, 6, 16, 8], "texture": "#0"}
			}
		},
		{
			"name": "m",
			"from": [1, 7, 8],
			"to": [5, 11, 8],
			"rotation": {"angle": -45, "axis": "z", "origin": [4, 9, 8]},
			"faces": {
				"north": {"uv": [12, 2, 10, 0], "rotation": 270, "texture": "#1"},
				"east": {"uv": [12, 0, 10, 2], "rotation": 270, "texture": "#1"},
				"south": {"uv": [12, 0, 10, 2], "rotation": 270, "texture": "#1"},
				"west": {"uv": [12, 0, 10, 2], "rotation": 270, "texture": "#1"},
				"up": {"uv": [12, 0, 10, 2], "rotation": 270, "texture": "#1"},
				"down": {"uv": [12, 0, 10, 2], "rotation": 270, "texture": "#1"}
			}
		},
		{
			"name": "m",
			"from": [1, 9, 6],
			"to": [5, 9, 10],
			"rotation": {"angle": -45, "axis": "z", "origin": [4, 9, 8]},
			"faces": {
				"north": {"uv": [12, 0, 10, 2], "rotation": 270, "texture": "#1"},
				"east": {"uv": [12, 0, 10, 2], "rotation": 270, "texture": "#1"},
				"south": {"uv": [12, 0, 10, 2], "rotation": 270, "texture": "#1"},
				"west": {"uv": [12, 0, 10, 2], "rotation": 270, "texture": "#1"},
				"up": {"uv": [12, 0, 10, 2], "rotation": 270, "texture": "#1"},
				"down": {"uv": [12, 0, 10, 2], "rotation": 270, "texture": "#1"}
			}
		},
		{
			"name": "grass",
			"from": [1, 2, 5],
			"to": [1, 10, 13],
			"rotation": {"angle": -45, "axis": "z", "origin": [12, -6, 10]},
			"faces": {
				"north": {"uv": [8.25, 4.25, 11.75, 7.75], "texture": "#1"},
				"east": {"uv": [8.25, 4.25, 11.75, 7.75], "texture": "#1"},
				"south": {"uv": [11.75, 4.25, 8.25, 7.75], "texture": "#1"},
				"west": {"uv": [8.25, 4.25, 11.75, 7.75], "texture": "#1"},
				"up": {"uv": [8.25, 4.25, 11.75, 7.75], "rotation": 270, "texture": "#1"},
				"down": {"uv": [8.25, 4.25, 11.75, 7.75], "rotation": 90, "texture": "#1"}
			}
		},
		{
			"name": "grass",
			"from": [-3, 2, 9],
			"to": [5, 10, 9],
			"rotation": {"angle": -45, "axis": "z", "origin": [12, -6, 10]},
			"faces": {
				"north": {"uv": [8.25, 4.25, 11.75, 7.75], "texture": "#1"},
				"east": {"uv": [8.25, 4.25, 11.75, 7.75], "texture": "#1"},
				"south": {"uv": [11.75, 4.25, 8.25, 7.75], "texture": "#1"},
				"west": {"uv": [8.25, 4.25, 11.75, 7.75], "texture": "#1"},
				"up": {"uv": [8.25, 4.25, 11.75, 7.75], "texture": "#1"},
				"down": {"uv": [8.25, 4.25, 11.75, 7.75], "texture": "#1"}
			}
		},
		{
			"name": "head",
			"from": [4, 18.1, 4],
			"to": [12, 26.1, 12],
			"faces": {
				"north": {"uv": [12, 12, 16, 16], "texture": "#1_0"},
				"east": {"uv": [12, 8, 16, 12], "texture": "#1_0"},
				"south": {"uv": [12, 8, 16, 12], "texture": "#1_0"},
				"west": {"uv": [12, 8, 16, 12], "texture": "#1_0"},
				"up": {"uv": [12, 8, 16, 12], "texture": "#1_0"},
				"down": {"uv": [12, 8, 16, 12], "texture": "#1_0"}
			}
		},
		{
			"name": "skull",
			"from": [3.9, 18, 3.9],
			"to": [12.1, 26.2, 12.1],
			"faces": {
				"north": {"uv": [4, 4, 8, 8], "texture": "#1_0"},
				"east": {"uv": [0, 4, 4, 8], "texture": "#1_0"},
				"south": {"uv": [8, 0, 12, 4], "texture": "#1_0"},
				"west": {"uv": [8, 4, 12, 8], "texture": "#1_0"},
				"up": {"uv": [4, 0, 8, 4], "texture": "#1_0"},
				"down": {"uv": [0, 0, 4, 4], "texture": "#1_0"}
			}
		},
		{
			"name": "grass",
			"from": [10, 23, 5],
			"to": [10, 31, 13],
			"faces": {
				"north": {"uv": [8.25, 4.25, 11.75, 7.75], "texture": "#1_1"},
				"east": {"uv": [8.25, 4.25, 11.75, 7.75], "texture": "#1_1"},
				"south": {"uv": [11.75, 4.25, 8.25, 7.75], "texture": "#1_1"},
				"west": {"uv": [8.25, 4.25, 11.75, 7.75], "texture": "#1_1"},
				"up": {"uv": [8.25, 4.25, 11.75, 7.75], "rotation": 270, "texture": "#1_1"},
				"down": {"uv": [8.25, 4.25, 11.75, 7.75], "rotation": 90, "texture": "#1_1"}
			}
		},
		{
			"name": "grass",
			"from": [2, 24, 7],
			"to": [10, 32, 7],
			"faces": {
				"north": {"uv": [8.25, 4.25, 11.75, 7.75], "texture": "#1_1"},
				"east": {"uv": [8.25, 4.25, 11.75, 7.75], "texture": "#1_1"},
				"south": {"uv": [11.75, 4.25, 8.25, 7.75], "texture": "#1_1"},
				"west": {"uv": [8.25, 4.25, 11.75, 7.75], "texture": "#1_1"},
				"up": {"uv": [8.25, 4.25, 11.75, 7.75], "texture": "#1_1"},
				"down": {"uv": [8.25, 4.25, 11.75, 7.75], "texture": "#1_1"}
			}
		},
		{
			"name": "grass",
			"from": [6, 24, 3],
			"to": [6, 32, 11],
			"faces": {
				"north": {"uv": [8.25, 4.25, 11.75, 7.75], "texture": "#1_1"},
				"east": {"uv": [8.25, 4.25, 11.75, 7.75], "texture": "#1_1"},
				"south": {"uv": [11.75, 4.25, 8.25, 7.75], "texture": "#1_1"},
				"west": {"uv": [8.25, 4.25, 11.75, 7.75], "texture": "#1_1"},
				"up": {"uv": [8.25, 4.25, 11.75, 7.75], "rotation": 270, "texture": "#1_1"},
				"down": {"uv": [8.25, 4.25, 11.75, 7.75], "rotation": 90, "texture": "#1_1"}
			}
		},
		{
			"name": "grass",
			"from": [6, 23, 9],
			"to": [14, 31, 9],
			"faces": {
				"north": {"uv": [8.25, 4.25, 11.75, 7.75], "texture": "#1_1"},
				"east": {"uv": [8.25, 4.25, 11.75, 7.75], "texture": "#1_1"},
				"south": {"uv": [11.75, 4.25, 8.25, 7.75], "texture": "#1_1"},
				"west": {"uv": [8.25, 4.25, 11.75, 7.75], "texture": "#1_1"},
				"up": {"uv": [8.25, 4.25, 11.75, 7.75], "texture": "#1_1"},
				"down": {"uv": [8.25, 4.25, 11.75, 7.75], "texture": "#1_1"}
			}
		},
		{
			"name": "m",
			"from": [4, 26, 11],
			"to": [8, 30, 11],
			"faces": {
				"north": {"uv": [10, 0, 8, 2], "texture": "#1_1"},
				"east": {"uv": [10, 0, 8, 2], "texture": "#1_1"},
				"south": {"uv": [10, 0, 8, 2], "texture": "#1_1"},
				"west": {"uv": [10, 0, 8, 2], "texture": "#1_1"},
				"up": {"uv": [10, 0, 8, 2], "texture": "#1_1"},
				"down": {"uv": [10, 0, 8, 2], "texture": "#1_1"}
			}
		},
		{
			"name": "m",
			"from": [6, 26, 9],
			"to": [6, 30, 13],
			"faces": {
				"north": {"uv": [10, 0, 8, 2], "texture": "#1_1"},
				"east": {"uv": [10, 0, 8, 2], "texture": "#1_1"},
				"south": {"uv": [10, 0, 8, 2], "texture": "#1_1"},
				"west": {"uv": [10, 0, 8, 2], "texture": "#1_1"},
				"up": {"uv": [10, 0, 8, 2], "texture": "#1_1"},
				"down": {"uv": [10, 0, 8, 2], "texture": "#1_1"}
			}
		}
	],
	"display": {
		"head": {
			"translation": [0, -34.1, 0],
			"scale": [1.5, 1.5, 1.5]
		}
	},
	"groups": [
		{
			"name": "body",
			"origin": [8, 8, 8],
			"children": [0, 1, 2, 3, 4, 5, 6, 7, 8]
		},
		{
			"name": "fuse_head",
			"origin": [8, 8, 8],
			"children": [
				{
					"name": "head",
					"origin": [8, 8, 8],
					"children": [9, 10, 11, 12, 13, 14, 15, 16]
				}
			]
		}
	]
}