{
    "credit": "Made By BronGhast014 with Blockbench", 
    "textures": {
		"0": "mobs/jungle_creeper",
		"1": "mobs/overgrowth",
        "main": "mobs/animations/jungle_creeper"
    }, 
    "elements": [
        {
            "name": "body", 
            "from": [ 4, 6, 6 ], 
            "to":   [ 12, 18, 10 ], 
            "faces": {
                "north": { "uv": [ 0.25, 1.25, 0.75, 2 ], "texture": "#main" }, 
                "east":  { "uv": [ 0, 1.25, 0.25, 2 ], "texture": "#main" }, 
                "south": { "uv": [ 0.75, 1.25, 1.25, 2 ], "texture": "#main" }, 
                "west":  { "uv": [ 1.25, 1.25, 1.5, 2 ], "texture": "#main" }, 
                "up":    { "uv": [ 0, 1, 0.5, 1.25 ], "texture": "#main" }, 
                "down":  { "uv": [ 0.5, 1, 1, 1.25 ], "texture": "#main" }
            }
        }, 
        {
            "name": "R f leg", 
            "from": [ 4, 0, 2 ], 
            "to":   [ 8, 6, 6 ], 
            "rotation": { "angle": -22.5, "axis": "x", "origin": [8, 6, 6] }, 
            "faces": {
                "north": { "uv": [ 1.5, 0, 1.75, 0.375 ], "texture": "#main" }, 
                "east":  { "uv": [ 1.5, 0.375, 1.75, 0.75 ], "texture": "#main" }, 
                "south": { "uv": [ 1.75, 0.375, 2, 0.75 ], "texture": "#main" }, 
                "west":  { "uv": [ 1.75, 0, 2, 0.375 ], "texture": "#main" }, 
                "up":    { "uv": [ 1.5, 0.75, 1.75, 1 ], "texture": "#main" }, 
                "down":  { "uv": [ 1.75, 0.75, 2, 1 ], "texture": "#main" }
            }
        }, 
        {
            "name": "Left f leg", 
            "from": [ 8, 0, 2 ], 
            "to":   [ 12, 6, 6 ], 
            "rotation": { "angle": 22.5, "axis": "x", "origin": [8, 6, 6] }, 
            "faces": {
                "north": { "uv": [ 1.5, 0, 1.75, 0.375 ], "texture": "#main" }, 
                "east":  { "uv": [ 1.5, 0.375, 1.75, 0.75 ], "texture": "#main" }, 
                "south": { "uv": [ 1.75, 0.375, 2, 0.75 ], "texture": "#main" }, 
                "west":  { "uv": [ 1.75, 0, 2, 0.375 ], "texture": "#main" }, 
                "up":    { "uv": [ 1.5, 0.75, 1.75, 1 ], "texture": "#main" }, 
                "down":  { "uv": [ 1.75, 0.75, 2, 1 ], "texture": "#main" }
            }
        }, 
        {
            "name": "Right b leg", 
            "from": [ 4, 0, 10 ], 
            "to":   [ 8, 6, 14 ], 
            "rotation": { "angle": -22.5, "axis": "x", "origin": [8, 6, 10] }, 
            "faces": {
                "north": { "uv": [ 1.5, 0, 1.75, 0.375 ], "texture": "#main" }, 
                "east":  { "uv": [ 1.5, 0.375, 1.75, 0.75 ], "texture": "#main" }, 
                "south": { "uv": [ 1.75, 0.375, 2, 0.75 ], "texture": "#main" }, 
                "west":  { "uv": [ 1.75, 0, 2, 0.375 ], "texture": "#main" }, 
                "up":    { "uv": [ 1.5, 0.75, 1.75, 1 ], "texture": "#main" }, 
                "down":  { "uv": [ 1.75, 0.75, 2, 1 ], "texture": "#main" }
            }
        }, 
        {
            "name": "Left b leg", 
            "from": [ 8, 0, 10 ], 
            "to":   [ 12, 6, 14 ], 
            "rotation": { "angle": 22.5, "axis": "x", "origin": [8, 6, 10] }, 
            "faces": {
                "north": { "uv": [ 1.5, 0, 1.75, 0.375 ], "texture": "#main" }, 
                "east":  { "uv": [ 1.5, 0.375, 1.75, 0.75 ], "texture": "#main" }, 
                "south": { "uv": [ 1.75, 0.375, 2, 0.75 ], "texture": "#main" }, 
                "west":  { "uv": [ 1.75, 0, 2, 0.375 ], "texture": "#main" }, 
                "up":    { "uv": [ 1.5, 0.75, 1.75, 1 ], "texture": "#main" }, 
                "down":  { "uv": [ 1.75, 0.75, 2, 1 ], "texture": "#main" }
            }
        }, 
        {
            "name": "m", 
            "from": [ 1, 7, 8 ], 
            "to":   [ 5, 11, 8 ], 
            "rotation": { "angle": -45, "axis": "z", "origin": [4, 9, 8] }, 
            "faces": {
                "north": { "uv": [ 7, 0.5, 6.5, 0 ], "rotation":270, "texture": "#main" }, 
                "east":  { "uv": [ 7, 0, 6.5, 0.5 ], "rotation":270, "texture": "#main" }, 
                "south": { "uv": [ 7, 0, 6.5, 0.5 ], "rotation":270, "texture": "#main" }, 
                "west":  { "uv": [ 7, 0, 6.5, 0.5 ], "rotation":270, "texture": "#main" }, 
                "up":    { "uv": [ 7, 0, 6.5, 0.5 ], "rotation":270, "texture": "#main" }, 
                "down":  { "uv": [ 7, 0, 6.5, 0.5 ], "rotation":270, "texture": "#main" }
            }
        }, 
        {
            "name": "m", 
            "from": [ 1, 9, 6 ], 
            "to":   [ 5, 9, 10 ], 
            "rotation": { "angle": -45, "axis": "z", "origin": [4, 9, 8] }, 
            "faces": {
                "north": { "uv": [ 7, 0, 6.5, 0.5 ], "rotation":270, "texture": "#main" }, 
                "east":  { "uv": [ 7, 0, 6.5, 0.5 ], "rotation":270, "texture": "#main" }, 
                "south": { "uv": [ 7, 0, 6.5, 0.5 ], "rotation":270, "texture": "#main" }, 
                "west":  { "uv": [ 7, 0, 6.5, 0.5 ], "rotation":270, "texture": "#main" }, 
                "up":    { "uv": [ 7, 0, 6.5, 0.5 ], "rotation":270, "texture": "#main" }, 
                "down":  { "uv": [ 7, 0, 6.5, 0.5 ], "rotation":270, "texture": "#main" }
            }
        }, 
        {
            "name": "grass", 
            "from": [ 1, 2, 5 ], 
            "to":   [ 1, 10, 13 ], 
            "rotation": { "angle": -45, "axis": "z", "origin": [12, -6, 10] }, 
            "faces": {
                "north": { "uv": [ 6.0625, 1.0625, 6.9375, 1.9375 ], "texture": "#main" }, 
                "east":  { "uv": [ 6.0625, 1.0625, 6.9375, 1.9375 ], "texture": "#main" }, 
                "south": { "uv": [ 6.9375, 1.0625, 6.0625, 1.9375 ], "texture": "#main" }, 
                "west":  { "uv": [ 6.0625, 1.0625, 6.9375, 1.9375 ], "texture": "#main" }, 
                "up":    { "uv": [ 6.0625, 1.0625, 6.9375, 1.9375 ], "rotation":270, "texture": "#main" }, 
                "down":  { "uv": [ 6.0625, 1.0625, 6.9375, 1.9375 ], "rotation":90, "texture": "#main" }
            }
        }, 
        {
            "name": "grass", 
            "from": [ -3, 2, 9 ], 
            "to":   [ 5, 10, 9 ], 
            "rotation": { "angle": -45, "axis": "z", "origin": [12, -6, 10] }, 
            "faces": {
                "north": { "uv": [ 6.0625, 1.0625, 6.9375, 1.9375 ], "texture": "#main" }, 
                "east":  { "uv": [ 6.0625, 1.0625, 6.9375, 1.9375 ], "texture": "#main" }, 
                "south": { "uv": [ 6.9375, 1.0625, 6.0625, 1.9375 ], "texture": "#main" }, 
                "west":  { "uv": [ 6.0625, 1.0625, 6.9375, 1.9375 ], "texture": "#main" }, 
                "up":    { "uv": [ 6.0625, 1.0625, 6.9375, 1.9375 ], "texture": "#main" }, 
                "down":  { "uv": [ 6.0625, 1.0625, 6.9375, 1.9375 ], "texture": "#main" }
            }
        }, 
        {
            "name": "body", 
            "from": [ 4, 6, 6 ], 
            "to":   [ 12, 18, 10 ], 
            "faces": {
                "north": { "uv": [ 8.25, 1.25, 8.75, 2 ], "texture": "#main" }, 
                "east":  { "uv": [ 8, 1.25, 8.25, 2 ], "texture": "#main" }, 
                "south": { "uv": [ 8.75, 1.25, 9.25, 2 ], "texture": "#main" }, 
                "west":  { "uv": [ 9.25, 1.25, 9.5, 2 ], "texture": "#main" }, 
                "up":    { "uv": [ 8, 1, 8.5, 1.25 ], "texture": "#main" }, 
                "down":  { "uv": [ 8.5, 1, 9, 1.25 ], "texture": "#main" }
            }
        }, 
        {
            "name": "R f leg", 
            "from": [ 4, 0, 2 ], 
            "to":   [ 8, 6, 6 ], 
            "faces": {
                "north": { "uv": [ 9.5, 0, 9.75, 0.375 ], "texture": "#main" }, 
                "east":  { "uv": [ 9.5, 0.375, 9.75, 0.75 ], "texture": "#main" }, 
                "south": { "uv": [ 9.75, 0.375, 10, 0.75 ], "texture": "#main" }, 
                "west":  { "uv": [ 9.75, 0, 10, 0.375 ], "texture": "#main" }, 
                "up":    { "uv": [ 9.5, 0.75, 9.75, 1 ], "texture": "#main" }, 
                "down":  { "uv": [ 9.75, 0.75, 10, 1 ], "texture": "#main" }
            }
        }, 
        {
            "name": "Left f leg", 
            "from": [ 8, 0, 2 ], 
            "to":   [ 12, 6, 6 ], 
            "faces": {
                "north": { "uv": [ 9.5, 0, 9.75, 0.375 ], "texture": "#main" }, 
                "east":  { "uv": [ 9.5, 0.375, 9.75, 0.75 ], "texture": "#main" }, 
                "south": { "uv": [ 9.75, 0.375, 10, 0.75 ], "texture": "#main" }, 
                "west":  { "uv": [ 9.75, 0, 10, 0.375 ], "texture": "#main" }, 
                "up":    { "uv": [ 9.5, 0.75, 9.75, 1 ], "texture": "#main" }, 
                "down":  { "uv": [ 9.75, 0.75, 10, 1 ], "texture": "#main" }
            }
        }, 
        {
            "name": "Right b leg", 
            "from": [ 4, 0, 10 ], 
            "to":   [ 8, 6, 14 ], 
            "faces": {
                "north": { "uv": [ 9.5, 0, 9.75, 0.375 ], "texture": "#main" }, 
                "east":  { "uv": [ 9.5, 0.375, 9.75, 0.75 ], "texture": "#main" }, 
                "south": { "uv": [ 9.75, 0.375, 10, 0.75 ], "texture": "#main" }, 
                "west":  { "uv": [ 9.75, 0, 10, 0.375 ], "texture": "#main" }, 
                "up":    { "uv": [ 9.5, 0.75, 9.75, 1 ], "texture": "#main" }, 
                "down":  { "uv": [ 9.75, 0.75, 10, 1 ], "texture": "#main" }
            }
        }, 
        {
            "name": "Left b leg", 
            "from": [ 8, 0, 10 ], 
            "to":   [ 12, 6, 14 ], 
            "faces": {
                "north": { "uv": [ 9.5, 0, 9.75, 0.375 ], "texture": "#main" }, 
                "east":  { "uv": [ 9.5, 0.375, 9.75, 0.75 ], "texture": "#main" }, 
                "south": { "uv": [ 9.75, 0.375, 10, 0.75 ], "texture": "#main" }, 
                "west":  { "uv": [ 9.75, 0, 10, 0.375 ], "texture": "#main" }, 
                "up":    { "uv": [ 9.5, 0.75, 9.75, 1 ], "texture": "#main" }, 
                "down":  { "uv": [ 9.75, 0.75, 10, 1 ], "texture": "#main" }
            }
        }, 
        {
            "name": "m", 
            "from": [ 1, 7, 8 ], 
            "to":   [ 5, 11, 8 ], 
            "rotation": { "angle": -45, "axis": "z", "origin": [4, 9, 8] }, 
            "faces": {
                "north": { "uv": [ 15, 0.5, 14.5, 0 ], "rotation":270, "texture": "#main" }, 
                "east":  { "uv": [ 15, 0, 14.5, 0.5 ], "rotation":270, "texture": "#main" }, 
                "south": { "uv": [ 15, 0, 14.5, 0.5 ], "rotation":270, "texture": "#main" }, 
                "west":  { "uv": [ 15, 0, 14.5, 0.5 ], "rotation":270, "texture": "#main" }, 
                "up":    { "uv": [ 15, 0, 14.5, 0.5 ], "rotation":270, "texture": "#main" }, 
                "down":  { "uv": [ 15, 0, 14.5, 0.5 ], "rotation":270, "texture": "#main" }
            }
        }, 
        {
            "name": "m", 
            "from": [ 1, 9, 6 ], 
            "to":   [ 5, 9, 10 ], 
            "rotation": { "angle": -45, "axis": "z", "origin": [4, 9, 8] }, 
            "faces": {
                "north": { "uv": [ 15, 0, 14.5, 0.5 ], "rotation":270, "texture": "#main" }, 
                "east":  { "uv": [ 15, 0, 14.5, 0.5 ], "rotation":270, "texture": "#main" }, 
                "south": { "uv": [ 15, 0, 14.5, 0.5 ], "rotation":270, "texture": "#main" }, 
                "west":  { "uv": [ 15, 0, 14.5, 0.5 ], "rotation":270, "texture": "#main" }, 
                "up":    { "uv": [ 15, 0, 14.5, 0.5 ], "rotation":270, "texture": "#main" }, 
                "down":  { "uv": [ 15, 0, 14.5, 0.5 ], "rotation":270, "texture": "#main" }
            }
        }, 
        {
            "name": "grass", 
            "from": [ 1, 2, 5 ], 
            "to":   [ 1, 10, 13 ], 
            "rotation": { "angle": -45, "axis": "z", "origin": [12, -6, 10] }, 
            "faces": {
                "north": { "uv": [ 14.0625, 1.0625, 14.9375, 1.9375 ], "texture": "#main" }, 
                "east":  { "uv": [ 14.0625, 1.0625, 14.9375, 1.9375 ], "texture": "#main" }, 
                "south": { "uv": [ 14.9375, 1.0625, 14.0625, 1.9375 ], "texture": "#main" }, 
                "west":  { "uv": [ 14.0625, 1.0625, 14.9375, 1.9375 ], "texture": "#main" }, 
                "up":    { "uv": [ 14.0625, 1.0625, 14.9375, 1.9375 ], "rotation":270, "texture": "#main" }, 
                "down":  { "uv": [ 14.0625, 1.0625, 14.9375, 1.9375 ], "rotation":90, "texture": "#main" }
            }
        }, 
        {
            "name": "grass", 
            "from": [ -3, 2, 9 ], 
            "to":   [ 5, 10, 9 ], 
            "rotation": { "angle": -45, "axis": "z", "origin": [12, -6, 10] }, 
            "faces": {
                "north": { "uv": [ 14.0625, 1.0625, 14.9375, 1.9375 ], "texture": "#main" }, 
                "east":  { "uv": [ 14.0625, 1.0625, 14.9375, 1.9375 ], "texture": "#main" }, 
                "south": { "uv": [ 14.9375, 1.0625, 14.0625, 1.9375 ], "texture": "#main" }, 
                "west":  { "uv": [ 14.0625, 1.0625, 14.9375, 1.9375 ], "texture": "#main" }, 
                "up":    { "uv": [ 14.0625, 1.0625, 14.9375, 1.9375 ], "texture": "#main" }, 
                "down":  { "uv": [ 14.0625, 1.0625, 14.9375, 1.9375 ], "texture": "#main" }
            }
        }, 
        {
            "name": "body", 
            "from": [ 4, 6, 6 ], 
            "to":   [ 12, 18, 10 ], 
            "faces": {
                "north": { "uv": [ 0.25, 9.25, 0.75, 10 ], "texture": "#main" }, 
                "east":  { "uv": [ 0, 9.25, 0.25, 10 ], "texture": "#main" }, 
                "south": { "uv": [ 0.75, 9.25, 1.25, 10 ], "texture": "#main" }, 
                "west":  { "uv": [ 1.25, 9.25, 1.5, 10 ], "texture": "#main" }, 
                "up":    { "uv": [ 0, 9, 0.5, 9.25 ], "texture": "#main" }, 
                "down":  { "uv": [ 0.5, 9, 1, 9.25 ], "texture": "#main" }
            }
        }, 
        {
            "name": "R f leg", 
            "from": [ 4, 0, 2 ], 
            "to":   [ 8, 6, 6 ], 
            "rotation": { "angle": 22.5, "axis": "x", "origin": [8, 6, 6] }, 
            "faces": {
                "north": { "uv": [ 1.5, 8, 1.75, 8.375 ], "texture": "#main" }, 
                "east":  { "uv": [ 1.5, 8.375, 1.75, 8.75 ], "texture": "#main" }, 
                "south": { "uv": [ 1.75, 8.375, 2, 8.75 ], "texture": "#main" }, 
                "west":  { "uv": [ 1.75, 8, 2, 8.375 ], "texture": "#main" }, 
                "up":    { "uv": [ 1.5, 8.75, 1.75, 9 ], "texture": "#main" }, 
                "down":  { "uv": [ 1.75, 8.75, 2, 9 ], "texture": "#main" }
            }
        }, 
        {
            "name": "Left f leg", 
            "from": [ 8, 0, 2 ], 
            "to":   [ 12, 6, 6 ], 
            "rotation": { "angle": -22.5, "axis": "x", "origin": [8, 6, 6] }, 
            "faces": {
                "north": { "uv": [ 1.5, 8, 1.75, 8.375 ], "texture": "#main" }, 
                "east":  { "uv": [ 1.5, 8.375, 1.75, 8.75 ], "texture": "#main" }, 
                "south": { "uv": [ 1.75, 8.375, 2, 8.75 ], "texture": "#main" }, 
                "west":  { "uv": [ 1.75, 8, 2, 8.375 ], "texture": "#main" }, 
                "up":    { "uv": [ 1.5, 8.75, 1.75, 9 ], "texture": "#main" }, 
                "down":  { "uv": [ 1.75, 8.75, 2, 9 ], "texture": "#main" }
            }
        }, 
        {
            "name": "Right b leg", 
            "from": [ 4, 0, 10 ], 
            "to":   [ 8, 6, 14 ], 
            "rotation": { "angle": 22.5, "axis": "x", "origin": [8, 6, 10] }, 
            "faces": {
                "north": { "uv": [ 1.5, 8, 1.75, 8.375 ], "texture": "#main" }, 
                "east":  { "uv": [ 1.5, 8.375, 1.75, 8.75 ], "texture": "#main" }, 
                "south": { "uv": [ 1.75, 8.375, 2, 8.75 ], "texture": "#main" }, 
                "west":  { "uv": [ 1.75, 8, 2, 8.375 ], "texture": "#main" }, 
                "up":    { "uv": [ 1.5, 8.75, 1.75, 9 ], "texture": "#main" }, 
                "down":  { "uv": [ 1.75, 8.75, 2, 9 ], "texture": "#main" }
            }
        }, 
        {
            "name": "Left b leg", 
            "from": [ 8, 0, 10 ], 
            "to":   [ 12, 6, 14 ], 
            "rotation": { "angle": -22.5, "axis": "x", "origin": [8, 6, 10] }, 
            "faces": {
                "north": { "uv": [ 1.5, 8, 1.75, 8.375 ], "texture": "#main" }, 
                "east":  { "uv": [ 1.5, 8.375, 1.75, 8.75 ], "texture": "#main" }, 
                "south": { "uv": [ 1.75, 8.375, 2, 8.75 ], "texture": "#main" }, 
                "west":  { "uv": [ 1.75, 8, 2, 8.375 ], "texture": "#main" }, 
                "up":    { "uv": [ 1.5, 8.75, 1.75, 9 ], "texture": "#main" }, 
                "down":  { "uv": [ 1.75, 8.75, 2, 9 ], "texture": "#main" }
            }
        }, 
        {
            "name": "m", 
            "from": [ 1, 7, 8 ], 
            "to":   [ 5, 11, 8 ], 
            "rotation": { "angle": -45, "axis": "z", "origin": [4, 9, 8] }, 
            "faces": {
                "north": { "uv": [ 7, 8.5, 6.5, 8 ], "rotation":270, "texture": "#main" }, 
                "east":  { "uv": [ 7, 8, 6.5, 8.5 ], "rotation":270, "texture": "#main" }, 
                "south": { "uv": [ 7, 8, 6.5, 8.5 ], "rotation":270, "texture": "#main" }, 
                "west":  { "uv": [ 7, 8, 6.5, 8.5 ], "rotation":270, "texture": "#main" }, 
                "up":    { "uv": [ 7, 8, 6.5, 8.5 ], "rotation":270, "texture": "#main" }, 
                "down":  { "uv": [ 7, 8, 6.5, 8.5 ], "rotation":270, "texture": "#main" }
            }
        }, 
        {
            "name": "m", 
            "from": [ 1, 9, 6 ], 
            "to":   [ 5, 9, 10 ], 
            "rotation": { "angle": -45, "axis": "z", "origin": [4, 9, 8] }, 
            "faces": {
                "north": { "uv": [ 7, 8, 6.5, 8.5 ], "rotation":270, "texture": "#main" }, 
                "east":  { "uv": [ 7, 8, 6.5, 8.5 ], "rotation":270, "texture": "#main" }, 
                "south": { "uv": [ 7, 8, 6.5, 8.5 ], "rotation":270, "texture": "#main" }, 
                "west":  { "uv": [ 7, 8, 6.5, 8.5 ], "rotation":270, "texture": "#main" }, 
                "up":    { "uv": [ 7, 8, 6.5, 8.5 ], "rotation":270, "texture": "#main" }, 
                "down":  { "uv": [ 7, 8, 6.5, 8.5 ], "rotation":270, "texture": "#main" }
            }
        }, 
        {
            "name": "grass", 
            "from": [ 1, 2, 5 ], 
            "to":   [ 1, 10, 13 ], 
            "rotation": { "angle": -45, "axis": "z", "origin": [12, -6, 10] }, 
            "faces": {
                "north": { "uv": [ 6.0625, 9.0625, 6.9375, 9.9375 ], "texture": "#main" }, 
                "east":  { "uv": [ 6.0625, 9.0625, 6.9375, 9.9375 ], "texture": "#main" }, 
                "south": { "uv": [ 6.9375, 9.0625, 6.0625, 9.9375 ], "texture": "#main" }, 
                "west":  { "uv": [ 6.0625, 9.0625, 6.9375, 9.9375 ], "texture": "#main" }, 
                "up":    { "uv": [ 6.0625, 9.0625, 6.9375, 9.9375 ], "rotation":270, "texture": "#main" }, 
                "down":  { "uv": [ 6.0625, 9.0625, 6.9375, 9.9375 ], "rotation":90, "texture": "#main" }
            }
        }, 
        {
            "name": "grass", 
            "from": [ -3, 2, 9 ], 
            "to":   [ 5, 10, 9 ], 
            "rotation": { "angle": -45, "axis": "z", "origin": [12, -6, 10] }, 
            "faces": {
                "north": { "uv": [ 6.0625, 9.0625, 6.9375, 9.9375 ], "texture": "#main" }, 
                "east":  { "uv": [ 6.0625, 9.0625, 6.9375, 9.9375 ], "texture": "#main" }, 
                "south": { "uv": [ 6.9375, 9.0625, 6.0625, 9.9375 ], "texture": "#main" }, 
                "west":  { "uv": [ 6.0625, 9.0625, 6.9375, 9.9375 ], "texture": "#main" }, 
                "up":    { "uv": [ 6.0625, 9.0625, 6.9375, 9.9375 ], "texture": "#main" }, 
                "down":  { "uv": [ 6.0625, 9.0625, 6.9375, 9.9375 ], "texture": "#main" }
            }
        },
		{
			"name": "head",
			"from": [4, 18.1, 4],
			"to": [12, 26.1, 12],
			"faces": {
				"north": {"uv": [12, 12, 16, 16], "texture": "#0"},
				"east": {"uv": [12, 8, 16, 12], "texture": "#0"},
				"south": {"uv": [12, 8, 16, 12], "texture": "#0"},
				"west": {"uv": [12, 8, 16, 12], "texture": "#0"},
				"up": {"uv": [12, 8, 16, 12], "texture": "#0"},
				"down": {"uv": [12, 8, 16, 12], "texture": "#0"}
			}
		},
		{
			"name": "skull",
			"from": [3.9, 18, 3.9],
			"to": [12.1, 26.2, 12.1],
			"faces": {
				"north": {"uv": [4, 4, 8, 8], "texture": "#0"},
				"east": {"uv": [0, 4, 4, 8], "texture": "#0"},
				"south": {"uv": [8, 0, 12, 4], "texture": "#0"},
				"west": {"uv": [8, 4, 12, 8], "texture": "#0"},
				"up": {"uv": [4, 0, 8, 4], "texture": "#0"},
				"down": {"uv": [0, 0, 4, 4], "texture": "#0"}
			}
		},
		{
			"name": "grass",
			"from": [10, 23, 5],
			"to": [10, 31, 13],
			"faces": {
				"north": {"uv": [8.25, 4.25, 11.75, 7.75], "texture": "#1"},
				"east": {"uv": [8.25, 4.25, 11.75, 7.75], "texture": "#1"},
				"south": {"uv": [11.75, 4.25, 8.25, 7.75], "texture": "#1"},
				"west": {"uv": [8.25, 4.25, 11.75, 7.75], "texture": "#1"},
				"up": {"uv": [8.25, 4.25, 11.75, 7.75], "rotation": 270, "texture": "#1"},
				"down": {"uv": [8.25, 4.25, 11.75, 7.75], "rotation": 90, "texture": "#1"}
			}
		},
		{
			"name": "grass",
			"from": [2, 24, 7],
			"to": [10, 32, 7],
			"faces": {
				"north": {"uv": [8.25, 4.25, 11.75, 7.75], "texture": "#1"},
				"east": {"uv": [8.25, 4.25, 11.75, 7.75], "texture": "#1"},
				"south": {"uv": [11.75, 4.25, 8.25, 7.75], "texture": "#1"},
				"west": {"uv": [8.25, 4.25, 11.75, 7.75], "texture": "#1"},
				"up": {"uv": [8.25, 4.25, 11.75, 7.75], "texture": "#1"},
				"down": {"uv": [8.25, 4.25, 11.75, 7.75], "texture": "#1"}
			}
		},
		{
			"name": "grass",
			"from": [6, 24, 3],
			"to": [6, 32, 11],
			"faces": {
				"north": {"uv": [8.25, 4.25, 11.75, 7.75], "texture": "#1"},
				"east": {"uv": [8.25, 4.25, 11.75, 7.75], "texture": "#1"},
				"south": {"uv": [11.75, 4.25, 8.25, 7.75], "texture": "#1"},
				"west": {"uv": [8.25, 4.25, 11.75, 7.75], "texture": "#1"},
				"up": {"uv": [8.25, 4.25, 11.75, 7.75], "rotation": 270, "texture": "#1"},
				"down": {"uv": [8.25, 4.25, 11.75, 7.75], "rotation": 90, "texture": "#1"}
			}
		},
		{
			"name": "grass",
			"from": [6, 23, 9],
			"to": [14, 31, 9],
			"faces": {
				"north": {"uv": [8.25, 4.25, 11.75, 7.75], "texture": "#1"},
				"east": {"uv": [8.25, 4.25, 11.75, 7.75], "texture": "#1"},
				"south": {"uv": [11.75, 4.25, 8.25, 7.75], "texture": "#1"},
				"west": {"uv": [8.25, 4.25, 11.75, 7.75], "texture": "#1"},
				"up": {"uv": [8.25, 4.25, 11.75, 7.75], "texture": "#1"},
				"down": {"uv": [8.25, 4.25, 11.75, 7.75], "texture": "#1"}
			}
		},
		{
			"name": "m",
			"from": [4, 26, 11],
			"to": [8, 30, 11],
			"faces": {
				"north": {"uv": [10, 0, 8, 2], "texture": "#1"},
				"east": {"uv": [10, 0, 8, 2], "texture": "#1"},
				"south": {"uv": [10, 0, 8, 2], "texture": "#1"},
				"west": {"uv": [10, 0, 8, 2], "texture": "#1"},
				"up": {"uv": [10, 0, 8, 2], "texture": "#1"},
				"down": {"uv": [10, 0, 8, 2], "texture": "#1"}
			}
		},
		{
			"name": "m",
			"from": [6, 26, 9],
			"to": [6, 30, 13],
			"faces": {
				"north": {"uv": [10, 0, 8, 2], "texture": "#1"},
				"east": {"uv": [10, 0, 8, 2], "texture": "#1"},
				"south": {"uv": [10, 0, 8, 2], "texture": "#1"},
				"west": {"uv": [10, 0, 8, 2], "texture": "#1"},
				"up": {"uv": [10, 0, 8, 2], "texture": "#1"},
				"down": {"uv": [10, 0, 8, 2], "texture": "#1"}
			}
		}
    ], 
    "display": {
        "head": {
            "translation": [ 0, -34.1, 0 ], 
            "scale": [ 1.5, 1.5, 1.5 ]
        }
    }, 
    "groups": [
        {
            "name": "body", 
            "children": [
                0, 
                1, 
                2, 
                3, 
                4, 
                5, 
                6, 
                7, 
                8
            ]
        }
    ], 
    "__comment": "Model animated using Fizzy's model animator - http://fizzy81.github.io/animated-models/"
}