{
  "display": {
    "icon": {
      "item": "minecraft:end_stone"
    },
    "title": "Ender Waste",
    "description": "Enter the ender homeland",
    "frame": "task",
    "show_toast": true,
    "announce_to_chat": true,
    "hidden": false
  },
  "parent": "far_end:story/one_way_ticket",
  "criteria": {
    "requirement": {
      "trigger": "minecraft:location",
      "conditions": {
        "location": {
          "biome": "far_end:ender_waste"
        }
      }
    }
  }
}
