{
  "display": {
    "icon": {
      "item": "minecraft:elytra"
    },
    "title": "Sky's the Limit",
    "description": "Find elytra",
    "frame": "task",
    "show_toast": false,
    "announce_to_chat": false,
    "hidden": false
  },
  "parent": "far_end:story/find_end_city",
  "criteria": {
    "requirement": {
      "trigger": "minecraft:inventory_changed",
      "conditions": {
        "items": [
          {
            "item": "minecraft:elytra"
          }
        ]
      }
    }
  }
}
