{
	"credit": "Made By BronGhast014 with Blockbench",
	"textures": {
		"0": "mobs/dead_lock_hurt",
		"1_0": "mobs/deadlock_hair_hurt",
		"2_0": "mobs/dead_lock_hurt",
		"particle": "mobs/dead_lock_hurt"
	},
	"elements": [
		{
			"name": "head",
			"from": [4, 21, 4],
			"to": [12, 29, 12],
			"faces": {
				"north": {"uv": [4, 4, 8, 8], "texture": "#0"},
				"east": {"uv": [0, 4, 4, 8], "texture": "#0"},
				"south": {"uv": [0, 0, 4, 4], "texture": "#0"},
				"west": {"uv": [8, 4, 12, 8], "texture": "#0"},
				"up": {"uv": [4, 0, 8, 4], "texture": "#0"},
				"down": {"uv": [8, 0, 12, 4], "texture": "#0"}
			}
		},
		{
			"name": "hair",
			"from": [4, 29, 5],
			"to": [12, 29.5, 12],
			"faces": {
				"north": {"uv": [0, 8, 8, 8.5], "texture": "#1_0"},
				"east": {"uv": [1, 9, 8, 9.5], "texture": "#1_0"},
				"south": {"uv": [1, 10, 9, 10.5], "texture": "#1_0"},
				"west": {"uv": [2, 10, 9, 10.5], "texture": "#1_0"},
				"up": {"uv": [0, 9, 8, 16], "texture": "#1_0"},
				"down": {"uv": [0, 8, 8, 15], "texture": "#1_0"}
			}
		},
		{
			"name": "hair",
			"from": [4, 21.2, 12],
			"to": [8, 29.2, 13],
			"faces": {
				"north": {"uv": [0, 8, 4, 16], "texture": "#1_0"},
				"east": {"uv": [0, 8, 1, 16], "texture": "#1_0"},
				"south": {"uv": [0, 8, 4, 16], "texture": "#1_0"},
				"west": {"uv": [0, 8, 1, 16], "texture": "#1_0"},
				"up": {"uv": [0, 8, 4, 9], "texture": "#1_0"},
				"down": {"uv": [0, 9, 4, 10], "texture": "#1_0"}
			}
		},
		{
			"name": "hair",
			"from": [4, 13.2, 12],
			"to": [6, 21.2, 13],
			"faces": {
				"north": {"uv": [0, 8, 2, 16], "texture": "#1_0"},
				"east": {"uv": [0, 8, 1, 16], "texture": "#1_0"},
				"south": {"uv": [0, 8, 2, 16], "texture": "#1_0"},
				"west": {"uv": [0, 8, 1, 16], "texture": "#1_0"},
				"up": {"uv": [0, 8, 2, 9], "texture": "#1_0"},
				"down": {"uv": [0, 9, 2, 10], "texture": "#1_0"}
			}
		},
		{
			"name": "hair",
			"from": [4, 9.2, 12],
			"to": [6, 13.2, 13],
			"faces": {
				"north": {"uv": [0, 8, 2, 12], "texture": "#1_0"},
				"east": {"uv": [0, 8, 1, 12], "texture": "#1_0"},
				"south": {"uv": [0, 8, 2, 12], "texture": "#1_0"},
				"west": {"uv": [0, 8, 1, 12], "texture": "#1_0"},
				"up": {"uv": [0, 8, 2, 9], "texture": "#1_0"},
				"down": {"uv": [0, 9, 2, 10], "texture": "#1_0"}
			}
		},
		{
			"name": "lock1",
			"from": [5, 20.2, 13],
			"to": [7, 28.2, 14],
			"faces": {
				"north": {"uv": [0, 8, 2, 16], "texture": "#1_0"},
				"east": {"uv": [0, 8, 1, 16], "texture": "#1_0"},
				"south": {"uv": [0, 8, 2, 16], "texture": "#1_0"},
				"west": {"uv": [0, 8, 1, 16], "texture": "#1_0"},
				"up": {"uv": [0, 8, 2, 9], "texture": "#1_0"},
				"down": {"uv": [0, 9, 2, 10], "texture": "#1_0"}
			}
		},
		{
			"name": "Cube",
			"from": [5, 12.2, 13],
			"to": [7, 20.2, 14],
			"faces": {
				"north": {"uv": [0, 8, 2, 16], "texture": "#1_0"},
				"east": {"uv": [0, 8, 1, 16], "texture": "#1_0"},
				"south": {"uv": [0, 8, 2, 16], "texture": "#1_0"},
				"west": {"uv": [0, 8, 1, 16], "texture": "#1_0"},
				"up": {"uv": [0, 8, 2, 9], "texture": "#1_0"},
				"down": {"uv": [0, 9, 2, 10], "texture": "#1_0"}
			}
		},
		{
			"name": "Cube",
			"from": [5, 8.6, 13],
			"to": [7, 12.2, 14],
			"faces": {
				"north": {"uv": [0, 8, 2, 11.6], "texture": "#1_0"},
				"east": {"uv": [0, 8, 1, 11.6], "texture": "#1_0"},
				"south": {"uv": [0, 8, 2, 11.6], "texture": "#1_0"},
				"west": {"uv": [0, 8, 1, 11.6], "texture": "#1_0"},
				"up": {"uv": [0, 8, 2, 9], "texture": "#1_0"},
				"down": {"uv": [0, 9, 2, 10], "texture": "#1_0"}
			}
		},
		{
			"name": "lock2",
			"from": [9, 20.2, 13],
			"to": [11, 28.2, 14],
			"faces": {
				"north": {"uv": [0, 8, 2, 16], "texture": "#1_0"},
				"east": {"uv": [0, 8, 1, 16], "texture": "#1_0"},
				"south": {"uv": [0, 8, 2, 16], "texture": "#1_0"},
				"west": {"uv": [0, 8, 1, 16], "texture": "#1_0"},
				"up": {"uv": [0, 8, 2, 9], "texture": "#1_0"},
				"down": {"uv": [0, 9, 2, 10], "texture": "#1_0"}
			}
		},
		{
			"name": "Cube",
			"from": [9, 12.2, 13],
			"to": [11, 20.2, 14],
			"faces": {
				"north": {"uv": [0, 8, 2, 16], "texture": "#1_0"},
				"east": {"uv": [0, 8, 1, 16], "texture": "#1_0"},
				"south": {"uv": [0, 8, 2, 16], "texture": "#1_0"},
				"west": {"uv": [0, 8, 1, 16], "texture": "#1_0"},
				"up": {"uv": [0, 8, 2, 9], "texture": "#1_0"},
				"down": {"uv": [0, 9, 2, 10], "texture": "#1_0"}
			}
		},
		{
			"name": "Cube",
			"from": [9, 8.9, 13],
			"to": [11, 12.2, 14],
			"faces": {
				"north": {"uv": [0, 8, 2, 11.3], "texture": "#1_0"},
				"east": {"uv": [0, 8, 1, 11.3], "texture": "#1_0"},
				"south": {"uv": [0, 8, 2, 11.3], "texture": "#1_0"},
				"west": {"uv": [0, 8, 1, 11.3], "texture": "#1_0"},
				"up": {"uv": [0, 8, 2, 9], "texture": "#1_0"},
				"down": {"uv": [0, 9, 2, 10], "texture": "#1_0"}
			}
		},
		{
			"name": "lock3",
			"from": [7, 20.2, 13],
			"to": [9, 28.2, 14.5],
			"faces": {
				"north": {"uv": [0, 8, 2, 16], "texture": "#1_0"},
				"east": {"uv": [0, 8, 1.5, 16], "texture": "#1_0"},
				"south": {"uv": [0, 8, 2, 16], "texture": "#1_0"},
				"west": {"uv": [0, 8, 1.5, 16], "texture": "#1_0"},
				"up": {"uv": [0, 8, 2, 9.5], "texture": "#1_0"},
				"down": {"uv": [0, 9, 2, 10.5], "texture": "#1_0"}
			}
		},
		{
			"name": "Cube",
			"from": [7, 12.2, 13],
			"to": [9, 20.2, 14.5],
			"faces": {
				"north": {"uv": [0, 8, 2, 16], "texture": "#1_0"},
				"east": {"uv": [0, 8, 1.5, 16], "texture": "#1_0"},
				"south": {"uv": [0, 8, 2, 16], "texture": "#1_0"},
				"west": {"uv": [0, 8, 1.5, 16], "texture": "#1_0"},
				"up": {"uv": [0, 8, 2, 9.5], "texture": "#1_0"},
				"down": {"uv": [0, 9, 2, 10.5], "texture": "#1_0"}
			}
		},
		{
			"name": "Cube",
			"from": [7, 7.9, 13],
			"to": [9, 12.4, 14.5],
			"faces": {
				"north": {"uv": [0, 8, 2, 12.5], "texture": "#1_0"},
				"east": {"uv": [0, 8, 1.5, 12.5], "texture": "#1_0"},
				"south": {"uv": [0, 8, 2, 12.5], "texture": "#1_0"},
				"west": {"uv": [0, 8, 1.5, 12.5], "texture": "#1_0"},
				"up": {"uv": [0, 8, 2, 9.5], "texture": "#1_0"},
				"down": {"uv": [0, 9, 2, 10.5], "texture": "#1_0"}
			}
		},
		{
			"name": "lock4",
			"from": [7, 29, 5.5],
			"to": [9, 30, 12.5],
			"faces": {
				"north": {"uv": [0, 8, 2, 9], "texture": "#1_0"},
				"east": {"uv": [1, 9, 8, 10], "texture": "#1_0"},
				"south": {"uv": [1, 10, 3, 11], "texture": "#1_0"},
				"west": {"uv": [2, 10, 9, 11], "texture": "#1_0"},
				"up": {"uv": [0, 9, 2, 16], "texture": "#1_0"},
				"down": {"uv": [0, 9, 2, 16], "texture": "#1_0"}
			}
		},
		{
			"name": "Cube",
			"from": [7, 27.8, 13],
			"to": [9, 28.8, 14.5],
			"faces": {
				"north": {"uv": [0, 8, 2, 9], "texture": "#1_0"},
				"east": {"uv": [0, 8, 1.5, 9], "texture": "#1_0"},
				"south": {"uv": [0, 8, 2, 9], "texture": "#1_0"},
				"west": {"uv": [0, 8, 1.5, 9], "texture": "#1_0"},
				"up": {"uv": [0, 8, 2, 9.5], "texture": "#1_0"},
				"down": {"uv": [0, 9, 2, 10.5], "texture": "#1_0"}
			}
		},
		{
			"name": "Cube",
			"from": [8, 21.2, 12],
			"to": [12, 29.2, 13],
			"faces": {
				"north": {"uv": [0, 8, 4, 16], "texture": "#1_0"},
				"east": {"uv": [0, 8, 1, 16], "texture": "#1_0"},
				"south": {"uv": [0, 8, 4, 16], "texture": "#1_0"},
				"west": {"uv": [0, 8, 1, 16], "texture": "#1_0"},
				"up": {"uv": [0, 8, 4, 9], "texture": "#1_0"},
				"down": {"uv": [0, 9, 4, 10], "texture": "#1_0"}
			}
		},
		{
			"name": "Cube",
			"from": [10, 13.2, 12],
			"to": [12, 21.2, 13],
			"faces": {
				"north": {"uv": [0, 8, 2, 16], "texture": "#1_0"},
				"east": {"uv": [0, 8, 1, 16], "texture": "#1_0"},
				"south": {"uv": [0, 8, 2, 16], "texture": "#1_0"},
				"west": {"uv": [0, 8, 1, 16], "texture": "#1_0"},
				"up": {"uv": [0, 8, 2, 9], "texture": "#1_0"},
				"down": {"uv": [0, 9, 2, 10], "texture": "#1_0"}
			}
		},
		{
			"name": "Cube",
			"from": [10, 9.2, 12],
			"to": [12, 13.2, 13],
			"faces": {
				"north": {"uv": [0, 8, 2, 12], "texture": "#1_0"},
				"east": {"uv": [0, 8, 1, 12], "texture": "#1_0"},
				"south": {"uv": [0, 8, 2, 12], "texture": "#1_0"},
				"west": {"uv": [0, 8, 1, 12], "texture": "#1_0"},
				"up": {"uv": [0, 8, 2, 9], "texture": "#1_0"},
				"down": {"uv": [0, 9, 2, 10], "texture": "#1_0"}
			}
		},
		{
			"name": "L Leg",
			"from": [9, -3, 7],
			"to": [11, 3, 9],
			"faces": {
				"north": {"uv": [1, 12, 2, 15], "texture": "#2_0"},
				"east": {"uv": [2, 12, 3, 15], "texture": "#2_0"},
				"south": {"uv": [3, 12, 4, 15], "texture": "#2_0"},
				"west": {"uv": [0, 12, 1, 15], "texture": "#2_0"},
				"up": {"uv": [1, 8, 2, 9], "texture": "#2_0"},
				"down": {"uv": [1, 8, 2, 9], "texture": "#2_0"}
			}
		},
		{
			"name": "L Leg",
			"from": [9, 3, 7],
			"to": [11, 9, 9],
			"faces": {
				"north": {"uv": [1, 9, 2, 12], "texture": "#2_0"},
				"east": {"uv": [2, 9, 3, 12], "texture": "#2_0"},
				"south": {"uv": [3, 9, 4, 12], "texture": "#2_0"},
				"west": {"uv": [0, 9, 1, 12], "texture": "#2_0"},
				"up": {"uv": [2, 8, 3, 9], "texture": "#2_0"},
				"down": {"uv": [1, 8, 2, 9], "texture": "#2_0"}
			}
		},
		{
			"name": "R Leg",
			"from": [5, -3, 7],
			"to": [7, 3, 9],
			"faces": {
				"north": {"uv": [3, 12, 4, 15], "texture": "#2_0"},
				"east": {"uv": [1, 12, 2, 15], "texture": "#2_0"},
				"south": {"uv": [0, 12, 1, 15], "texture": "#2_0"},
				"west": {"uv": [2, 12, 3, 15], "texture": "#2_0"},
				"up": {"uv": [6, 8, 7, 9], "texture": "#2_0"},
				"down": {"uv": [2, 8, 3, 9], "texture": "#2_0"}
			}
		},
		{
			"name": "R Leg",
			"from": [5, 3, 7],
			"to": [7, 9, 9],
			"faces": {
				"north": {"uv": [3, 9, 4, 12], "texture": "#2_0"},
				"east": {"uv": [0, 9, 1, 12], "texture": "#2_0"},
				"south": {"uv": [1, 9, 2, 12], "texture": "#2_0"},
				"west": {"uv": [2, 9, 3, 12], "texture": "#2_0"},
				"up": {"uv": [2, 8, 3, 9], "texture": "#2_0"},
				"down": {"uv": [7, 12, 8, 15], "texture": "#2_0"}
			}
		},
		{
			"name": "Body",
			"from": [4, 9, 6],
			"to": [12, 21, 10],
			"faces": {
				"north": {"uv": [10, 10, 14, 16], "texture": "#2_0"},
				"east": {"uv": [14, 10, 16, 16], "texture": "#2_0"},
				"south": {"uv": [12, 2, 16, 8], "texture": "#2_0"},
				"west": {"uv": [8, 10, 10, 16], "texture": "#2_0"},
				"up": {"uv": [11.25, 8.75, 13.25, 9.75], "rotation": 180, "texture": "#2_0"},
				"down": {"uv": [12, 0, 16, 2], "rotation": 180, "texture": "#2_0"}
			}
		}
	],
	"display": {
		"thirdperson_righthand": {
			"rotation": [90, 0, 0],
			"translation": [-5, -2, -1]
		},
		"thirdperson_lefthand": {
			"rotation": [90, 0, 0],
			"translation": [-5, -2, -1]
		},
		"firstperson_righthand": {
			"rotation": [0, 45, 0],
			"translation": [0, 1, 0],
			"scale": [0.4, 0.4, 0.4]
		},
		"firstperson_lefthand": {
			"rotation": [0, 45, 0],
			"translation": [0, 1, 0],
			"scale": [0.4, 0.4, 0.4]
		},
		"ground": {
			"scale": [2, 2, 2]
		},
		"gui": {
			"rotation": [30, 45, 0],
			"scale": [0.65, 0.65, 0.65]
		},
		"head": {
			"translation": [0, -27.25, -0.15],
			"scale": [1.6, 1.6, 1.6]
		},
		"fixed": {
			"scale": [2, 2, 2]
		}
	},
	"groups": [
		{
			"name": "head",
			"children": [
				{
					"name": "deadlock_skeleton",
					"children": [0, 1, 2, 3, 4, 5, 6, 7, 8, 9, 10, 11, 12, 13, 14, 15, 16, 17, 18]
				}
			]
		},
		{
			"name": "body",
			"children": [
				{
					"name": "body",
					"children": [
						{
							"name": "LL",
							"children": [19, 20]
						},
						{
							"name": "RL",
							"children": [21, 22]
						}, 23]
				}
			]
		}
	]
}