{
	"credit": "Made By BronGhast014 with Blockbench",
	"textures": {
		"0": "mobs/dead_lock_hurt",
		"particle": "mobs/dead_lock_hurt"
	},
	"elements": [
		{
			"name": "arms",
			"from": [2, 9, 7],
			"to": [4, 21, 9],
			"faces": {
				"north": {"uv": [4.5, 9, 5.5, 15], "texture": "#0"},
				"east": {"uv": [7, 9, 8, 15], "texture": "#0"},
				"south": {"uv": [4, 9, 5, 15], "texture": "#0"},
				"west": {"uv": [5.5, 9, 6.5, 15], "texture": "#0"},
				"up": {"uv": [3, 9, 4, 10], "texture": "#0"},
				"down": {"uv": [5, 8, 6, 9], "texture": "#0"}
			}
		}
	],
	"display": {
		"thirdperson_righthand": {
			"rotation": [90, 0, 0],
			"translation": [-5, -2, -1]
		},
		"thirdperson_lefthand": {
			"rotation": [90, 0, 0],
			"translation": [-6, -2, -1]
		},
		"firstperson_righthand": {
			"rotation": [0, 45, 0],
			"translation": [0, 1, 0],
			"scale": [0.4, 0.4, 0.4]
		},
		"firstperson_lefthand": {
			"rotation": [0, 45, 0],
			"translation": [0, 1, 0],
			"scale": [0.4, 0.4, 0.4]
		},
		"ground": {
			"scale": [2, 2, 2]
		},
		"gui": {
			"rotation": [30, 45, 0],
			"scale": [0.65, 0.65, 0.65]
		},
		"head": {
			"translation": [0, -27.2, -0.15],
			"scale": [1.6, 1.6, 1.6]
		},
		"fixed": {
			"scale": [2, 2, 2]
		}
	}
}