{
	"credit": "Made By BronGhast014 with Blockbench",
	"textures": {
		"0": "mobs/dead_lock",
		"1_0": "mobs/deadlock_hair",
		"main": "mobs/animations/deadlock"
	},
	"elements": [
		{
			"name": "head",
			"from": [4, 21, 4],
			"to": [12, 29, 12],
			"faces": {
				"north": {"uv": [4, 4, 8, 8], "texture": "#0"},
				"east": {"uv": [0, 4, 4, 8], "texture": "#0"},
				"south": {"uv": [0, 0, 4, 4], "texture": "#0"},
				"west": {"uv": [8, 4, 12, 8], "texture": "#0"},
				"up": {"uv": [4, 0, 8, 4], "texture": "#0"},
				"down": {"uv": [8, 0, 12, 4], "texture": "#0"}
			}
		},
		{
			"name": "hair",
			"from": [4, 29, 5],
			"to": [12, 29.5, 12],
			"faces": {
				"north": {"uv": [0, 8, 8, 8.5], "texture": "#1_0"},
				"east": {"uv": [1, 9, 8, 9.5], "texture": "#1_0"},
				"south": {"uv": [1, 10, 9, 10.5], "texture": "#1_0"},
				"west": {"uv": [2, 10, 9, 10.5], "texture": "#1_0"},
				"up": {"uv": [0, 9, 8, 16], "texture": "#1_0"},
				"down": {"uv": [0, 8, 8, 15], "texture": "#1_0"}
			}
		},
		{
			"name": "hair",
			"from": [4, 21.2, 12],
			"to": [8, 29.2, 13],
			"faces": {
				"north": {"uv": [0, 8, 4, 16], "texture": "#1_0"},
				"east": {"uv": [0, 8, 1, 16], "texture": "#1_0"},
				"south": {"uv": [0, 8, 4, 16], "texture": "#1_0"},
				"west": {"uv": [0, 8, 1, 16], "texture": "#1_0"},
				"up": {"uv": [0, 8, 4, 9], "texture": "#1_0"},
				"down": {"uv": [0, 9, 4, 10], "texture": "#1_0"}
			}
		},
		{
			"name": "hair",
			"from": [4, 13.2, 12],
			"to": [6, 21.2, 13],
			"faces": {
				"north": {"uv": [0, 8, 2, 16], "texture": "#1_0"},
				"east": {"uv": [0, 8, 1, 16], "texture": "#1_0"},
				"south": {"uv": [0, 8, 2, 16], "texture": "#1_0"},
				"west": {"uv": [0, 8, 1, 16], "texture": "#1_0"},
				"up": {"uv": [0, 8, 2, 9], "texture": "#1_0"},
				"down": {"uv": [0, 9, 2, 10], "texture": "#1_0"}
			}
		},
		{
			"name": "hair",
			"from": [4, 9.2, 12],
			"to": [6, 13.2, 13],
			"faces": {
				"north": {"uv": [0, 8, 2, 12], "texture": "#1_0"},
				"east": {"uv": [0, 8, 1, 12], "texture": "#1_0"},
				"south": {"uv": [0, 8, 2, 12], "texture": "#1_0"},
				"west": {"uv": [0, 8, 1, 12], "texture": "#1_0"},
				"up": {"uv": [0, 8, 2, 9], "texture": "#1_0"},
				"down": {"uv": [0, 9, 2, 10], "texture": "#1_0"}
			}
		},
		{
			"name": "lock1",
			"from": [5, 20.2, 13],
			"to": [7, 28.2, 14],
			"faces": {
				"north": {"uv": [0, 8, 2, 16], "texture": "#1_0"},
				"east": {"uv": [0, 8, 1, 16], "texture": "#1_0"},
				"south": {"uv": [0, 8, 2, 16], "texture": "#1_0"},
				"west": {"uv": [0, 8, 1, 16], "texture": "#1_0"},
				"up": {"uv": [0, 8, 2, 9], "texture": "#1_0"},
				"down": {"uv": [0, 9, 2, 10], "texture": "#1_0"}
			}
		},
		{
			"name": "Cube",
			"from": [5, 12.2, 13],
			"to": [7, 20.2, 14],
			"faces": {
				"north": {"uv": [0, 8, 2, 16], "texture": "#1_0"},
				"east": {"uv": [0, 8, 1, 16], "texture": "#1_0"},
				"south": {"uv": [0, 8, 2, 16], "texture": "#1_0"},
				"west": {"uv": [0, 8, 1, 16], "texture": "#1_0"},
				"up": {"uv": [0, 8, 2, 9], "texture": "#1_0"},
				"down": {"uv": [0, 9, 2, 10], "texture": "#1_0"}
			}
		},
		{
			"name": "Cube",
			"from": [5, 8.6, 13],
			"to": [7, 12.2, 14],
			"faces": {
				"north": {"uv": [0, 8, 2, 11.6], "texture": "#1_0"},
				"east": {"uv": [0, 8, 1, 11.6], "texture": "#1_0"},
				"south": {"uv": [0, 8, 2, 11.6], "texture": "#1_0"},
				"west": {"uv": [0, 8, 1, 11.6], "texture": "#1_0"},
				"up": {"uv": [0, 8, 2, 9], "texture": "#1_0"},
				"down": {"uv": [0, 9, 2, 10], "texture": "#1_0"}
			}
		},
		{
			"name": "lock2",
			"from": [9, 20.2, 13],
			"to": [11, 28.2, 14],
			"faces": {
				"north": {"uv": [0, 8, 2, 16], "texture": "#1_0"},
				"east": {"uv": [0, 8, 1, 16], "texture": "#1_0"},
				"south": {"uv": [0, 8, 2, 16], "texture": "#1_0"},
				"west": {"uv": [0, 8, 1, 16], "texture": "#1_0"},
				"up": {"uv": [0, 8, 2, 9], "texture": "#1_0"},
				"down": {"uv": [0, 9, 2, 10], "texture": "#1_0"}
			}
		},
		{
			"name": "Cube",
			"from": [9, 12.2, 13],
			"to": [11, 20.2, 14],
			"faces": {
				"north": {"uv": [0, 8, 2, 16], "texture": "#1_0"},
				"east": {"uv": [0, 8, 1, 16], "texture": "#1_0"},
				"south": {"uv": [0, 8, 2, 16], "texture": "#1_0"},
				"west": {"uv": [0, 8, 1, 16], "texture": "#1_0"},
				"up": {"uv": [0, 8, 2, 9], "texture": "#1_0"},
				"down": {"uv": [0, 9, 2, 10], "texture": "#1_0"}
			}
		},
		{
			"name": "Cube",
			"from": [9, 8.9, 13],
			"to": [11, 12.2, 14],
			"faces": {
				"north": {"uv": [0, 8, 2, 11.3], "texture": "#1_0"},
				"east": {"uv": [0, 8, 1, 11.3], "texture": "#1_0"},
				"south": {"uv": [0, 8, 2, 11.3], "texture": "#1_0"},
				"west": {"uv": [0, 8, 1, 11.3], "texture": "#1_0"},
				"up": {"uv": [0, 8, 2, 9], "texture": "#1_0"},
				"down": {"uv": [0, 9, 2, 10], "texture": "#1_0"}
			}
		},
		{
			"name": "lock3",
			"from": [7, 20.2, 13],
			"to": [9, 28.2, 14.5],
			"faces": {
				"north": {"uv": [0, 8, 2, 16], "texture": "#1_0"},
				"east": {"uv": [0, 8, 1.5, 16], "texture": "#1_0"},
				"south": {"uv": [0, 8, 2, 16], "texture": "#1_0"},
				"west": {"uv": [0, 8, 1.5, 16], "texture": "#1_0"},
				"up": {"uv": [0, 8, 2, 9.5], "texture": "#1_0"},
				"down": {"uv": [0, 9, 2, 10.5], "texture": "#1_0"}
			}
		},
		{
			"name": "Cube",
			"from": [7, 12.2, 13],
			"to": [9, 20.2, 14.5],
			"faces": {
				"north": {"uv": [0, 8, 2, 16], "texture": "#1_0"},
				"east": {"uv": [0, 8, 1.5, 16], "texture": "#1_0"},
				"south": {"uv": [0, 8, 2, 16], "texture": "#1_0"},
				"west": {"uv": [0, 8, 1.5, 16], "texture": "#1_0"},
				"up": {"uv": [0, 8, 2, 9.5], "texture": "#1_0"},
				"down": {"uv": [0, 9, 2, 10.5], "texture": "#1_0"}
			}
		},
		{
			"name": "Cube",
			"from": [7, 7.9, 13],
			"to": [9, 12.4, 14.5],
			"faces": {
				"north": {"uv": [0, 8, 2, 12.5], "texture": "#1_0"},
				"east": {"uv": [0, 8, 1.5, 12.5], "texture": "#1_0"},
				"south": {"uv": [0, 8, 2, 12.5], "texture": "#1_0"},
				"west": {"uv": [0, 8, 1.5, 12.5], "texture": "#1_0"},
				"up": {"uv": [0, 8, 2, 9.5], "texture": "#1_0"},
				"down": {"uv": [0, 9, 2, 10.5], "texture": "#1_0"}
			}
		},
		{
			"name": "lock4",
			"from": [7, 29, 5.5],
			"to": [9, 30, 12.5],
			"faces": {
				"north": {"uv": [0, 8, 2, 9], "texture": "#1_0"},
				"east": {"uv": [1, 9, 8, 10], "texture": "#1_0"},
				"south": {"uv": [1, 10, 3, 11], "texture": "#1_0"},
				"west": {"uv": [2, 10, 9, 11], "texture": "#1_0"},
				"up": {"uv": [0, 9, 2, 16], "texture": "#1_0"},
				"down": {"uv": [0, 9, 2, 16], "texture": "#1_0"}
			}
		},
		{
			"name": "Cube",
			"from": [7, 27.8, 13],
			"to": [9, 28.8, 14.5],
			"faces": {
				"north": {"uv": [0, 8, 2, 9], "texture": "#1_0"},
				"east": {"uv": [0, 8, 1.5, 9], "texture": "#1_0"},
				"south": {"uv": [0, 8, 2, 9], "texture": "#1_0"},
				"west": {"uv": [0, 8, 1.5, 9], "texture": "#1_0"},
				"up": {"uv": [0, 8, 2, 9.5], "texture": "#1_0"},
				"down": {"uv": [0, 9, 2, 10.5], "texture": "#1_0"}
			}
		},
		{
			"name": "Cube",
			"from": [8, 21.2, 12],
			"to": [12, 29.2, 13],
			"faces": {
				"north": {"uv": [0, 8, 4, 16], "texture": "#1_0"},
				"east": {"uv": [0, 8, 1, 16], "texture": "#1_0"},
				"south": {"uv": [0, 8, 4, 16], "texture": "#1_0"},
				"west": {"uv": [0, 8, 1, 16], "texture": "#1_0"},
				"up": {"uv": [0, 8, 4, 9], "texture": "#1_0"},
				"down": {"uv": [0, 9, 4, 10], "texture": "#1_0"}
			}
		},
		{
			"name": "Cube",
			"from": [10, 13.2, 12],
			"to": [12, 21.2, 13],
			"faces": {
				"north": {"uv": [0, 8, 2, 16], "texture": "#1_0"},
				"east": {"uv": [0, 8, 1, 16], "texture": "#1_0"},
				"south": {"uv": [0, 8, 2, 16], "texture": "#1_0"},
				"west": {"uv": [0, 8, 1, 16], "texture": "#1_0"},
				"up": {"uv": [0, 8, 2, 9], "texture": "#1_0"},
				"down": {"uv": [0, 9, 2, 10], "texture": "#1_0"}
			}
		},
		{
			"name": "Cube",
			"from": [10, 9.2, 12],
			"to": [12, 13.2, 13],
			"faces": {
				"north": {"uv": [0, 8, 2, 12], "texture": "#1_0"},
				"east": {"uv": [0, 8, 1, 12], "texture": "#1_0"},
				"south": {"uv": [0, 8, 2, 12], "texture": "#1_0"},
				"west": {"uv": [0, 8, 1, 12], "texture": "#1_0"},
				"up": {"uv": [0, 8, 2, 9], "texture": "#1_0"},
				"down": {"uv": [0, 9, 2, 10], "texture": "#1_0"}
			}
		},
		{
			"name": "L Leg",
			"from": [9, -3, 7],
			"to": [11, 3, 9],
			"faces": {
				"north": {"uv": [8.5, 6, 9, 7.5], "texture": "#main"},
				"east": {"uv": [9, 6, 9.5, 7.5], "texture": "#main"},
				"south": {"uv": [9.5, 6, 10, 7.5], "texture": "#main"},
				"west": {"uv": [8, 6, 8.5, 7.5], "texture": "#main"},
				"up": {"uv": [8.5, 4, 9, 4.5], "texture": "#main"},
				"down": {"uv": [8.5, 4, 9, 4.5], "texture": "#main"}
			}
		},
		{
			"name": "L Leg",
			"from": [9, 3, 7],
			"to": [11, 9, 9],
			"faces": {
				"north": {"uv": [8.5, 4.5, 9, 6], "texture": "#main"},
				"east": {"uv": [9, 4.5, 9.5, 6], "texture": "#main"},
				"south": {"uv": [9.5, 4.5, 10, 6], "texture": "#main"},
				"west": {"uv": [8, 4.5, 8.5, 6], "texture": "#main"},
				"up": {"uv": [9, 4, 9.5, 4.5], "texture": "#main"},
				"down": {"uv": [8.5, 4, 9, 4.5], "texture": "#main"}
			}
		},
		{
			"name": "R Leg",
			"from": [5, -3, 7],
			"to": [7, 3, 9],
			"faces": {
				"north": {"uv": [9.5, 6, 10, 7.5], "texture": "#main"},
				"east": {"uv": [8.5, 6, 9, 7.5], "texture": "#main"},
				"south": {"uv": [8, 6, 8.5, 7.5], "texture": "#main"},
				"west": {"uv": [9, 6, 9.5, 7.5], "texture": "#main"},
				"up": {"uv": [11, 4, 11.5, 4.5], "texture": "#main"},
				"down": {"uv": [9, 4, 9.5, 4.5], "texture": "#main"}
			}
		},
		{
			"name": "R Leg",
			"from": [5, 3, 7],
			"to": [7, 9, 9],
			"faces": {
				"north": {"uv": [9.5, 4.5, 10, 6], "texture": "#main"},
				"east": {"uv": [8, 4.5, 8.5, 6], "texture": "#main"},
				"south": {"uv": [8.5, 4.5, 9, 6], "texture": "#main"},
				"west": {"uv": [9, 4.5, 9.5, 6], "texture": "#main"},
				"up": {"uv": [9, 4, 9.5, 4.5], "texture": "#main"},
				"down": {"uv": [11.5, 6, 12, 7.5], "texture": "#main"}
			}
		},
		{
			"name": "Body",
			"from": [4, 9, 6],
			"to": [12, 21, 10],
			"faces": {
				"north": {"uv": [13, 5, 15, 8], "texture": "#main"},
				"east": {"uv": [15, 5, 16, 8], "texture": "#main"},
				"south": {"uv": [14, 1, 16, 4], "texture": "#main"},
				"west": {"uv": [12, 5, 13, 8], "texture": "#main"},
				"up": {"uv": [13.625, 4.375, 14.625, 4.875], "rotation": 180, "texture": "#main"},
				"down": {"uv": [14, 0, 16, 1], "rotation": 180, "texture": "#main"}
			}
		},
		{
			"name": "L Leg",
			"from": [9, -3, 7],
			"to": [11, 3, 9],
			"rotation": {"angle": -22.5, "axis": "x", "origin": [8, 9, 8]},
			"faces": {
				"north": {"uv": [0.5, 14, 1, 15.5], "texture": "#main"},
				"east": {"uv": [1, 14, 1.5, 15.5], "texture": "#main"},
				"south": {"uv": [1.5, 14, 2, 15.5], "texture": "#main"},
				"west": {"uv": [0, 14, 0.5, 15.5], "texture": "#main"},
				"up": {"uv": [0.5, 12, 1, 12.5], "texture": "#main"},
				"down": {"uv": [0.5, 12, 1, 12.5], "texture": "#main"}
			}
		},
		{
			"name": "L Leg",
			"from": [9, 3, 7],
			"to": [11, 9, 9],
			"rotation": {"angle": -22.5, "axis": "x", "origin": [8, 9, 8]},
			"faces": {
				"north": {"uv": [0.5, 12.5, 1, 14], "texture": "#main"},
				"east": {"uv": [1, 12.5, 1.5, 14], "texture": "#main"},
				"south": {"uv": [1.5, 12.5, 2, 14], "texture": "#main"},
				"west": {"uv": [0, 12.5, 0.5, 14], "texture": "#main"},
				"up": {"uv": [1, 12, 1.5, 12.5], "texture": "#main"},
				"down": {"uv": [0.5, 12, 1, 12.5], "texture": "#main"}
			}
		},
		{
			"name": "R Leg",
			"from": [5, -3, 7],
			"to": [7, 3, 9],
			"rotation": {"angle": 22.5, "axis": "x", "origin": [8, 9, 8]},
			"faces": {
				"north": {"uv": [1.5, 14, 2, 15.5], "texture": "#main"},
				"east": {"uv": [0.5, 14, 1, 15.5], "texture": "#main"},
				"south": {"uv": [0, 14, 0.5, 15.5], "texture": "#main"},
				"west": {"uv": [1, 14, 1.5, 15.5], "texture": "#main"},
				"up": {"uv": [3, 12, 3.5, 12.5], "texture": "#main"},
				"down": {"uv": [1, 12, 1.5, 12.5], "texture": "#main"}
			}
		},
		{
			"name": "R Leg",
			"from": [5, 3, 7],
			"to": [7, 9, 9],
			"rotation": {"angle": 22.5, "axis": "x", "origin": [8, 9, 8]},
			"faces": {
				"north": {"uv": [1.5, 12.5, 2, 14], "texture": "#main"},
				"east": {"uv": [0, 12.5, 0.5, 14], "texture": "#main"},
				"south": {"uv": [0.5, 12.5, 1, 14], "texture": "#main"},
				"west": {"uv": [1, 12.5, 1.5, 14], "texture": "#main"},
				"up": {"uv": [1, 12, 1.5, 12.5], "texture": "#main"},
				"down": {"uv": [3.5, 14, 4, 15.5], "texture": "#main"}
			}
		},
		{
			"name": "Body",
			"from": [4, 9, 6],
			"to": [12, 21, 10],
			"faces": {
				"north": {"uv": [5, 13, 7, 16], "texture": "#main"},
				"east": {"uv": [7, 13, 8, 16], "texture": "#main"},
				"south": {"uv": [6, 9, 8, 12], "texture": "#main"},
				"west": {"uv": [4, 13, 5, 16], "texture": "#main"},
				"up": {"uv": [5.625, 12.375, 6.625, 12.875], "rotation": 180, "texture": "#main"},
				"down": {"uv": [6, 8, 8, 9], "rotation": 180, "texture": "#main"}
			}
		},
		{
			"name": "L Leg",
			"from": [9, -3, 7],
			"to": [11, 3, 9],
			"rotation": {"angle": 22.5, "axis": "x", "origin": [8, 9, 8]},
			"faces": {
				"north": {"uv": [0.5, 6, 1, 7.5], "texture": "#main"},
				"east": {"uv": [1, 6, 1.5, 7.5], "texture": "#main"},
				"south": {"uv": [1.5, 6, 2, 7.5], "texture": "#main"},
				"west": {"uv": [0, 6, 0.5, 7.5], "texture": "#main"},
				"up": {"uv": [0.5, 4, 1, 4.5], "texture": "#main"},
				"down": {"uv": [0.5, 4, 1, 4.5], "texture": "#main"}
			}
		},
		{
			"name": "L Leg",
			"from": [9, 3, 7],
			"to": [11, 9, 9],
			"rotation": {"angle": 22.5, "axis": "x", "origin": [8, 9, 8]},
			"faces": {
				"north": {"uv": [0.5, 4.5, 1, 6], "texture": "#main"},
				"east": {"uv": [1, 4.5, 1.5, 6], "texture": "#main"},
				"south": {"uv": [1.5, 4.5, 2, 6], "texture": "#main"},
				"west": {"uv": [0, 4.5, 0.5, 6], "texture": "#main"},
				"up": {"uv": [1, 4, 1.5, 4.5], "texture": "#main"},
				"down": {"uv": [0.5, 4, 1, 4.5], "texture": "#main"}
			}
		},
		{
			"name": "R Leg",
			"from": [5, -3, 7],
			"to": [7, 3, 9],
			"rotation": {"angle": -22.5, "axis": "x", "origin": [8, 9, 8]},
			"faces": {
				"north": {"uv": [1.5, 6, 2, 7.5], "texture": "#main"},
				"east": {"uv": [0.5, 6, 1, 7.5], "texture": "#main"},
				"south": {"uv": [0, 6, 0.5, 7.5], "texture": "#main"},
				"west": {"uv": [1, 6, 1.5, 7.5], "texture": "#main"},
				"up": {"uv": [3, 4, 3.5, 4.5], "texture": "#main"},
				"down": {"uv": [1, 4, 1.5, 4.5], "texture": "#main"}
			}
		},
		{
			"name": "R Leg",
			"from": [5, 3, 7],
			"to": [7, 9, 9],
			"rotation": {"angle": -22.5, "axis": "x", "origin": [8, 9, 8]},
			"faces": {
				"north": {"uv": [1.5, 4.5, 2, 6], "texture": "#main"},
				"east": {"uv": [0, 4.5, 0.5, 6], "texture": "#main"},
				"south": {"uv": [0.5, 4.5, 1, 6], "texture": "#main"},
				"west": {"uv": [1, 4.5, 1.5, 6], "texture": "#main"},
				"up": {"uv": [1, 4, 1.5, 4.5], "texture": "#main"},
				"down": {"uv": [3.5, 6, 4, 7.5], "texture": "#main"}
			}
		},
		{
			"name": "Body",
			"from": [4, 9, 6],
			"to": [12, 21, 10],
			"faces": {
				"north": {"uv": [5, 5, 7, 8], "texture": "#main"},
				"east": {"uv": [7, 5, 8, 8], "texture": "#main"},
				"south": {"uv": [6, 1, 8, 4], "texture": "#main"},
				"west": {"uv": [4, 5, 5, 8], "texture": "#main"},
				"up": {"uv": [5.625, 4.375, 6.625, 4.875], "rotation": 180, "texture": "#main"},
				"down": {"uv": [6, 0, 8, 1], "rotation": 180, "texture": "#main"}
			}
		}
	],
	"display": {
		"thirdperson_righthand": {
			"rotation": [90, 0, 0],
			"translation": [-5, -2, -1]
		},
		"thirdperson_lefthand": {
			"rotation": [90, 0, 0],
			"translation": [-5, -2, -1]
		},
		"firstperson_righthand": {
			"rotation": [0, 45, 0],
			"translation": [0, 1, 0],
			"scale": [0.4, 0.4, 0.4]
		},
		"firstperson_lefthand": {
			"rotation": [0, 45, 0],
			"translation": [0, 1, 0],
			"scale": [0.4, 0.4, 0.4]
		},
		"ground": {
			"scale": [2, 2, 2]
		},
		"gui": {
			"rotation": [30, 45, 0],
			"scale": [0.65, 0.65, 0.65]
		},
		"head": {
			"translation": [0, -27.25, -0.15],
			"scale": [1.6, 1.6, 1.6]
		},
		"fixed": {
			"scale": [2, 2, 2]
		}
	},
	"groups": [
		{
			"name": "head",
			"children": [
				{
					"name": "deadlock_skeleton",
					"children": [0, 1, 2, 3, 4, 5, 6, 7, 8, 9, 10, 11, 12, 13, 14, 15, 16, 17, 18]
				}
			]
		},
		{
			"name": "moving",
			"children": [19, 20, 21, 22, 23, 24, 25, 26, 27, 28,
				{
					"name": "body",
					"children": [
						{
							"name": "LL",
							"children": [29, 30]
						},
						{
							"name": "RL",
							"children": [31, 32]
						}, 33]
				}
			]
		}
	]
}