
{
  "config":
  {
    "feature":
    {
      "config":
      {
        "feature":
        {
          "config":
          {
            "feature":
            {
              "config":
              {

                "feature":
                {
                  "config":
                  {
                    "to_place":
                    {
						"Properties": {
						  "axis": "y"
						},
						"Name": "minecraft:dark_oak_log"
					  },
                    "place_on": [
                      {
						"Properties": {
						  "snowy": "false"
						},
						"Name": "minecraft:podzol"
                      }
                    ],
                    "place_in": [
                      {
                        "Name": "minecraft:air"
                      }
                    ],
                    "place_under": [
                      {
						"Properties": {
						  "axis": "y"
						},
						"Name": "minecraft:dark_oak_log"
					  }
                    ]
                  },
                  "type": "minecraft:simple_block"
                },
                "decorator":
                {
                  "config": {},
                  "type": "minecraft:nope"
                }
              },
              "type": "minecraft:decorated"
            },
            "decorator":
            {

              "config":
              {
                "outer":
                {
                  "config": {},
                  "type": "minecraft:square"
                },
                "inner":
                {
                  "config":
                  {
                    "bottom_offset": 60,
                    "top_offset": 0,
                    "maximum": 94
                  },
                  "type": "minecraft:range"
                }
              },
              "type": "minecraft:decorated"

            }
          },
          "type": "minecraft:decorated"
        },
        "decorator":
        {

          "config":
          {
            "count": 64
          },
          "type": "minecraft:count"

        }
      },
      "type": "minecraft:decorated"
    },
    "decorator":
    {
      "config":
      {
        "noise_level": -1.0,
        "below_noise": -250,
        "above_noise": 250
      },
      "type": "minecraft:count_noise"
    }
  },
  "type": "minecraft:decorated"
}
