{
  "config": {
    "max_water_depth": 2147483647,
    "ignore_vines": true,
    "heightmap": "MOTION_BLOCKING",
    "minimum_size": {
      "middle_size": 1,
      "upper_size": 2,
      "limit": 1,
      "upper_limit": 1,
      "lower_size": 0,
      "type": "minecraft:three_layers_feature_size"
    },
    "decorators": [],
    "trunk_provider": {
      "state": {
        "Properties": {
          "axis": "y"
        },
        "Name": "minecraft:dark_oak_log"
      },
      "type": "minecraft:simple_state_provider"
    },
    "leaves_provider": {
      "state": {
        "Properties": {
          "persistent": "false",
          "distance": "7"
        },
        "Name": "minecraft:dark_oak_leaves"
      },
      "entries": [
        {
          "weight": 20,
          "data":
          {
            "Name": "minecraft:dark_oak_leaves",
            "Properties":
            {
              "persistent": "false",
              "distance": "7"
            }
          }
        },
        {
          "weight": 1,
          "data":
          {
            "Name": "minecraft:cobweb"
          }
        }
      ],
      "type": "minecraft:weighted_state_provider"
    },
    "foliage_placer": {
      "radius": 0,
      "offset": 0,
      "type": "minecraft:dark_oak_foliage_placer"
    },
    "trunk_placer": {
      "base_height": 8,
      "height_rand_a": 1,
      "height_rand_b": 5,
      "type": "minecraft:dark_oak_trunk_placer"
    }
  },
  "type": "minecraft:tree"
}