{
  "config": {
    "max_water_depth": 3,
    "ignore_vines": true,
    "heightmap": "OCEAN_FLOOR",
    "minimum_size": {
      "limit": 1,
      "lower_size": 1,
      "upper_size": 2,
      "type": "minecraft:two_layers_feature_size"
    },
    "decorators": [],
    "trunk_provider": {
      "entries": [
        {
		  "weight": 10,
          "data":
          {
          "Properties": {
            "axis": "y"
          },
          "Name": "minecraft:stripped_dark_oak_log"
          }
        },
		{
		  "weight": 2,
          "data":
          {
            "Properties": {
            "axis": "y"
          },
          "Name": "minecraft:dark_oak_log"
          }
        }
      ],
      "type": "minecraft:weighted_state_provider"
    },
    "leaves_provider": {
      "entries": [
        {
		  "weight": 0,
          "data":
          {
          "Name": "minecraft:cobweb"
          }
        },
		{
		  "weight": 20,
          "data":
          {
            "Name": "minecraft:air"
          }
        },
		{
		  "weight": 0,
          "data":
          {
            "Properties":
            {
              "axis": "y"
            },
            "Name": "minecraft:stripped_dark_oak_log"
          }
        }
      ],
      "type": "minecraft:weighted_state_provider"
    },
    "foliage_placer": {
      "radius": 2,
      "offset": 4,
      "height": 4,
      "type": "minecraft:fancy_foliage_placer"
    },
    "trunk_placer": {
      "base_height": 10,
      "height_rand_a": 2,
      "height_rand_b": 6,
      "type": "minecraft:fancy_trunk_placer"
    }
  },
  "type": "minecraft:tree"
}