{
  "config": {
    "max_water_depth": 0,
    "ignore_vines": true,
    "heightmap": "OCEAN_FLOOR",
    "minimum_size": {
      "limit": 1,
      "lower_size": 0,
      "upper_size": 2,
      "type": "minecraft:two_layers_feature_size"
    },
    "decorators": [
      {
        "provider": {
          "state": {
            "Properties": {
              "snowy": "false"
            },
            "Name": "minecraft:mycelium"
          },
          "type": "minecraft:simple_state_provider"
        },
        "type": "minecraft:alter_ground"
      }
    ],
    "trunk_provider": {
      "state": {
        "Properties": {
          "west": "true",
          "up": "true",
          "south": "true",
          "north": "true",
          "east": "true",
          "down": "true"
        },
        "Name": "minecraft:mushroom_stem"
      },
      "type": "minecraft:simple_state_provider"
    },
    "leaves_provider": {
      "state": {
        "Properties": {
          "west": "true",
          "up": "true",
          "south": "true",
          "north": "true",
          "east": "true",
          "down": "false"
        },
        "Name": "minecraft:red_mushroom_block"
      },
      "type": "minecraft:simple_state_provider"
    },
    "foliage_placer": {
      "radius": 1,
      "offset": 0,
      "type": "minecraft:acacia_foliage_placer"
    },
    "trunk_placer": {
      "base_height": 2,
      "height_rand_a": 2,
      "height_rand_b": 2,
      "type": "minecraft:forking_trunk_placer"
    }
  },
  "type": "minecraft:tree"
}