{
    "__comment": "Made with TheDestruc7i0n's advancements generator: https://advancements.thedestruc7i0n.ca",
    "display": {
        "title": {
            "text": "Warp Pads"
        },
        "description": {
            "text": "Quick movement across large areas"
        },
        "icon": {
            "item": "minecraft:golden_apple"
        },
        "frame": "task",
        "show_toast": true,
        "announce_to_chat": false,
        "hidden": false,
        "background": "minecraft:textures/block/bubble_coral_block.png"
    },
    "criteria": {
        "hasenderpearl": {
            "trigger": "minecraft:inventory_changed",
            "conditions": {
                "items": [
                    {
                        "item": "minecraft:ender_pearl",
                        "count": {
                            "min": 1,
                            "max": 1
                        }
                    }
                ]
            }
        },
        "hasgapple": {
            "trigger": "minecraft:inventory_changed",
            "conditions": {
                "items": [
                    {
                        "item": "minecraft:golden_apple",
                        "count": {
                            "min": 1,
                            "max": 1
                        }
                    }
                ]
            }
        }
    },
    "requirements": [
        [
            "hasenderpearl",
            "hasgapple"
        ]
    ]
}