{
    "__comment": "Made with TheDestruc7i0n's advancements generator: https://advancements.thedestruc7i0n.ca",
    "display": {
        "title": {
            "text": "Teleportation Hub"
        },
        "description": {
            "text": "Create a Warp Pad with an Emerald Block, a Ghast Tear and four Phantom Membranes"
        },
        "icon": {
            "item": "minecraft:ghast_tear"
        },
        "frame": "task",
        "show_toast": true,
        "announce_to_chat": true,
        "hidden": false
    },
    "criteria": {
        "warppad2": {
            "trigger": "minecraft:impossible"
        }
    },
    "parent": "warppad:warppad1"
}