{
    "__comment": "Made with TheDestruc7i0n's advancements generator: https://advancements.thedestruc7i0n.ca",
    "display": {
        "title": {
            "text": "He can hurt you in other ways"
        },
        "description": {
            "text": "Bring a Dog along for the ride on a Warp Pad"
        },
        "icon": {
            "item": "minecraft:bone"
        },
        "frame": "challenge",
        "show_toast": true,
        "announce_to_chat": true,
        "hidden": false
    },
    "criteria": {
        "warpdog": {
            "trigger": "minecraft:impossible"
        }
    },
    "parent": "warppad:root"
}