{
    "__comment": "Made with TheDestruc7i0n's advancements generator: https://advancements.thedestruc7i0n.ca",
    "display": {
        "title": {
            "text": "My Parents Aren't Home"
        },
        "description": {
            "text": "Teleport 4500+ blocks using two Warp Pads"
        },
        "icon": {
            "item": "minecraft:poppy"
        },
        "frame": "challenge",
        "show_toast": true,
        "announce_to_chat": true,
        "hidden": false
    },
    "criteria": {
        "warped4500": {
            "trigger": "minecraft:impossible"
        }
    },
    "parent": "warppad:warppad3"
}