{
    "__comment": "Made with TheDestruc7i0n's advancements generator: https://advancements.thedestruc7i0n.ca",
    "display": {
        "title": {
            "text": "Awful Idea"
        },
        "description": {
            "text": "You brought a creeper into a Warp Pad with you... why?",
            "bold": false
        },
        "icon": {
            "item": "minecraft:creeper_head"
        },
        "frame": "challenge",
        "show_toast": true,
        "announce_to_chat": true,
        "hidden": true
    },
    "criteria": {
        "warpcreeper": {
            "trigger": "minecraft:impossible"
        }
    },
    "parent": "warppad:warpdog"
}