{
    "__comment": "Made with TheDestruc7i0n's advancements generator: https://advancements.thedestruc7i0n.ca",
    "display": {
        "title": {
            "text": "Trash Boat"
        },
        "description": {
            "text": "Rename a Warp Pad by throwing a named piece of paper on it"
        },
        "icon": {
            "item": "minecraft:paper"
        },
        "frame": "task",
        "show_toast": true,
        "announce_to_chat": true,
        "hidden": false
    },
    "criteria": {
        "warprename": {
            "trigger": "minecraft:impossible"
        }
    },
    "parent": "warppad:warppad1"
}