{
    "__comment": "Made with TheDestruc7i0n's advancements generator: https://advancements.thedestruc7i0n.ca",
    "display": {
        "title": {
            "text": "Slow down, buddy!"
        },
        "description": {
            "text": "Trigger the warp spam prevention system by warping too quickly"
        },
        "icon": {
            "item": "minecraft:barrier"
        },
        "frame": "task",
        "show_toast": true,
        "announce_to_chat": true,
        "hidden": true
    },
    "criteria": {
        "warpspam": {
            "trigger": "minecraft:impossible"
        }
    },
    "parent": "warppad:warped"
}