{
    "__comment": "Made with TheDestruc7i0n's advancements generator: https://advancements.thedestruc7i0n.ca",
    "display": {
        "title": {
            "text": "Vacation Home"
        },
        "description": {
            "text": "Create a Warp Pad with a Diamond Block, a Nether Star and four Eye of Ender"
        },
        "icon": {
            "item": "minecraft:nether_star"
        },
        "frame": "goal",
        "show_toast": true,
        "announce_to_chat": true,
        "hidden": false
    },
    "criteria": {
        "warppad3": {
            "trigger": "minecraft:impossible"
        }
    },
    "parent": "warppad:warppad2"
}