{
    "__comment": "Made with TheDestruc7i0n's advancements generator: https://advancements.thedestruc7i0n.ca",
    "display": {
        "title": {
            "text": "Hitch a Ride"
        },
        "description": {
            "text": "Have a friend warp you"
        },
        "icon": {
            "item": "minecraft:fishing_rod"
        },
        "frame": "task",
        "show_toast": true,
        "announce_to_chat": true,
        "hidden": false
    },
    "criteria": {
        "warphitch": {
            "trigger": "minecraft:impossible"
        }
    },
    "parent": "warppad:warped"
}