{
    "__comment": "Made with TheDestruc7i0n's advancements generator: https://advancements.thedestruc7i0n.ca",
    "display": {
        "title": {
            "text": "Warp Stream"
        },
        "description": {
            "text": "Create a Warp Pad with a Gold Block, a Golden Apple and four Quartz"
        },
        "icon": {
            "item": "minecraft:golden_apple"
        },
        "frame": "task",
        "show_toast": true,
        "announce_to_chat": true,
        "hidden": false
    },
    "criteria": {
        "warppad1": {
            "trigger": "minecraft:impossible"
        }
    },
    "parent": "warppad:root"
}