{
    "display": {
        "title": {
            "text": "Hivenest and Rabbithole"
        },
        "description": {
            "text": "An old hivenest infested by rabbits! (Only available in snapshot 20w45a)"
        },
        "icon": {
            "item": "minecraft:amethyst_shard"
        },
        "frame": "task",
        "show_toast": true,
        "announce_to_chat": true,
        "hidden": false
    },
    "parent": "custom:story/hivenest",
    "criteria": {
        "locate hivenest": {
            "trigger": "minecraft:impossible"
        }
    }
}
