{
    "display": {
        "title": {
            "text": "Nautilus Guardian"
        },
        "description": {
            "text": "Break the hard shell of the guardian"
        },
        "icon": {
            "item": "minecraft:nautilus_shell"
        },
        "frame": "task",
        "show_toast": true,
        "announce_to_chat": true,
        "hidden": false
    },
    "parent": "custom:story/deep_oasis",
    "criteria": {
        "kill nautilus guardian": {
            "trigger": "minecraft:player_killed_entity",
            "conditions": {
                "entity": {
                    "type": "minecraft:elder_guardian",
                    "nbt": "{Tags:[\"nautilus_guardian\"]}",
                    "distance": {
                        "absolute": {
                            "min": 0,
                            "max": 64
                        }
                    }
                }
            }
        }
    }
}
