{
  "type": "minecraft:chest",
  "pools": [
    {
      "rolls": 1,
      "entries": [
        {
          "type": "minecraft:item",
          "name": "minecraft:player_head",
          "functions": [
            {
              "function": "minecraft:set_nbt",
              "tag": "{display:{Lore:['{\"text\":\"Oh, you\\'re picking me up?\",\"italic\":false}']},SkullOwner:\"WhynautMe\"}"
            }
          ]
        },
        {
          "type": "minecraft:item",
          "name": "minecraft:player_head",
          "functions": [
            {
              "function": "minecraft:set_nbt",
              "tag": "{display:{Lore:['{\"text\":\"this is the best datapack i add to my server so far. if u find it tell me 16hir0#2514\",\"italic\":false}']},SkullOwner:\"16hir0\"}"
            }
          ]
        },
        {
          "type": "minecraft:item",
          "name": "minecraft:player_head",
          "functions": [
            {
              "function": "minecraft:set_nbt",
              "tag": "{display:{Lore:['{\"text\":\"my name is my name is Ovuvuevuevue Enyetuenwuevue Ugbemugbem Osas.\",\"italic\":false}']},SkullOwner:\"Q7_S\"}"
            }
          ]
        },
        {
          "type": "minecraft:item",
          "name": "minecraft:player_head",
          "functions": [
            {
              "function": "minecraft:set_nbt",
              "tag": "{display:{Lore:['{\"text\":\"Trans rights.\",\"italic\":false}']},SkullOwner:\"Nova_Ember\"}"
            }
          ]
        },
        {
          "type": "minecraft:item",
          "name": "minecraft:player_head",
          "functions": [
            {
              "function": "minecraft:set_nbt",
              "tag": "{display:{Lore:['{\"text\":\"The Maid Who Leaves Fate to the Dream of Eternity\",\"italic\":false}']},SkullOwner:\"FokaStudio\"}"
            }
          ]
        },
        {
          "type": "minecraft:item",
          "name": "minecraft:player_head",
          "functions": [
            {
              "function": "minecraft:set_nbt",
              "tag": "{display:{Lore:['{\"text\":\"this head is such a troll\",\"italic\":false}']},SkullOwner:\"trol_master\"}"
            }
          ]
        },
        {
          "type": "minecraft:item",
          "name": "minecraft:player_head",
          "functions": [
            {
              "function": "minecraft:set_nbt",
              "tag": "{display:{Lore:['{\"text\":\"If we shouldn\\'t eat at night, then why is here a light in the fridge?\",\"italic\":false}']},SkullOwner:\"Waffle_Wizard_\"}"
            }
          ]
        },
        {
          "type": "minecraft:item",
          "name": "minecraft:player_head",
          "functions": [
            {
              "function": "minecraft:set_nbt",
              "tag": "{display:{Lore:['{\"text\":\"Привет Россия!\",\"italic\":false}']},SkullOwner:\"okzerus\"}"
            }
          ]
        },
        {
          "type": "minecraft:item",
          "name": "minecraft:player_head",
          "functions": [
            {
              "function": "minecraft:set_nbt",
              "tag": "{display:{Lore:['{\"text\":\"look behind you.\",\"italic\":false}']},SkullOwner:\"SonkeyHong\"}"
            }
          ]
        },
        {
          "type": "minecraft:item",
          "name": "minecraft:player_head",
          "functions": [
            {
              "function": "minecraft:set_nbt",
              "tag": "{display:{Lore:['{\"text\":\"Slainte. When you invest in pud, you invest in your friends\",\"italic\":false}']},SkullOwner:\"Kaarter\"}"
            }
          ]
        },
        {
          "type": "minecraft:item",
          "name": "minecraft:player_head",
          "functions": [
            {
              "function": "minecraft:set_nbt",
              "tag": "{display:{Lore:['{\"text\":\"It\\'s called trash can, not trash can\\'t\",\"italic\":false}']},SkullOwner:\"RainbowSaber\"}"
            }
          ]
        },
        {
          "type": "minecraft:item",
          "name": "minecraft:player_head",
          "functions": [
            {
              "function": "minecraft:set_nbt",
              "tag": "{display:{Lore:['{\"text\":\"run away from that gigantic mutant hamster behind you\",\"italic\":false}']},SkullOwner:\"oranwein\"}"
            }
          ]
        },
        {
          "type": "minecraft:item",
          "name": "minecraft:player_head",
          "functions": [
            {
              "function": "minecraft:set_nbt",
              "tag": "{display:{Lore:['{\"text\":\"there is no cake\",\"italic\":false}']},SkullOwner:\"TwilightHunter00\"}"
            }
          ]
        },
        {
          "type": "minecraft:item",
          "name": "minecraft:player_head",
          "functions": [
            {
              "function": "minecraft:set_nbt",
              "tag": "{display:{Lore:['{\"text\":\"The cake is not a lie\",\"italic\":false}']},SkullOwner:\"Ahydul\"}"
            }
          ]
        },
        {
          "type": "minecraft:item",
          "name": "minecraft:player_head",
          "functions": [
            {
              "function": "minecraft:set_nbt",
              "tag": "{display:{Lore:['{\"text\":\"still waiting for my dungeon to load :/\",\"italic\":false}']},SkullOwner:\"YoannBB2\"}"
            }
          ]
        },
        {
          "type": "minecraft:item",
          "name": "minecraft:player_head",
          "functions": [
            {
              "function": "minecraft:set_nbt",
              "tag": "{display:{Lore:['{\"text\":\"put this in beepbob26\\'s chest\",\"italic\":false}']},SkullOwner:\"rxveen\"}"
            }
          ]
        }
      ]
    }
  ]
}
