{
  "type": "minecraft:decorated",
  "config": {
    "decorator": {
      "type": "minecraft:count_noise_biased",
      "config": {
        "noise_to_count_ratio": 10,
        "noise_factor": 500,
        "noise_offset": -0.6
      }
    },
    "feature": {
      "type": "minecraft:decorated",
      "config": {
        "decorator": {
          "type": "minecraft:heightmap",
          "config": {}
        },
        "feature": {
          "type": "minecraft:decorated",
          "config": {
            "decorator": {
              "type": "minecraft:square",
              "config": {}
            },
            "feature": {
              "type": "minecraft:lake",
              "config": {
                "state": {
                  "Name": "minecraft:white_concrete_powder"
                }
              }
            }
          }
        }
      }
    }
  }
}