{
  "type": "minecraft:decorated",
  "config": {
    "decorator": {
      "type": "minecraft:decorated",
      "config": {
        "outer": {
          "type": "minecraft:square",
          "config": {}
        },
        "inner": {
          "type": "minecraft:heightmap",
          "config": {}
        }
      }
    },
    "feature": {
      "type": "minecraft:decorated",
      "config": {
        "decorator": {
          "type": "minecraft:count",
          "config": {
            "count": 30
          }
        },
        "feature": {
          "type": "minecraft:random_patch",
          "config": {
            "can_replace": false,
            "project": false,
            "need_water": false,
            "xspread": 7,
            "yspread": 3,
            "zspread": 7,
            "tries": 64,
            "state_provider": {
              "type": "minecraft:weighted_state_provider",
              "entries": [
                {
                  "weight": 2,
                  "data": {
                    "Name": "minecraft:warped_roots"
                  }
                },
                {
                  "weight": 5,
                  "data": {
                    "Name": "minecraft:nether_sprouts"
                  }
                }
              ]
            },
            "block_placer": {
              "type": "minecraft:simple_block_placer"
            },
            "whitelist": [
              {
                "Name": "minecraft:warped_nylium"
              },
              {
                "Name": "minecraft:prismarine"
              }
            ],
            "blacklist": []
          }
        }
      }
    }
  }
}