{
  "type": "minecraft:decorated",
  "config": {
    "decorator": {
      "type": "minecraft:count_extra",
      "config": {
        "count": 50,
        "extra_count": 0,
        "extra_chance": 0
      }
    },
    "feature": {
      "type": "minecraft:decorated",
      "config": {
        "decorator": {
          "type": "minecraft:square",
          "config": {}
        },
        "feature": {
          "type": "minecraft:decorated",
          "config": {
            "decorator": {
              "type": "minecraft:heightmap",
              "config": {}
            },
            "feature": {
              "type": "minecraft:decorated",
              "config": {
                "decorator": {
                  "type": "minecraft:count_noise_biased",
                  "config": {
                    "noise_to_count_ratio": 1,
                    "noise_factor": 180,
                    "noise_offset": 0.12
                  }
                },
                "feature": {
                  "type": "minecraft:simple_block",
                  "config": {
                    "to_place": {
                      "Name": "minecraft:tnt",
                      "Properties": {
                        "unstable": "false"
                      }
                    },
                    "place_on": [
                      {
                        "Name": "minecraft:end_stone"
                      }
                    ],
                    "place_in": [
                      {
                        "Name": "minecraft:grass_block",
                        "Properties": {
                          "snowy": "false"
                        }
                      }
                    ],
                    "place_under": [
                      {
                        "Name": "minecraft:sculk_sensor",
                        "Properties": {
                          "power": "0",
                          "sculk_sensor_phase": "inactive",
                          "waterlogged": "false"
                        }
                      }
                    ]
                  }
                }
              }
            }
          }
        }
      }
    }
  }
}
