{
  "config": {
    "max_water_depth": 0,
    "ignore_vines": true,
    "heightmap": "OCEAN_FLOOR",
    "minimum_size": {
      "limit": 1,
      "lower_size": 1,
      "upper_size": 2,
      "type": "minecraft:two_layers_feature_size"
    },
    "decorators": [
      {
        "probability": 0.1,
        "type": "minecraft:beehive"
      }
    ],
    "trunk_provider": {
      "state": {
        "Properties": {
          "axis": "y"
        },
        "Name": "minecraft:oak_log"
      },
      "type": "minecraft:simple_state_provider"
    },
    "leaves_provider": {
      "state": {
        "Properties": {
          "persistent": "false",
          "distance": "7"
        },
        "Name": "minecraft:oak_leaves"
      },
      "type": "minecraft:simple_state_provider"
    },
    "foliage_placer": {
      "radius": 2,
      "offset": 4,
      "height": 4,
      "type": "minecraft:fancy_foliage_placer"
    },
    "trunk_placer": {
      "base_height": 6,
      "height_rand_a": 2,
      "height_rand_b": 4,
      "type": "minecraft:fancy_trunk_placer"
    }
  },
  "type": "minecraft:tree"
}