{
  "config": {
    "feature": {
      "config": {
        "feature": {
          "config": {
            "can_replace": false,
            "project": true,
            "need_water": false,
            "xspread": 7,
            "yspread": 3,
            "zspread": 7,
            "whitelist": [
			{
                "Properties": {
				  "moisture": "0"
				},
				"Name": "minecraft:farmland"
              }
            ],
            "blacklist": [],
            "tries": 64,
            "state_provider": {
              "state": {
                "Properties": {
				  "age": "7"
				},
				"Name": "minecraft:wheat"
              },
              "type": "minecraft:simple_state_provider"
            },
            "block_placer": {
              "type": "minecraft:simple_block_placer"
            }
          },
          "type": "minecraft:random_patch"
        },
        "decorator": {
          "config": {
            "outer": {
              "config": {},
              "type": "minecraft:square"
            },
            "inner": {
              "config": {},
              "type": "minecraft:heightmap_spread_double"
            }
          },
          "type": "minecraft:decorated"
        }
      },
      "type": "minecraft:decorated"
    },
    "decorator": {
      "config": {
        "count": 64
      },
      "type": "minecraft:count"
    }
  },
  "type": "minecraft:decorated"
}