{
  "type": "minecraft:decorated",
  "config": {
    "decorator": {
      "type": "minecraft:chance",
      "config": {
        "chance": 8
      }
    },
    "feature": {
      "type": "minecraft:decorated",
      "config": {
        "decorator": {
          "type": "minecraft:decorated",
          "config": {
            "outer": {
              "type": "minecraft:square",
              "config": {}
            },
            "inner": {
              "type": "minecraft:heightmap",
              "config": {}
            }
          }
        },
        "feature": {
          "type": "minecraft:decorated",
          "config": {
            "decorator": {
              "type": "minecraft:count",
              "config": {
                "count": 32
              }
            },
            "feature": {
              "type": "minecraft:random_patch",
              "config": {
                "can_replace": true,
                "project": false,
                "need_water": false,
                "xspread": 7,
                "yspread": 3,
                "zspread": 7,
                "tries": 1,
                "state_provider": {
                  "type": "minecraft:weighted_state_provider",
                  "entries": [
                    {
                      "weight": 200,
                      "data": {
                        "Name": "minecraft:pumpkin"
                      }
                    },
                    {
                      "weight": 4,
                      "data": {
                        "Name": "minecraft:carved_pumpkin",
                        "Properties": {
                          "facing": "east"
                        }
                      }
                    },
                    {
                      "weight": 4,
                      "data": {
                        "Name": "minecraft:carved_pumpkin",
                        "Properties": {
                          "facing": "west"
                        }
                      }
                    },
                    {
                      "weight": 4,
                      "data": {
                        "Name": "minecraft:carved_pumpkin",
                        "Properties": {
                          "facing": "north"
                        }
                      }
                    },
                    {
                      "weight": 4,
                      "data": {
                        "Name": "minecraft:carved_pumpkin",
                        "Properties": {
                          "facing": "south"
                        }
                      }
                    }
                  ]
                },
                "block_placer": {
                  "type": "minecraft:simple_block_placer"
                },
                "whitelist": [
                  {
                    "Name": "minecraft:grass_block",
                    "Properties": {
                      "snowy": "false"
                    }
                  }
                ],
                "blacklist": []
              }
            }
          }
        }
      }
    }
  }
}