{
  "type": "minecraft:decorated",
  "config": {
    "decorator": {
      "type": "minecraft:chance",
      "config": {
        "chance": 8
      }
    },
    "feature": {
      "type": "minecraft:decorated",
      "config": {
        "decorator": {
          "type": "minecraft:square",
          "config": {}
        },
        "feature": {
          "type": "minecraft:decorated",
          "config": {
            "decorator": {
              "type": "minecraft:count",
              "config": {
                "count": 100
              }
            },
            "feature": {
              "type": "minecraft:random_selector",
              "config": {
                "features": [
                  {
                    "chance": 0.3,
                    "feature": {
                      "type": "minecraft:decorated",
                      "config": {
                        "decorator": {
                          "type": "minecraft:heightmap",
                          "config": {}
                        },
                        "feature": {
                          "type": "minecraft:simple_block",
                          "config": {
                            "to_place": {
                              "Name": "minecraft:oak_fence",
                              "Properties": {
                                "east": "false",
                                "north": "false",
                                "south": "false",
                                "west": "false",
                                "waterlogged": "false"
                              }
                            },
                            "place_on": [
                              {
                                "Name": "minecraft:grass_path"
                              }
                            ],
                            "place_in": [
                              {
                                "Name": "minecraft:air"
                              }
                            ],
                            "place_under": [
                              {
                                "Name": "minecraft:air"
                              }
                            ]
                          }
                        }
                      }
                    }
                  },
                  {
                    "chance": 0.3,
                    "feature": {
                      "type": "minecraft:decorated",
                      "config": {
                        "decorator": {
                          "type": "minecraft:heightmap",
                          "config": {}
                        },
                        "feature": {
                          "type": "minecraft:simple_block",
                          "config": {
                            "to_place": {
                              "Name": "minecraft:green_wool"
                            },
                            "place_on": [
                              {
                                "Name": "minecraft:oak_fence",
                                "Properties": {
                                  "east": "false",
                                  "north": "false",
                                  "south": "false",
                                  "west": "false",
                                  "waterlogged": "false"
                                }
                              }
                            ],
                            "place_in": [
                              {
                                "Name": "minecraft:air"
                              }
                            ],
                            "place_under": [
                              {
                                "Name": "minecraft:air"
                              }
                            ]
                          }
                        }
                      }
                    }
                  }
                ],
                "default": {
                  "type": "minecraft:simple_random_selector",
                  "config": {
                    "features": [
                      {
                        "type": "minecraft:decorated",
                        "config": {
                          "decorator": {
                            "type": "minecraft:heightmap",
                            "config": {}
                          },
                          "feature": {
                            "type": "minecraft:simple_block",
                            "config": {
                              "to_place": {
                                "Name": "minecraft:jack_o_lantern",
                                "Properties": {
                                  "facing": "north"
                                }
                              },
                              "place_on": [
                                {
                                  "Name": "minecraft:green_wool"
                                }
                              ],
                              "place_in": [
                                {
                                  "Name": "minecraft:air"
                                }
                              ],
                              "place_under": [
                                {
                                  "Name": "minecraft:air"
                                }
                              ]
                            }
                          }
                        }
                      },
                      {
                        "type": "minecraft:decorated",
                        "config": {
                          "decorator": {
                            "type": "minecraft:heightmap",
                            "config": {}
                          },
                          "feature": {
                            "type": "minecraft:simple_block",
                            "config": {
                              "to_place": {
                                "Name": "minecraft:jack_o_lantern",
                                "Properties": {
                                  "facing": "south"
                                }
                              },
                              "place_on": [
                                {
                                  "Name": "minecraft:green_wool"
                                }
                              ],
                              "place_in": [
                                {
                                  "Name": "minecraft:air"
                                }
                              ],
                              "place_under": [
                                {
                                  "Name": "minecraft:air"
                                }
                              ]
                            }
                          }
                        }
                      },
                      {
                        "type": "minecraft:decorated",
                        "config": {
                          "decorator": {
                            "type": "minecraft:heightmap",
                            "config": {}
                          },
                          "feature": {
                            "type": "minecraft:simple_block",
                            "config": {
                              "to_place": {
                                "Name": "minecraft:jack_o_lantern",
                                "Properties": {
                                  "facing": "east"
                                }
                              },
                              "place_on": [
                                {
                                  "Name": "minecraft:green_wool"
                                }
                              ],
                              "place_in": [
                                {
                                  "Name": "minecraft:air"
                                }
                              ],
                              "place_under": [
                                {
                                  "Name": "minecraft:air"
                                }
                              ]
                            }
                          }
                        }
                      },
                      {
                        "type": "minecraft:decorated",
                        "config": {
                          "decorator": {
                            "type": "minecraft:heightmap",
                            "config": {}
                          },
                          "feature": {
                            "type": "minecraft:simple_block",
                            "config": {
                              "to_place": {
                                "Name": "minecraft:jack_o_lantern",
                                "Properties": {
                                  "facing": "west"
                                }
                              },
                              "place_on": [
                                {
                                  "Name": "minecraft:green_wool"
                                }
                              ],
                              "place_in": [
                                {
                                  "Name": "minecraft:air"
                                }
                              ],
                              "place_under": [
                                {
                                  "Name": "minecraft:air"
                                }
                              ]
                            }
                          }
                        }
                      }
                    ]
                  }
                }
              }
            }
          }
        }
      }
    }
  }
}