{
  "type": "minecraft:decorated",
  "config": {
    "decorator": {
      "type": "minecraft:count_extra",
      "config": {
        "count": 5000,
        "extra_count": 0,
        "extra_chance": 0
      }
    },
    "feature": {
      "type": "minecraft:decorated",
      "config": {
        "decorator": {
          "type": "minecraft:square",
          "config": {}
        },
        "feature": {
          "type": "minecraft:decorated",
          "config": {
            "decorator": {
              "type": "minecraft:range",
              "config": {
                "maximum": 10,
                "bottom_offset": 63,
                "top_offset": 0
              }
            },
            "feature": {
              "type": "minecraft:simple_block",
              "config": {
                "to_place": {
                  "Name": "minecraft:dirt"
                },
                "place_on": [
                  {
                    "Name": "minecraft:dirt"
                  }
                ],
                "place_in": [
                  {
                    "Name": "minecraft:grass_path"
                  }
                ],
                "place_under": [
                  {
                    "Name": "minecraft:tall_grass",
                    "Properties": {
                      "half": "lower"
                    }
                  },
                  {
                    "Name": "minecraft:pumpkin"
                  },
                  {
                    "Name": "minecraft:hay_block",
                    "Properties": {
                      "axis": "z"
                    }
                  },
                  {
                    "Name": "minecraft:hay_block",
                    "Properties": {
                      "axis": "y"
                    }
                  },
                  {
                    "Name": "minecraft:hay_block",
                    "Properties": {
                      "axis": "x"
                    }
                  },
                  {
                    "Name": "minecraft:sunflower",
                    "Properties": {
                      "half": "lower"
                    }
                  },
                  {
                    "Name": "minecraft:grass"
                  }
                ]
              }
            }
          }
        }
      }
    }
  }
}