{
    "pools": [
        {
            "rolls": {
                "min": 2,
                "max": 10
            },
            "entries": [
                {
                    "type": "item",
                    "name": "minecraft:book",
                    "functions": [
                        {
                            "function": "set_count",
                            "count": {
                                "min": 1,
                                "max": 3
                            }
                        }
                    ],
                    "weight": 20
                },
                {
                    "type": "item",
                    "name": "minecraft:paper",
                    "functions": [
                        {
                            "function": "set_count",
                            "count": {
                                "min": 2,
                                "max": 7
                            }
                        }
                    ],
                    "weight": 20
                },
                {
                    "type": "item",
                    "name": "minecraft:map",
                    "weight": 1
                },
                {
                    "type": "item",
                    "name": "minecraft:compass",
                    "weight": 1
                },
                {
                    "type": "item",
                    "name": "minecraft:book",
                    "weight": 10,
                    "functions": [
                        {
                            "function": "enchant_with_levels",
                            "levels": 30,
                            "treasure": true
                        }
                    ]
                }
            ]
        },
        {
            "rolls": {
                "min": 1,
                "max": 3
            },
            "entries": [
            	{
                  "type": "item",
                  "name": "minecraft:enchanted_book",
                  "weight": 3,
                  "functions": [
                    {
                      "function": "set_nbt",
                      "tag": "{StoredCustomEnchantments:[{id:\"BrightVision\",lvl:1}],display:{Lore:[\"{\\\"text\\\":\\\"Bright Vision\\\",\\\"color\\\":\\\"gray\\\",\\\"italic\\\":false}\"]}}"
                    }
                  ]
                },
                {
                  "type": "item",
                  "name": "minecraft:enchanted_book",
                  "weight": 4,
                  "functions": [
                    {
                      "function": "set_nbt",
                      "tag": "{StoredCustomEnchantments:[{id:\"PoisonAspect\",lvl:1}],display:{Lore:[\"{\\\"text\\\":\\\"Poison Aspect I\\\",\\\"color\\\":\\\"gray\\\",\\\"italic\\\":false}\"]}}"
                    }
                  ]
                },
                {
                  "type": "item",
                  "name": "minecraft:enchanted_book",
                  "weight": 3,
                  "functions": [
                    {
                      "function": "set_nbt",
                      "tag": "{StoredCustomEnchantments:[{id:\"Leaping\",lvl:1}],display:{Lore:[\"{\\\"text\\\":\\\"Leaping I\\\",\\\"color\\\":\\\"gray\\\",\\\"italic\\\":false}\"]}}"
                    }
                  ]
                },
                {
                  "type": "item",
                  "name": "minecraft:enchanted_book",
                  "weight": 3,
                  "functions": [
                    {
                      "function": "set_nbt",
                      "tag": "{StoredCustomEnchantments:[{id:\"Agility\",lvl:1}],display:{Lore:[\"{\\\"text\\\":\\\"Agility I\\\",\\\"color\\\":\\\"gray\\\",\\\"italic\\\":false}\"]}}"
                    }
                  ]
                },
                {
                  "type": "item",
                  "name": "minecraft:enchanted_book",
                  "weight": 3,
                  "functions": [
                    {
                      "function": "set_nbt",
                      "tag": "{StoredCustomEnchantments:[{id:\"LifePlus\",lvl:1}],display:{Lore:[\"{\\\"text\\\":\\\"Life+ I\\\",\\\"color\\\":\\\"gray\\\",\\\"italic\\\":false}\"]}}"
                    }
                  ]
                },
                {
                  "type": "item",
                  "name": "minecraft:enchanted_book",
                  "weight": 1,
                  "functions": [
                    {
                      "function": "set_nbt",
                      "tag": "{StoredCustomEnchantments:[{id:\"BurstArrow\",lvl:1}],display:{Lore:[\"{\\\"text\\\":\\\"Burst Arrow\\\",\\\"color\\\":\\\"gray\\\",\\\"italic\\\":false}\"]}}"
                    }
                  ]
                },
                {
                  "type": "item",
                  "name": "minecraft:enchanted_book",
                  "weight": 2,
                  "functions": [
                    {
                      "function": "set_nbt",
                      "tag": "{StoredCustomEnchantments:[{id:\"Haste\",lvl:1}],display:{Lore:[\"{\\\"text\\\":\\\"Haste I\\\",\\\"color\\\":\\\"gray\\\",\\\"italic\\\":false}\"]}}"
                    }
                  ]
                },
                {
                  "type": "item",
                  "name": "minecraft:enchanted_book",
                  "weight": 3,
                  "functions": [
                    {
                      "function": "set_nbt",
                      "tag": "{StoredCustomEnchantments:[{id:\"Leaping\",lvl:2}],display:{Lore:[\"{\\\"text\\\":\\\"Leaping II\\\",\\\"color\\\":\\\"gray\\\",\\\"italic\\\":false}\"]}}"
                    }
                  ]
                },
                {
                  "type": "item",
                  "name": "minecraft:enchanted_book",
                  "weight": 3,
                  "functions": [
                    {
                      "function": "set_nbt",
                      "tag": "{StoredCustomEnchantments:[{id:\"Agility\",lvl:2}],display:{Lore:[\"{\\\"text\\\":\\\"Agility II\\\",\\\"color\\\":\\\"gray\\\",\\\"italic\\\":false}\"]}}"
                    }
                  ]
                },
                {
                  "type": "item",
                  "name": "minecraft:enchanted_book",
                  "weight": 3,
                  "functions": [
                    {
                      "function": "set_nbt",
                      "tag": "{StoredCustomEnchantments:[{id:\"PoisonAspect\",lvl:2}],display:{Lore:[\"{\\\"text\\\":\\\"Poison Aspect II\\\",\\\"color\\\":\\\"gray\\\",\\\"italic\\\":false}\"]}}"
                    }
                  ]
                },
                {
                  "type": "item",
                  "name": "minecraft:enchanted_book",
                  "weight": 1,
                  "functions": [
                    {
                      "function": "set_nbt",
                      "tag": "{StoredCustomEnchantments:[{id:\"SwimPlus\",lvl:1}],display:{Lore:[\"{\\\"text\\\":\\\"Swim+\\\",\\\"color\\\":\\\"gray\\\",\\\"italic\\\":false}\"]}}"
                    }
                  ]
                },
                {
                  "type": "item",
                  "name": "minecraft:enchanted_book",
                  "weight": 3,
                  "functions": [
                    {
                      "function": "set_nbt",
                      "tag": "{StoredCustomEnchantments:[{id:\"AntiExplosion\",lvl:1}],display:{Lore:[\"{\\\"text\\\":\\\"Anti-Explosion\\\",\\\"color\\\":\\\"gray\\\",\\\"italic\\\":false}\"]}}"
                    }
                  ]
                },
                {
                  "type": "item",
                  "name": "minecraft:enchanted_book",
                  "weight": 2,
                  "functions": [
                    {
                      "function": "set_nbt",
                      "tag": "{StoredCustomEnchantments:[{id:\"AutoSmelt\",lvl:1}],display:{Lore:[\"{\\\"text\\\":\\\"Auto-Smelt\\\",\\\"color\\\":\\\"gray\\\",\\\"italic\\\":false}\"]}}"
                    }
                  ]
                },
                {
                  "type": "item",
                  "name": "minecraft:enchanted_book",
                  "weight": 2,
                  "functions": [
                    {
                      "function": "set_nbt",
                      "tag": "{StoredCustomEnchantments:[{id:\"AccuracyShot\",lvl:1}],display:{Lore:[\"{\\\"text\\\":\\\"Accuracy Shot\\\",\\\"color\\\":\\\"gray\\\",\\\"italic\\\":false}\"]}}"
                    }
                  ]
                },
                {
                  "type": "item",
                  "name": "minecraft:enchanted_book",
                  "weight": 2,
                  "functions": [
                    {
                      "function": "set_nbt",
                      "tag": "{StoredCustomEnchantments:[{id:\"LavaWalker\",lvl:1}],display:{Lore:[\"{\\\"text\\\":\\\"Lava Walker\\\",\\\"color\\\":\\\"gray\\\",\\\"italic\\\":false}\"]}}"
                    }
                  ]
                },
                {
                  "type": "item",
                  "name": "minecraft:enchanted_book",
                  "weight": 3,
                  "functions": [
                    {
                      "function": "set_nbt",
                      "tag": "{StoredCustomEnchantments:[{id:\"AntiVenom\",lvl:1}],display:{Lore:[\"{\\\"text\\\":\\\"Anti-Venom I\\\",\\\"color\\\":\\\"gray\\\",\\\"italic\\\":false}\"]}}"
                    }
                  ]
                },
                {
                  "type": "item",
                  "name": "minecraft:enchanted_book",
                  "weight": 2,
                  "functions": [
                    {
                      "function": "set_nbt",
                      "tag": "{StoredCustomEnchantments:[{id:\"TimeBreaker\",lvl:2}],display:{Lore:[\"{\\\"text\\\":\\\"Time Breaker I\\\",\\\"color\\\":\\\"gray\\\",\\\"italic\\\":false}\"]}}"
                    }
                  ]
                },
                {
                  "type": "item",
                  "name": "minecraft:enchanted_book",
                  "weight": 2,
                  "functions": [
                    {
                      "function": "set_nbt",
                      "tag": "{StoredCustomEnchantments:[{id:\"MultiShot\",lvl:1}],display:{Lore:[\"{\\\"text\\\":\\\"Multi Shot\\\",\\\"color\\\":\\\"gray\\\",\\\"italic\\\":false}\"]}}"
                    }
                  ]
                },
                {
                  "type": "item",
                  "name": "minecraft:enchanted_book",
                  "weight": 2,
                  "functions": [
                    {
                      "function": "set_nbt",
                      "tag": "{StoredCustomEnchantments:[{id:\"Agility\",lvl:3}],display:{Lore:[\"{\\\"text\\\":\\\"Agility III\\\",\\\"color\\\":\\\"gray\\\",\\\"italic\\\":false}\"]}}"
                    }
                  ]
                },
                {
                  "type": "item",
                  "name": "minecraft:enchanted_book",
                  "weight": 1,
                  "functions": [
                    {
                      "function": "set_nbt",
                      "tag": "{StoredCustomEnchantments:[{id:\"PoisonAspect\",lvl:3}],display:{Lore:[\"{\\\"text\\\":\\\"Poison Aspect III\\\",\\\"color\\\":\\\"gray\\\",\\\"italic\\\":false}\"]}}"
                    }
                  ]
                },
                {
                  "type": "item",
                  "name": "minecraft:enchanted_book",
                  "weight": 2,
                  "functions": [
                    {
                      "function": "set_nbt",
                      "tag": "{StoredCustomEnchantments:[{id:\"Leaping\",lvl:3}],display:{Lore:[\"{\\\"text\\\":\\\"Leaping III\\\",\\\"color\\\":\\\"gray\\\",\\\"italic\\\":false}\"]}}"
                    }
                  ]
                },
                {
                  "type": "item",
                  "name": "minecraft:enchanted_book",
                  "weight": 1,
                  "functions": [
                    {
                      "function": "set_nbt",
                      "tag": "{StoredCustomEnchantments:[{id:\"AntiVenom\",lvl:2}],display:{Lore:[\"{\\\"text\\\":\\\"Anti-Venom II\\\",\\\"color\\\":\\\"gray\\\",\\\"italic\\\":false}\"]}}"
                    }
                  ]
                },
                {
                  "type": "item",
                  "name": "minecraft:enchanted_book",
                  "weight": 2,
                  "functions": [
                    {
                      "function": "set_nbt",
                      "tag": "{StoredCustomEnchantments:[{id:\"LifePlus\",lvl:2}],display:{Lore:[\"{\\\"text\\\":\\\"Life+ II\\\",\\\"color\\\":\\\"gray\\\",\\\"italic\\\":false}\"]}}"
                    }
                  ]
                },
                {
                  "type": "item",
                  "name": "minecraft:enchanted_book",
                  "weight": 1,
                  "functions": [
                    {
                      "function": "set_nbt",
                      "tag": "{StoredCustomEnchantments:[{id:\"LifePlus\",lvl:3}],display:{Lore:[\"{\\\"text\\\":\\\"Life+ III\\\",\\\"color\\\":\\\"gray\\\",\\\"italic\\\":false}\"]}}"
                    }
                  ]
                },
                {
                  "type": "item",
                  "name": "minecraft:enchanted_book",
                  "weight": 1,
                  "functions": [
                    {
                      "function": "set_nbt",
                      "tag": "{StoredCustomEnchantments:[{id:\"LifePlus\",lvl:4}],display:{Lore:[\"{\\\"text\\\":\\\"Life+ IV\\\",\\\"color\\\":\\\"gray\\\",\\\"italic\\\":false}\"]}}"
                    }
                  ]
                },
                {
                  "type": "item",
                  "name": "minecraft:enchanted_book",
                  "weight": 1,
                  "functions": [
                    {
                      "function": "set_nbt",
                      "tag": "{StoredCustomEnchantments:[{id:\"LifePlus\",lvl:5}],display:{Lore:[\"{\\\"text\\\":\\\"Life+ V\\\",\\\"color\\\":\\\"gray\\\",\\\"italic\\\":false}\"]}}"
                    }
                  ]
                },
                {
                  "type": "item",
                  "name": "minecraft:enchanted_book",
                  "weight": 1,
                  "functions": [
                    {
                      "function": "set_nbt",
                      "tag": "{StoredCustomEnchantments:[{id:\"CloudWalker\",lvl:1}],display:{Lore:[\"{\\\"text\\\":\\\"Cloud Walker\\\",\\\"color\\\":\\\"gray\\\",\\\"italic\\\":false}\"]}}"
                    }
                  ]
                },
                {
                  "type": "item",
                  "name": "minecraft:enchanted_book",
                  "weight": 1,
                  "functions": [
                    {
                      "function": "set_nbt",
                      "tag": "{StoredCustomEnchantments:[{id:\"MiningPlus\",lvl:1}],display:{Lore:[\"{\\\"text\\\":\\\"Mining+\\\",\\\"color\\\":\\\"gray\\\",\\\"italic\\\":false}\"]}}"
                    }
                  ]
                },
                {
                  "type": "item",
                  "name": "minecraft:enchanted_book",
                  "weight": 1,
                  "functions": [
                    {
                      "function": "set_nbt",
                      "tag": "{StoredCustomEnchantments:[{id:\"TimeBreaker\",lvl:2}],display:{Lore:[\"{\\\"text\\\":\\\"Time Breaker II\\\",\\\"color\\\":\\\"gray\\\",\\\"italic\\\":false}\"]}}"
                    }
                  ]
                },
                {
                  "type": "item",
                  "name": "minecraft:enchanted_book",
                  "weight": 1,
                  "functions": [
                    {
                      "function": "set_nbt",
                      "tag": "{StoredCustomEnchantments:[{id:\"LifeSteal\",lvl:1}],display:{Lore:[\"{\\\"text\\\":\\\"Life Steal\\\",\\\"color\\\":\\\"gray\\\",\\\"italic\\\":false}\"]}}"
                    }
                  ]
                },
                {
                  "type": "item",
                  "name": "minecraft:enchanted_book",
                  "weight": 2,
                  "functions": [
                    {
                      "function": "set_nbt",
                      "tag": "{StoredCustomEnchantments:[{id:\"AutoFeed\",lvl:1}],display:{Lore:[\"{\\\"text\\\":\\\"Auto-Feed\\\",\\\"color\\\":\\\"gray\\\",\\\"italic\\\":false}\"]}}"
                    }
                  ]
                },
                {
                  "type": "item",
                  "name": "minecraft:enchanted_book",
                  "weight": 2,
                  "functions": [
                    {
                      "function": "set_nbt",
                      "tag": "{StoredCustomEnchantments:[{id:\"BloodyBlade\",lvl:1}],display:{Lore:[\"{\\\"text\\\":\\\"Bloody Blade\\\",\\\"color\\\":\\\"gray\\\",\\\"italic\\\":false}\"]}}"
                    }
                  ]
                },
                {
                  "type": "item",
                  "name": "minecraft:enchanted_book",
                  "weight": 2,
                  "functions": [
                    {
                      "function": "set_nbt",
                      "tag": "{StoredCustomEnchantments:[{id:\"AttackSpeed\",lvl:1}],display:{Lore:[\"{\\\"text\\\":\\\"Attack Speed I\\\",\\\"color\\\":\\\"gray\\\",\\\"italic\\\":false}\"]}}"
                    }
                  ]
                },
                {
                  "type": "item",
                  "name": "minecraft:enchanted_book",
                  "weight": 2,
                  "functions": [
                    {
                      "function": "set_nbt",
                      "tag": "{StoredCustomEnchantments:[{id:\"AttackSpeed\",lvl:2}],display:{Lore:[\"{\\\"text\\\":\\\"Attack Speed II\\\",\\\"color\\\":\\\"gray\\\",\\\"italic\\\":false}\"]}}"
                    }
                  ]
                },
                {
                  "type": "item",
                  "name": "minecraft:enchanted_book",
                  "weight": 2,
                  "functions": [
                    {
                      "function": "set_nbt",
                      "tag": "{StoredCustomEnchantments:[{id:\"AttackSpeed\",lvl:3}],display:{Lore:[\"{\\\"text\\\":\\\"Attack Speed III\\\",\\\"color\\\":\\\"gray\\\",\\\"italic\\\":false}\"]}}"
                    }
                  ]
                },
                {
                  "type": "item",
                  "name": "minecraft:enchanted_book",
                  "weight": 2,
                  "functions": [
                    {
                      "function": "set_nbt",
                      "tag": "{StoredCustomEnchantments:[{id:\"LastLife\",lvl:1}],display:{Lore:[\"{\\\"text\\\":\\\"Last Life\\\",\\\"color\\\":\\\"gray\\\",\\\"italic\\\":false}\"]}}"
                    }
                  ]
                },
                {
                  "type": "item",
                  "name": "minecraft:enchanted_book",
                  "weight": 2,
                  "functions": [
                    {
                      "function": "set_nbt",
                      "tag": "{StoredCustomEnchantments:[{id:\"AntiKnockback\",lvl:1}],display:{Lore:[\"{\\\"text\\\":\\\"Anti-Knockback\\\",\\\"color\\\":\\\"gray\\\",\\\"italic\\\":false}\"]}}"
                    }
                  ]
                },               
                {
                  "type": "item",
                  "name": "minecraft:enchanted_book",
                  "weight": 2,
                  "functions": [
                    {
                      "function": "set_nbt",
                      "tag": "{StoredCustomEnchantments:[{id:\"Haste\",lvl:2}],display:{Lore:[\"{\\\"text\\\":\\\"Haste II\\\",\\\"color\\\":\\\"gray\\\",\\\"italic\\\":false}\"]}}"
                    }
                  ]
                } 
            ]    
        }
    ]
}