{
  "type": "minecraft:generic",
  "pools": [
    {
      "rolls": 1,
      "entries": [
        {
          "type": "minecraft:item",
          "name": "minecraft:golden_apple",
          "functions": [
            {
              "function": "minecraft:set_nbt",
              "tag": "{display:{Name:'{\"text\":\"Forbidden Golden Apple\",\"color\":\"light_purple\",\"italic\":false}',Lore:['{\"text\":\"+10 Vitality\",\"color\":\"blue\",\"italic\":false}']},dnl.forbidden:1b,dnl.forbidden_golden_apple:1b,dnl.vitality:10b,Enchantments:[{}]}"
            }
          ]
        }
      ]
    }
  ]
}
