{
  "config": {
    "feature": {
      "config": {
        "feature": {
          "config": {
            "feature": {
              "config": {
                "target": {
                  "tag": "minecraft:base_stone_overworld",
                  "predicate_type": "minecraft:tag_match"
                },
                "state": {
                  "Name": "minecraft:coal_ore"
                },
                "size": 3
              },
              "type": "minecraft:ore"
            },
            "decorator": {
              "config": {
                "baseline": 60,
                "spread": 1
              },
              "type": "minecraft:depth_average"
            }
          },
          "type": "minecraft:decorated"
        },
        "decorator": {
          "config": {},
          "type": "minecraft:square"
        }
      },
      "type": "minecraft:decorated"
    },
    "decorator": {
      "type": "minecraft:count_noise_biased",
      "config": {
        "noise_to_count_ratio": 1000,
        "noise_factor": 90,
        "noise_offset": -0.4
      }
    }
  },
  "type": "minecraft:decorated"
}