{
  "type": "minecraft:decorated",
  "config": {
    "decorator": {
      "type": "minecraft:count",
      "config": {
        "count": 15
      }
    },
    "feature": {
      "type": "minecraft:decorated",
      "config": {
        "decorator": {
          "type": "minecraft:square",
          "config": {}
        },
        "feature": {
          "type": "minecraft:decorated",
          "config": {
            "decorator": {
              "type": "minecraft:range",
              "config": {
                "maximum": 95,
                "bottom_offset": 160,
                "top_offset": 0
              }
            },
            "feature": {
              "type": "minecraft:ore",
              "config": {
                "state": {
                  "Name": "minecraft:emerald_ore"
                },
                "size": 5,
                "target": {
                  "predicate_type": "minecraft:tag_match",
                  "tag": "minecraft:base_stone_overworld"
                }
              }
            }
          }
        }
      }
    }
  }
}