{"type":"chest","pools":[{"rolls":1,"entries":[{"type":"item","weight":1,"name":"minecraft:golden_apple","functions":[{"function":"set_count","count":1}]}]},{"rolls":1,"entries":[{"type":"item","weight":1,"name":"minecraft:splash_potion","functions":[{"function":"set_count","count":1},{"function":"set_nbt","tag":"{Potion:\"minecraft:weakness\"}"}]}]},{"rolls":{"min":2,"max":4},"entries":[{"type":"item","weight":3,"name":"minecraft:emerald","functions":[{"function":"set_count","count":{"min":8,"max":16}}]},{"type":"item","weight":1,"name":"minecraft:emerald_block","functions":[{"function":"set_count","count":{"min":1,"max":2}}]}]},{"rolls":{"min":2,"max":3},"entries":[{"type":"item","weight":1,"name":"minecraft:spider_eye","functions":[{"function":"set_count","count":{"min":1,"max":9}}]},{"type":"item","weight":1,"name":"minecraft:melon_slice","functions":[{"function":"set_count","count":{"min":8,"max":32}}]}]}]}
