{"type":"chest","pools":[{"rolls":{"min":3,"max":6},"entries":[{"type":"item","weight":50,"name":"minecraft:iron_ingot","functions":[{"function":"set_count","count":{"min":1,"max":3}}]},{"type":"item","weight":20,"name":"minecraft:gold_ingot","functions":[{"function":"set_count","count":{"min":1,"max":3}}]},{"type":"item","weight":20,"name":"minecraft:emerald","functions":[{"function":"set_count","count":{"min":1,"max":3}}]},{"type":"item","weight":50,"name":"minecraft:experience_bottle","functions":[{"function":"set_count","count":{"min":1,"max":7}}]},{"type":"item","weight":5,"name":"minecraft:diamond","functions":[{"function":"set_count","count":{"min":1,"max":3}}]},{"type":"item","weight":60,"name":"minecraft:slime_ball","functions":[{"function":"set_count","count":{"min":1,"max":5}}]}]},{"rolls":1,"entries":[{"type":"item","weight":1,"name":"minecraft:slime_ball","functions":[{"function":"set_count","count":1},{"function":"set_nbt","tag":"{Enchantments:[{id:\"minecraft:knockback\",lvl:3s}]}"},{"function":"set_name","name":[{"text":"Super Slimeball","color":"gold","italic":false}]}]},{"type":"item","weight":1,"name":"minecraft:splash_potion","functions":[{"function":"set_count","count":{"min":1,"max":3}},{"function":"set_nbt","tag":"{CustomPotionEffects:[{Id:2b,Amplifier:4b,Duration:200},{Id:18b,Amplifier:0b,Duration:200}],CustomPotionColor:8509822}"},{"function":"set_name","name":[{"text":"Slimy Potion","color":"gold","italic":false}]}]}]},{"rolls":{"min":1,"max":3},"entries":[{"type":"item","weight":4,"name":"minecraft:potato","functions":[{"function":"set_count","count":{"min":1,"max":5}}]},{"type":"item","weight":1,"name":"minecraft:poisonous_potato","functions":[{"function":"set_count","count":{"min":1,"max":5}}]}]}]}
