{
	"credit": "Made By BronGhast014 with Blockbench",
	"textures": {
		"0": "mobs/soul_hurt",
		"particle": "mobs/soul"
	},
	"elements": [
		{
			"name": "R Arm",
			"from": [1, 9, 7],
			"to": [3, 21, 9],
			"faces": {
				"north": {"uv": [2, 0.25, 2.5, 3.25], "texture": "#0"},
				"east": {"uv": [3.5, 0.25, 4, 3.25], "texture": "#0"},
				"south": {"uv": [2.5, 0.25, 3, 3.25], "texture": "#0"},
				"west": {"uv": [3, 0.25, 3.5, 3.25], "texture": "#0"},
				"up": {"uv": [2.5, 0, 3, 0.5], "texture": "#0"},
				"down": {"uv": [2.5, 0, 3, 0.5], "texture": "#0"}
			}
		},
		{
			"name": "sleeve",
			"from": [0, 9.1, 6],
			"to": [4, 21.1, 10],
			"faces": {
				"north": {"uv": [4, 5, 5, 8], "texture": "#0"},
				"east": {"uv": [7, 5, 8, 8], "texture": "#0"},
				"south": {"uv": [5, 5, 6, 8], "texture": "#0"},
				"west": {"uv": [6, 5, 7, 8], "texture": "#0"},
				"up": {"uv": [4, 4, 5, 5], "texture": "#0"},
				"down": {"uv": [5, 4, 6, 5], "texture": "#0"}
			}
		}
	],
	"display": {
		"thirdperson_righthand": {
			"rotation": [90, 0, 0],
			"translation": [-6, -2, -1]
		},
		"thirdperson_lefthand": {
			"rotation": [90, 0, 0],
			"translation": [-6, -2, -1]
		},
		"firstperson_righthand": {
			"rotation": [0, 111, 0],
			"scale": [0.4, 0.4, 0.4]
		},
		"firstperson_lefthand": {
			"rotation": [0, 132, 0],
			"scale": [0.4, 0.4, 0.4]
		},
		"ground": {
			"translation": [0, 3, 0],
			"scale": [0.25, 0.25, 0.25]
		},
		"gui": {
			"rotation": [30, 225, 0],
			"translation": [0, -2, 0],
			"scale": [0.5, 0.5, 0.5]
		},
		"head": {
			"translation": [0, -27.25, 0],
			"scale": [1.6, 1.6, 1.6]
		},
		"fixed": {
			"scale": [0.5, 0.5, 0.5]
		}
	},
	"groups": [
		{
			"name": "l arm",
			"children": [0, 1]
		}
	]
}