{
	"credit": "Made By BronGhast014 with Blockbench",
	"textures": {
		"1_0": "mobs/golem_skin",
		"particle": "mobs/golem_skin"
	},
	"elements": [
		{
			"name": "head",
			"from": [3, 22, -1],
			"to": [13, 32, 6],
			"faces": {
				"north": {"uv": [1.75, 1.75, 4.25, 4.25], "texture": "#1_0"},
				"east": {"uv": [0, 1.75, 1.75, 4.25], "texture": "#1_0"},
				"south": {"uv": [1.75, 1.75, 4.25, 4.25], "texture": "#1_0"},
				"west": {"uv": [4.25, 1.75, 6, 4.25], "texture": "#1_0"},
				"up": {"uv": [1.75, 0, 4.25, 1.75], "texture": "#1_0"},
				"down": {"uv": [1.75, 0, 4.25, 1.75], "texture": "#1_0"}
			}
		},
		{
			"name": "chest",
			"from": [0, 13, 6],
			"to": [16, 32, 14],
			"faces": {
				"north": {"uv": [0, 11.25, 4, 16], "texture": "#1_0"},
				"east": {"uv": [4, 11.25, 6, 16], "texture": "#1_0"},
				"south": {"uv": [6, 11.25, 10, 16], "texture": "#1_0"},
				"west": {"uv": [10, 11.25, 12, 16], "texture": "#1_0"},
				"up": {"uv": [16, 14, 12, 12], "texture": "#1_0"},
				"down": {"uv": [12, 14, 16, 16], "texture": "#1_0"}
			}
		},
		{
			"name": "midrif",
			"from": [1, 8, 7],
			"to": [15, 13, 13],
			"faces": {
				"north": {"uv": [7.25, 9.75, 10.75, 11], "texture": "#1_0"},
				"east": {"uv": [12.25, 9.75, 13.75, 11], "texture": "#1_0"},
				"south": {"uv": [7.25, 9.75, 10.75, 11], "texture": "#1_0"},
				"west": {"uv": [10.75, 9.75, 12.25, 11], "texture": "#1_0"},
				"up": {"uv": [7.25, 8.25, 10.75, 9.75], "texture": "#1_0"},
				"down": {"uv": [7.25, 8.25, 10.75, 9.75], "texture": "#1_0"}
			}
		},
		{
			"name": "r arm",
			"from": [16, 4, 6],
			"to": [24, 32, 14],
			"faces": {
				"north": {"uv": [10, 0, 12, 7], "texture": "#1_0"},
				"east": {"uv": [8, 0, 10, 7], "texture": "#1_0"},
				"south": {"uv": [14, 0, 16, 7], "texture": "#1_0"},
				"west": {"uv": [12, 0, 14, 7], "texture": "#1_0"},
				"up": {"uv": [14, 7, 16, 9], "texture": "#1_0"},
				"down": {"uv": [12, 7, 14, 9], "texture": "#1_0"}
			}
		},
		{
			"name": "r leg",
			"from": [8.5, -4, 6.5],
			"to": [15.5, 8, 13.5],
			"faces": {
				"north": {"uv": [1.75, 8, 3.5, 11], "texture": "#1_0"},
				"east": {"uv": [0, 8, 1.75, 11], "texture": "#1_0"},
				"south": {"uv": [5.25, 8, 7, 11], "texture": "#1_0"},
				"west": {"uv": [3.5, 8, 5.25, 11], "texture": "#1_0"},
				"up": {"uv": [0, 6.25, 1.75, 8], "texture": "#1_0"},
				"down": {"uv": [1.75, 6.25, 3.5, 8], "texture": "#1_0"}
			}
		},
		{
			"name": "l arm",
			"from": [-8, 4, 6],
			"to": [0, 32, 14],
			"faces": {
				"north": {"uv": [10, 0, 12, 7], "texture": "#1_0"},
				"east": {"uv": [8, 0, 10, 7], "texture": "#1_0"},
				"south": {"uv": [14, 0, 16, 7], "texture": "#1_0"},
				"west": {"uv": [12, 0, 14, 7], "texture": "#1_0"},
				"up": {"uv": [14, 7, 16, 9], "texture": "#1_0"},
				"down": {"uv": [12, 7, 14, 9], "texture": "#1_0"}
			}
		},
		{
			"name": "l leg",
			"from": [0.5, -4, 6.5],
			"to": [7.5, 8, 13.5],
			"faces": {
				"north": {"uv": [1.75, 8, 3.5, 11], "texture": "#1_0"},
				"east": {"uv": [0, 8, 1.75, 11], "texture": "#1_0"},
				"south": {"uv": [5.25, 8, 7, 11], "texture": "#1_0"},
				"west": {"uv": [3.5, 8, 5.25, 11], "texture": "#1_0"},
				"up": {"uv": [0, 6.25, 1.75, 8], "texture": "#1_0"},
				"down": {"uv": [1.75, 6.25, 3.5, 8], "texture": "#1_0"}
			}
		}
	],
	"display": {
		"head": {
			"translation": [0, -20.75, 0],
			"scale": [2, 2, 2]
		}
	},
	"groups": [
		{
			"name": "[model] golem",
			"children": [0, 1, 2, 3, 4, 5, 6]
		}
	]
}