{
	"credit": "Made By BronGhast014 with Blockbench",
	"textures": {
		"1_0": "mobs/golem_skin",
		"particle": "mobs/golem_skin",
		"main": "mobs/animations/golem"
	},
	"elements": [
		{
			"name": "head",
			"from": [3, 22, -1],
			"to": [13, 32, 6],
			"faces": {
				"north": {"uv": [1.75, 1.75, 4.25, 4.25], "texture": "#1_0"},
				"east": {"uv": [0, 1.75, 1.75, 4.25], "texture": "#1_0"},
				"south": {"uv": [1.75, 1.75, 4.25, 4.25], "texture": "#1_0"},
				"west": {"uv": [4.25, 1.75, 6, 4.25], "texture": "#1_0"},
				"up": {"uv": [1.75, 0, 4.25, 1.75], "texture": "#1_0"},
				"down": {"uv": [1.75, 0, 4.25, 1.75], "texture": "#1_0"}
			}
		},
		{
			"name": "r arm",
			"from": [16, 4, 6],
			"to": [24, 32, 14],
			"rotation": {"angle": 45, "axis": "x", "origin": [17, 28, 10]},
			"faces": {
				"north": {"uv": [10, 0, 12, 7], "texture": "#1_0"},
				"east": {"uv": [8, 0, 10, 7], "texture": "#1_0"},
				"south": {"uv": [14, 0, 16, 7], "texture": "#1_0"},
				"west": {"uv": [12, 0, 14, 7], "texture": "#1_0"},
				"up": {"uv": [14, 7, 16, 9], "texture": "#1_0"},
				"down": {"uv": [12, 7, 14, 9], "texture": "#1_0"}
			}
		},
		{
			"name": "l arm",
			"from": [-8, 4, 6],
			"to": [0, 32, 14],
			"rotation": {"angle": 45, "axis": "x", "origin": [0, 29, 10]},
			"faces": {
				"north": {"uv": [10, 0, 12, 7], "texture": "#1_0"},
				"east": {"uv": [8, 0, 10, 7], "texture": "#1_0"},
				"south": {"uv": [14, 0, 16, 7], "texture": "#1_0"},
				"west": {"uv": [12, 0, 14, 7], "texture": "#1_0"},
				"up": {"uv": [14, 7, 16, 9], "texture": "#1_0"},
				"down": {"uv": [12, 7, 14, 9], "texture": "#1_0"}
			}
		},
		{
			"name": "chest",
			"from": [0, 13, 6],
			"to": [16, 32, 14],
			"faces": {
				"north": {"uv": [0, 5.625, 2, 8], "texture": "#main"},
				"east": {"uv": [2, 5.625, 3, 8], "texture": "#main"},
				"south": {"uv": [3, 5.625, 5, 8], "texture": "#main"},
				"west": {"uv": [5, 5.625, 6, 8], "texture": "#main"},
				"up": {"uv": [8, 7, 6, 6], "texture": "#main"},
				"down": {"uv": [6, 7, 8, 8], "texture": "#main"}
			}
		},
		{
			"name": "midrif",
			"from": [1, 8, 7],
			"to": [15, 13, 13],
			"faces": {
				"north": {"uv": [3.625, 4.875, 5.375, 5.5], "texture": "#main"},
				"east": {"uv": [6.125, 4.875, 6.875, 5.5], "texture": "#main"},
				"south": {"uv": [3.625, 4.875, 5.375, 5.5], "texture": "#main"},
				"west": {"uv": [5.375, 4.875, 6.125, 5.5], "texture": "#main"},
				"up": {"uv": [3.625, 4.125, 5.375, 4.875], "texture": "#main"},
				"down": {"uv": [3.625, 4.125, 5.375, 4.875], "texture": "#main"}
			}
		},
		{
			"name": "r leg",
			"from": [8.5, -4, 6.5],
			"to": [15.5, 8, 13.5],
			"rotation": {"angle": 22.5, "axis": "x", "origin": [8, 8, 10]},
			"faces": {
				"north": {"uv": [0.875, 4, 1.75, 5.5], "texture": "#main"},
				"east": {"uv": [0, 4, 0.875, 5.5], "texture": "#main"},
				"south": {"uv": [2.625, 4, 3.5, 5.5], "texture": "#main"},
				"west": {"uv": [1.75, 4, 2.625, 5.5], "texture": "#main"},
				"up": {"uv": [0, 3.125, 0.875, 4], "texture": "#main"},
				"down": {"uv": [0.875, 3.125, 1.75, 4], "texture": "#main"}
			}
		},
		{
			"name": "l leg",
			"from": [0.5, -4, 6.5],
			"to": [7.5, 8, 13.5],
			"rotation": {"angle": -22.5, "axis": "x", "origin": [8, 8, 10]},
			"faces": {
				"north": {"uv": [0.875, 4, 1.75, 5.5], "texture": "#main"},
				"east": {"uv": [0, 4, 0.875, 5.5], "texture": "#main"},
				"south": {"uv": [2.625, 4, 3.5, 5.5], "texture": "#main"},
				"west": {"uv": [1.75, 4, 2.625, 5.5], "texture": "#main"},
				"up": {"uv": [0, 3.125, 0.875, 4], "texture": "#main"},
				"down": {"uv": [0.875, 3.125, 1.75, 4], "texture": "#main"}
			}
		},
		{
			"name": "chest",
			"from": [0, 13, 6],
			"to": [16, 32, 14],
			"faces": {
				"north": {"uv": [8, 5.625, 10, 8], "texture": "#main"},
				"east": {"uv": [10, 5.625, 11, 8], "texture": "#main"},
				"south": {"uv": [11, 5.625, 13, 8], "texture": "#main"},
				"west": {"uv": [13, 5.625, 14, 8], "texture": "#main"},
				"up": {"uv": [16, 7, 14, 6], "texture": "#main"},
				"down": {"uv": [14, 7, 16, 8], "texture": "#main"}
			}
		},
		{
			"name": "midrif",
			"from": [1, 8, 7],
			"to": [15, 13, 13],
			"faces": {
				"north": {"uv": [11.625, 4.875, 13.375, 5.5], "texture": "#main"},
				"east": {"uv": [14.125, 4.875, 14.875, 5.5], "texture": "#main"},
				"south": {"uv": [11.625, 4.875, 13.375, 5.5], "texture": "#main"},
				"west": {"uv": [13.375, 4.875, 14.125, 5.5], "texture": "#main"},
				"up": {"uv": [11.625, 4.125, 13.375, 4.875], "texture": "#main"},
				"down": {"uv": [11.625, 4.125, 13.375, 4.875], "texture": "#main"}
			}
		},
		{
			"name": "r leg",
			"from": [8.5, -4, 6.5],
			"to": [15.5, 8, 13.5],
			"faces": {
				"north": {"uv": [8.875, 4, 9.75, 5.5], "texture": "#main"},
				"east": {"uv": [8, 4, 8.875, 5.5], "texture": "#main"},
				"south": {"uv": [10.625, 4, 11.5, 5.5], "texture": "#main"},
				"west": {"uv": [9.75, 4, 10.625, 5.5], "texture": "#main"},
				"up": {"uv": [8, 3.125, 8.875, 4], "texture": "#main"},
				"down": {"uv": [8.875, 3.125, 9.75, 4], "texture": "#main"}
			}
		},
		{
			"name": "l leg",
			"from": [0.5, -4, 6.5],
			"to": [7.5, 8, 13.5],
			"faces": {
				"north": {"uv": [8.875, 4, 9.75, 5.5], "texture": "#main"},
				"east": {"uv": [8, 4, 8.875, 5.5], "texture": "#main"},
				"south": {"uv": [10.625, 4, 11.5, 5.5], "texture": "#main"},
				"west": {"uv": [9.75, 4, 10.625, 5.5], "texture": "#main"},
				"up": {"uv": [8, 3.125, 8.875, 4], "texture": "#main"},
				"down": {"uv": [8.875, 3.125, 9.75, 4], "texture": "#main"}
			}
		},
		{
			"name": "chest",
			"from": [0, 13, 6],
			"to": [16, 32, 14],
			"faces": {
				"north": {"uv": [0, 13.625, 2, 16], "texture": "#main"},
				"east": {"uv": [2, 13.625, 3, 16], "texture": "#main"},
				"south": {"uv": [3, 13.625, 5, 16], "texture": "#main"},
				"west": {"uv": [5, 13.625, 6, 16], "texture": "#main"},
				"up": {"uv": [8, 15, 6, 14], "texture": "#main"},
				"down": {"uv": [6, 15, 8, 16], "texture": "#main"}
			}
		},
		{
			"name": "midrif",
			"from": [1, 8, 7],
			"to": [15, 13, 13],
			"faces": {
				"north": {"uv": [3.625, 12.875, 5.375, 13.5], "texture": "#main"},
				"east": {"uv": [6.125, 12.875, 6.875, 13.5], "texture": "#main"},
				"south": {"uv": [3.625, 12.875, 5.375, 13.5], "texture": "#main"},
				"west": {"uv": [5.375, 12.875, 6.125, 13.5], "texture": "#main"},
				"up": {"uv": [3.625, 12.125, 5.375, 12.875], "texture": "#main"},
				"down": {"uv": [3.625, 12.125, 5.375, 12.875], "texture": "#main"}
			}
		},
		{
			"name": "r leg",
			"from": [8.5, -4, 6.5],
			"to": [15.5, 8, 13.5],
			"rotation": {"angle": -22.5, "axis": "x", "origin": [8, 8, 10]},
			"faces": {
				"north": {"uv": [0.875, 12, 1.75, 13.5], "texture": "#main"},
				"east": {"uv": [0, 12, 0.875, 13.5], "texture": "#main"},
				"south": {"uv": [2.625, 12, 3.5, 13.5], "texture": "#main"},
				"west": {"uv": [1.75, 12, 2.625, 13.5], "texture": "#main"},
				"up": {"uv": [0, 11.125, 0.875, 12], "texture": "#main"},
				"down": {"uv": [0.875, 11.125, 1.75, 12], "texture": "#main"}
			}
		},
		{
			"name": "l leg",
			"from": [0.5, -4, 6.5],
			"to": [7.5, 8, 13.5],
			"rotation": {"angle": 22.5, "axis": "x", "origin": [8, 8, 10]},
			"faces": {
				"north": {"uv": [0.875, 12, 1.75, 13.5], "texture": "#main"},
				"east": {"uv": [0, 12, 0.875, 13.5], "texture": "#main"},
				"south": {"uv": [2.625, 12, 3.5, 13.5], "texture": "#main"},
				"west": {"uv": [1.75, 12, 2.625, 13.5], "texture": "#main"},
				"up": {"uv": [0, 11.125, 0.875, 12], "texture": "#main"},
				"down": {"uv": [0.875, 11.125, 1.75, 12], "texture": "#main"}
			}
		}
	],
	"display": {
		"head": {
			"translation": [0, -20.75, 0],
			"scale": [1.8, 1.8, 1.8]
		}
	},
	"groups": [
		{
			"name": "[model] golem",
			"children": [0, 1, 2]
		},
		{
			"name": "moving",
			"children": [3, 4, 5, 6, 7, 8, 9, 10, 11, 12, 13, 14]
		}
	]
}