{
  "config": {
    "max_water_depth": 0,
    "ignore_vines": false,
    "heightmap": "OCEAN_FLOOR",
    "minimum_size": {
      "limit": 1,
      "lower_size": 1,
      "upper_size": 2,
      "type": "minecraft:two_layers_feature_size"
    },
    "decorators": [],
    "trunk_provider": {
      "state": {
        "Properties": {
          "axis": "y"
        },
        "Name": "minecraft:spruce_log"
      },
      "type": "minecraft:simple_state_provider"
    },
    "leaves_provider": {
      "state": {
        "Properties": {
          "persistent": "false",
          "distance": "7"
        },
        "Name": "minecraft:spruce_leaves"
      },
      "type": "minecraft:simple_state_provider"
    },
    "foliage_placer": {
      "radius": 0,
      "offset": 0,
      "crown_height": {
        "base": 13,
        "spread": 4
      },
      "type": "minecraft:mega_pine_foliage_placer"
    },
    "trunk_placer": {
      "base_height": 20,
      "height_rand_a": 2,
      "height_rand_b": 14,
      "type": "minecraft:straight_trunk_placer"
    }
  },
  "type": "minecraft:tree"
}