{
	"credit": "Made By BronGhast014 with Blockbench",
	"textures": {
		"0": "mobs/dune_arcid_hurt",
		"particle": "mobs/dune_arcid"
	},
	"elements": [
		{
			"name": "Head",
			"from": [6, 0, -1],
			"to": [10, 4, 2],
			"faces": {
				"north": {"uv": [1.5, 9.5, 6, 14], "texture": "#0"},
				"east": {"uv": [0, 0, 1.5, 2], "texture": "#0"},
				"south": {"uv": [0, 0, 4, 4], "texture": "#0"},
				"west": {"uv": [0, 0, 1.5, 2], "texture": "#0"},
				"up": {"uv": [0, 0, 2, 1.5], "texture": "#0"},
				"down": {"uv": [3, 2.5, 5, 4], "texture": "#0"}
			}
		},
		{
			"name": "Body1",
			"from": [5, 0, 2],
			"to": [11, 4.5, 10],
			"faces": {
				"north": {"uv": [3, 3.5, 6, 5.25], "texture": "#0"},
				"east": {"uv": [0, 0, 4, 2.25], "texture": "#0"},
				"south": {"uv": [3, 3.5, 6, 5.25], "texture": "#0"},
				"west": {"uv": [0, 0, 4, 2.25], "texture": "#0"},
				"up": {"uv": [0, 0, 3, 4], "texture": "#0"},
				"down": {"uv": [2, 3, 5, 7], "texture": "#0"}
			}
		},
		{
			"name": "body2",
			"from": [6, 0, 10],
			"to": [10, 4, 14],
			"faces": {
				"north": {"uv": [0, 0, 2, 2], "texture": "#0"},
				"east": {"uv": [0, 0, 2, 2], "texture": "#0"},
				"south": {"uv": [0, 0, 2, 2], "texture": "#0"},
				"west": {"uv": [0, 0, 2, 2], "texture": "#0"},
				"up": {"uv": [0, 0, 2, 2], "texture": "#0"},
				"down": {"uv": [0, 0, 2, 2], "texture": "#0"}
			}
		},
		{
			"name": "tail",
			"from": [6.3, 0, 14],
			"to": [9.7, 3.5, 17],
			"faces": {
				"north": {"uv": [0.5, 1.5, 2.2, 3], "texture": "#0"},
				"east": {"uv": [0, 0, 1.5, 1.25], "texture": "#0"},
				"south": {"uv": [0.5, 1.5, 2.2, 3], "texture": "#0"},
				"west": {"uv": [3.5, 3.5, 5, 4.75], "texture": "#0"},
				"up": {"uv": [0.5, 1.5, 2.2, 3], "texture": "#0"},
				"down": {"uv": [0.5, 1.5, 2.2, 3], "texture": "#0"}
			}
		},
		{
			"name": "tail 2",
			"from": [6.7, 0, 17],
			"to": [9.3, 3, 21],
			"faces": {
				"north": {"uv": [0, 0, 1.3, 2], "texture": "#0"},
				"east": {"uv": [5, 2, 7, 3.5], "texture": "#0"},
				"south": {"uv": [0, 0, 1.3, 1.5], "texture": "#0"},
				"west": {"uv": [3.5, 4.5, 5.5, 6], "texture": "#0"},
				"up": {"uv": [0, 0, 1.3, 2], "texture": "#0"},
				"down": {"uv": [0, 0, 1.3, 2], "texture": "#0"}
			}
		},
		{
			"name": "tail tip",
			"from": [7, 0, 21],
			"to": [9, 2, 25],
			"faces": {
				"north": {"uv": [0, 0, 1, 2], "texture": "#0"},
				"east": {"uv": [5, 5.5, 6, 7.5], "rotation": 90, "texture": "#0"},
				"south": {"uv": [0, 0, 1, 1], "texture": "#0"},
				"west": {"uv": [3, 5, 4, 7], "rotation": 90, "texture": "#0"},
				"up": {"uv": [0, 0, 1, 2], "texture": "#0"},
				"down": {"uv": [0, 0, 1, 2], "texture": "#0"}
			}
		},
		{
			"name": "Head",
			"from": [6, 0, -1],
			"to": [10, 4, 2],
			"faces": {
				"north": {"uv": [10, 3.5, 14.5, 8], "texture": "#0"},
				"east": {"uv": [14.5, 6, 16, 8], "texture": "#0"},
				"south": {"uv": [10, 0, 12, 2], "texture": "#0"},
				"west": {"uv": [8, 6, 9.5, 8], "texture": "#0"},
				"up": {"uv": [12, 4.5, 14, 6], "texture": "#0"},
				"down": {"uv": [10, 4.5, 12, 6], "texture": "#0"}
			}
		},
		{
			"name": "Body2",
			"from": [5, 0, 2],
			"to": [11, 4.5, 10],
			"faces": {
				"north": {"uv": [12.5, 6, 15.5, 7.75], "texture": "#0"},
				"east": {"uv": [12, 5.5, 16, 7.75], "texture": "#0"},
				"south": {"uv": [8.5, 6, 11.5, 7.75], "texture": "#0"},
				"west": {"uv": [9, 5.5, 13, 7.75], "texture": "#0"},
				"up": {"uv": [11, 5.5, 12, 6.5], "texture": "#0"},
				"down": {"uv": [9, 4.5, 13, 7.5], "rotation": 90, "texture": "#0"}
			}
		},
		{
			"name": "body3",
			"from": [6, 0, 10],
			"to": [10, 4, 14],
			"faces": {
				"north": {"uv": [9, 6, 11, 8], "texture": "#0"},
				"east": {"uv": [8, 6, 10, 8], "texture": "#0"},
				"south": {"uv": [14, 6, 16, 8], "texture": "#0"},
				"west": {"uv": [12.5, 6, 14.5, 8], "texture": "#0"},
				"up": {"uv": [8.5, 5, 9.5, 6.5], "texture": "#0"},
				"down": {"uv": [13, 6, 15, 8], "texture": "#0"}
			}
		},
		{
			"name": "tail",
			"from": [6.3, 0, 14],
			"to": [9.7, 3.5, 17],
			"faces": {
				"north": {"uv": [10, 6.5, 11.7, 8], "texture": "#0"},
				"east": {"uv": [11.5, 6.5, 13, 7.75], "texture": "#0"},
				"south": {"uv": [14, 6.5, 15.7, 8], "texture": "#0"},
				"west": {"uv": [9, 6.5, 10.5, 7.75], "texture": "#0"},
				"up": {"uv": [10.5, 5.5, 12.2, 7], "texture": "#0"},
				"down": {"uv": [8, 6.5, 9.7, 8], "rotation": 180, "texture": "#0"}
			}
		},
		{
			"name": "tail 3",
			"from": [6.7, 0, 17],
			"to": [9.3, 3, 21],
			"faces": {
				"north": {"uv": [9, 6, 10.3, 8], "texture": "#0"},
				"east": {"uv": [8.5, 6.5, 10.5, 8], "texture": "#0"},
				"south": {"uv": [10, 6.5, 11.3, 8], "texture": "#0"},
				"west": {"uv": [13, 6.5, 15, 8], "texture": "#0"},
				"up": {"uv": [8.5, 5.5, 9.8, 6.5], "texture": "#0"},
				"down": {"uv": [8.5, 6, 9.8, 8], "texture": "#0"}
			}
		},
		{
			"name": "tail tip",
			"from": [7, 0, 21],
			"to": [9, 2, 25],
			"faces": {
				"north": {"uv": [12, 6, 13, 8], "texture": "#0"},
				"east": {"uv": [12, 6, 13, 8], "rotation": 90, "texture": "#0"},
				"south": {"uv": [14, 7, 15, 8], "texture": "#0"},
				"west": {"uv": [12, 6, 13, 8], "rotation": 90, "texture": "#0"},
				"up": {"uv": [14.5, 6, 15.5, 7], "texture": "#0"},
				"down": {"uv": [10, 4, 11, 6], "texture": "#0"}
			}
		}
	],
	"display": {
		"thirdperson_righthand": {
			"rotation": [30, 45, 0],
			"scale": [0.4, 0.4, 0.4]
		},
		"thirdperson_lefthand": {
			"rotation": [30, 45, 0],
			"scale": [0.4, 0.4, 0.4]
		},
		"firstperson_righthand": {
			"rotation": [0, 45, 0],
			"translation": [0, 1, 0],
			"scale": [0.4, 0.4, 0.4]
		},
		"firstperson_lefthand": {
			"rotation": [0, 45, 0],
			"translation": [0, 1, 0],
			"scale": [0.4, 0.4, 0.4]
		},
		"ground": {
			"rotation": [0, 0, 180]
		},
		"gui": {
			"rotation": [30, 45, 0],
			"scale": [0.65, 0.65, 0.65]
		},
		"head": {
			"translation": [0, -24, 0],
			"scale": [1.5, 1.5, 1.5]
		}
	},
	"groups": [0, 1, 2, 3, 4, 5,
		{
			"name": "sand",
			"children": [6, 7, 8, 9, 10, 11]
		}
	]
}