{
    "credit": "Made By BronGhast014 with Blockbench", 
    "textures": {
        "main": "mobs/animations/jungle_body_moving"
    }, 
    "elements": [
        {
            "name": "Body", 
            "from": [ 4, 9, 6 ], 
            "to":   [ 12, 21, 10 ], 
            "faces": {
                "north": { "uv": [ 1.25, 1.25, 1.75, 2 ], "texture": "#main" }, 
                "east":  { "uv": [ 1.75, 1.25, 2, 2 ], "texture": "#main" }, 
                "south": { "uv": [ 1.5, 0.25, 2, 1 ], "texture": "#main" }, 
                "west":  { "uv": [ 1, 1.25, 1.25, 2 ], "texture": "#main" }, 
                "up":    { "uv": [ 1.40625, 1.09375, 1.65625, 1.21875 ], "rotation":180, "texture": "#main" }, 
                "down":  { "uv": [ 1.5, 0, 2, 0.25 ], "rotation":180, "texture": "#main" }
            }
        }, 
        {
            "name": "R Leg", 
            "from": [ 5, 3, 7 ], 
            "to":   [ 7, 9, 9 ], 
            "faces": {
                "north": { "uv": [ 0.875, 1.5, 1, 1.875 ], "texture": "#main" }, 
                "east":  { "uv": [ 0.875, 1.5, 1, 1.875 ], "texture": "#main" }, 
                "south": { "uv": [ 0.875, 1.5, 1, 1.875 ], "texture": "#main" }, 
                "west":  { "uv": [ 0.875, 1.5, 1, 1.875 ], "texture": "#main" }, 
                "up":    { "uv": [ 0.875, 1.125, 1, 1.25 ], "texture": "#main" }, 
                "down":  { "uv": [ 0.875, 1.5, 1, 1.875 ], "texture": "#main" }
            }
        }, 
        {
            "name": "R Leg", 
            "from": [ 5, -3, 7 ], 
            "to":   [ 7, 3, 9 ], 
            "faces": {
                "north": { "uv": [ 7, 0.625, 7.125, 1 ], "texture": "#main" }, 
                "east":  { "uv": [ 7, 0.625, 7.125, 1 ], "texture": "#main" }, 
                "south": { "uv": [ 7, 0.625, 7.125, 1 ], "texture": "#main" }, 
                "west":  { "uv": [ 7, 0.625, 7.125, 1 ], "texture": "#main" }, 
                "up":    { "uv": [ 7, 0.625, 7.125, 1 ], "texture": "#main" }, 
                "down":  { "uv": [ 7, 0.5, 7.125, 0.625 ], "texture": "#main" }
            }
        }, 
        {
            "name": "L Leg", 
            "from": [ 9, -3, 7 ], 
            "to":   [ 11, 3, 9 ], 
            "faces": {
                "north": { "uv": [ 0.125, 1.5, 0.25, 1.875 ], "texture": "#main" }, 
                "east":  { "uv": [ 0.25, 1.5, 0.375, 1.875 ], "texture": "#main" }, 
                "south": { "uv": [ 0.375, 1.5, 0.5, 1.875 ], "texture": "#main" }, 
                "west":  { "uv": [ 0, 1.5, 0.125, 1.875 ], "texture": "#main" }, 
                "up":    { "uv": [ 0.125, 1, 0.25, 1.125 ], "texture": "#main" }, 
                "down":  { "uv": [ 0.125, 1, 0.25, 1.125 ], "texture": "#main" }
            }
        }, 
        {
            "name": "L Leg", 
            "from": [ 9, 3, 7 ], 
            "to":   [ 11, 9, 9 ], 
            "faces": {
                "north": { "uv": [ 0.125, 1.125, 0.25, 1.5 ], "texture": "#main" }, 
                "east":  { "uv": [ 0.25, 1.125, 0.375, 1.5 ], "texture": "#main" }, 
                "south": { "uv": [ 0.375, 1.125, 0.5, 1.5 ], "texture": "#main" }, 
                "west":  { "uv": [ 0, 1.125, 0.125, 1.5 ], "texture": "#main" }, 
                "up":    { "uv": [ 0.125, 1, 0.25, 1.125 ], "texture": "#main" }, 
                "down":  { "uv": [ 0.125, 1, 0.25, 1.125 ], "texture": "#main" }
            }
        }, 
        {
            "name": "Body", 
            "from": [ 4, 9, 10.1 ], 
            "to":   [ 12, 21, 10.1 ], 
            "faces": {
                "north": { "uv": [ 6.5, 2.25, 7, 3 ], "texture": "#main" }, 
                "east":  { "uv": [ 1.75, 1.25, 2, 2 ], "texture": "#main" }, 
                "south": { "uv": [ 6.5, 2.25, 7, 3 ], "texture": "#main" }, 
                "west":  { "uv": [ 1, 1.25, 1.25, 2 ], "texture": "#main" }, 
                "up":    { "uv": [ 1.40625, 1.09375, 1.65625, 1.21875 ], "rotation":180, "texture": "#main" }, 
                "down":  { "uv": [ 1.5, 0, 2, 0.25 ], "rotation":180, "texture": "#main" }
            }
        }, 
        {
            "name": "brown mushroom", 
            "from": [ 8, 9, 7.5 ], 
            "to":   [ 11, 12, 7.5 ], 
            "faces": {
                "north": { "uv": [ 6, 0, 6.5, 0.4375 ], "texture": "#main" }, 
                "east":  { "uv": [ 4, 0, 4, 1.25 ], "texture": "#main" }, 
                "south": { "uv": [ 6, 0, 6.5, 0.4375 ], "texture": "#main" }, 
                "west":  { "uv": [ 4, 0, 4, 1.25 ], "rotation":180, "texture": "#main" }, 
                "up":    { "uv": [ 4, 0, 5, 0 ], "texture": "#main" }, 
                "down":  { "uv": [ 4, 0, 5, 0 ], "rotation":180, "texture": "#main" }
            }
        }, 
        {
            "name": "brown mushroom", 
            "from": [ 9.5, 9, 6 ], 
            "to":   [ 9.5, 12, 9 ], 
            "faces": {
                "north": { "uv": [ 4, 0, 4, 1.25 ], "texture": "#main" }, 
                "east":  { "uv": [ 6, 0, 6.5, 0.4375 ], "texture": "#main" }, 
                "south": { "uv": [ 4, 0, 4, 1.25 ], "rotation":180, "texture": "#main" }, 
                "west":  { "uv": [ 6, 0, 6.5, 0.4375 ], "texture": "#main" }, 
                "up":    { "uv": [ 4, 0, 5, 0 ], "rotation":270, "texture": "#main" }, 
                "down":  { "uv": [ 4, 0, 5, 0 ], "rotation":270, "texture": "#main" }
            }
        }, 
        {
            "from": [ 7.7, -2.00003, 8 ], 
            "to":   [ 12.7, 2.99997, 8 ], 
            "rotation": { "angle": -22.5, "axis": "z", "origin": [11.5, -1.50003, 8] }, 
            "faces": {
                "north": { "uv": [ 7.5625, 2.625, 7.875, 2.9375 ], "rotation":180, "texture": "#main" }, 
                "east":  { "uv": [ 4, 0, 4, 1.25 ], "texture": "#main" }, 
                "south": { "uv": [ 7.5625, 2.625, 7.875, 2.9375 ], "rotation":180, "texture": "#main" }, 
                "west":  { "uv": [ 4, 0, 4, 1.25 ], "rotation":180, "texture": "#main" }, 
                "up":    { "uv": [ 4, 0, 5, 0 ], "texture": "#main" }, 
                "down":  { "uv": [ 4, 0, 5, 0 ], "rotation":180, "texture": "#main" }
            }
        }, 
        {
            "from": [ 9.7966, -2.00309, 5.55646 ], 
            "to":   [ 9.7966, 2.99691, 10.55646 ], 
            "faces": {
                "north": { "uv": [ 4, 0, 4, 1.25 ], "texture": "#main" }, 
                "east":  { "uv": [ 7.5625, 2.625, 7.875, 2.9375 ], "rotation":180, "texture": "#main" }, 
                "south": { "uv": [ 4, 0, 4, 1.25 ], "rotation":180, "texture": "#main" }, 
                "west":  { "uv": [ 7.5625, 2.625, 7.875, 2.9375 ], "rotation":180, "texture": "#main" }, 
                "up":    { "uv": [ 4, 0, 5, 0 ], "rotation":270, "texture": "#main" }, 
                "down":  { "uv": [ 4, 0, 5, 0 ], "rotation":270, "texture": "#main" }
            }
        }, 
        {
            "from": [ 9.7966, -2.00309, 5.55646 ], 
            "to":   [ 9.7966, 2.99691, 10.55646 ], 
            "rotation": { "angle": 45, "axis": "y", "origin": [9.7966, 0.49691, 8.05646] }, 
            "faces": {
                "north": { "uv": [ 4, 0, 4, 1.25 ], "texture": "#main" }, 
                "east":  { "uv": [ 7.5625, 2.625, 7.875, 2.9375 ], "rotation":180, "texture": "#main" }, 
                "south": { "uv": [ 4, 0, 4, 1.25 ], "rotation":180, "texture": "#main" }, 
                "west":  { "uv": [ 7.5625, 2.625, 7.875, 2.9375 ], "rotation":180, "texture": "#main" }, 
                "up":    { "uv": [ 4, 0, 5, 0 ], "rotation":270, "texture": "#main" }, 
                "down":  { "uv": [ 4, 0, 5, 0 ], "rotation":270, "texture": "#main" }
            }
        }, 
        {
            "from": [ 9.7966, -2.00309, 5.55646 ], 
            "to":   [ 9.7966, 2.99691, 10.55646 ], 
            "rotation": { "angle": -45, "axis": "y", "origin": [9.7966, 0.49691, 8.05646] }, 
            "faces": {
                "north": { "uv": [ 4, 0, 4, 1.25 ], "texture": "#main" }, 
                "east":  { "uv": [ 7.5625, 2.625, 7.875, 2.9375 ], "rotation":180, "texture": "#main" }, 
                "south": { "uv": [ 4, 0, 4, 1.25 ], "rotation":180, "texture": "#main" }, 
                "west":  { "uv": [ 7.5625, 2.625, 7.875, 2.9375 ], "rotation":180, "texture": "#main" }, 
                "up":    { "uv": [ 4, 0, 5, 0 ], "rotation":270, "texture": "#main" }, 
                "down":  { "uv": [ 4, 0, 5, 0 ], "rotation":270, "texture": "#main" }
            }
        }, 
        {
            "name": "Body", 
            "from": [ 4, 9, 6 ], 
            "to":   [ 12, 21, 10 ], 
            "faces": {
                "north": { "uv": [ 9.25, 1.25, 9.75, 2 ], "texture": "#main" }, 
                "east":  { "uv": [ 9.75, 1.25, 10, 2 ], "texture": "#main" }, 
                "south": { "uv": [ 9.5, 0.25, 10, 1 ], "texture": "#main" }, 
                "west":  { "uv": [ 9, 1.25, 9.25, 2 ], "texture": "#main" }, 
                "up":    { "uv": [ 9.40625, 1.09375, 9.65625, 1.21875 ], "rotation":180, "texture": "#main" }, 
                "down":  { "uv": [ 9.5, 0, 10, 0.25 ], "rotation":180, "texture": "#main" }
            }
        }, 
        {
            "name": "R Leg", 
            "from": [ 5, 3, 7 ], 
            "to":   [ 7, 9, 9 ], 
            "rotation": { "angle": 22.5, "axis": "x", "origin": [6, 8.71429, 8] }, 
            "faces": {
                "north": { "uv": [ 8.875, 1.5, 9, 1.875 ], "texture": "#main" }, 
                "east":  { "uv": [ 8.875, 1.5, 9, 1.875 ], "texture": "#main" }, 
                "south": { "uv": [ 8.875, 1.5, 9, 1.875 ], "texture": "#main" }, 
                "west":  { "uv": [ 8.875, 1.5, 9, 1.875 ], "texture": "#main" }, 
                "up":    { "uv": [ 8.875, 1.125, 9, 1.25 ], "texture": "#main" }, 
                "down":  { "uv": [ 8.875, 1.5, 9, 1.875 ], "texture": "#main" }
            }
        }, 
        {
            "name": "R Leg", 
            "from": [ 5, -3, 7 ], 
            "to":   [ 7, 3, 9 ], 
            "rotation": { "angle": 22.5, "axis": "x", "origin": [6, 8.71429, 8] }, 
            "faces": {
                "north": { "uv": [ 15, 0.625, 15.125, 1 ], "texture": "#main" }, 
                "east":  { "uv": [ 15, 0.625, 15.125, 1 ], "texture": "#main" }, 
                "south": { "uv": [ 15, 0.625, 15.125, 1 ], "texture": "#main" }, 
                "west":  { "uv": [ 15, 0.625, 15.125, 1 ], "texture": "#main" }, 
                "up":    { "uv": [ 15, 0.625, 15.125, 1 ], "texture": "#main" }, 
                "down":  { "uv": [ 15, 0.5, 15.125, 0.625 ], "texture": "#main" }
            }
        }, 
        {
            "name": "L Leg", 
            "from": [ 9, -3, 7 ], 
            "to":   [ 11, 3, 9 ], 
            "rotation": { "angle": -22.5, "axis": "x", "origin": [10.28571, 8.75, 8] }, 
            "faces": {
                "north": { "uv": [ 8.125, 1.5, 8.25, 1.875 ], "texture": "#main" }, 
                "east":  { "uv": [ 8.25, 1.5, 8.375, 1.875 ], "texture": "#main" }, 
                "south": { "uv": [ 8.375, 1.5, 8.5, 1.875 ], "texture": "#main" }, 
                "west":  { "uv": [ 8, 1.5, 8.125, 1.875 ], "texture": "#main" }, 
                "up":    { "uv": [ 8.125, 1, 8.25, 1.125 ], "texture": "#main" }, 
                "down":  { "uv": [ 8.125, 1, 8.25, 1.125 ], "texture": "#main" }
            }
        }, 
        {
            "name": "L Leg", 
            "from": [ 9, 3, 7 ], 
            "to":   [ 11, 9, 9 ], 
            "rotation": { "angle": -22.5, "axis": "x", "origin": [10.28571, 8.75, 8] }, 
            "faces": {
                "north": { "uv": [ 8.125, 1.125, 8.25, 1.5 ], "texture": "#main" }, 
                "east":  { "uv": [ 8.25, 1.125, 8.375, 1.5 ], "texture": "#main" }, 
                "south": { "uv": [ 8.375, 1.125, 8.5, 1.5 ], "texture": "#main" }, 
                "west":  { "uv": [ 8, 1.125, 8.125, 1.5 ], "texture": "#main" }, 
                "up":    { "uv": [ 8.125, 1, 8.25, 1.125 ], "texture": "#main" }, 
                "down":  { "uv": [ 8.125, 1, 8.25, 1.125 ], "texture": "#main" }
            }
        }, 
        {
            "from": [ 10.2966, -2.00309, 5.55646 ], 
            "to":   [ 10.2966, 2.99691, 10.55646 ], 
            "rotation": { "angle": -22.5, "axis": "x", "origin": [10.28571, 8.75, 8] }, 
            "faces": {
                "north": { "uv": [ 12, 0, 12, 1.25 ], "texture": "#main" }, 
                "east":  { "uv": [ 15.5625, 2.625, 15.875, 2.9375 ], "rotation":180, "texture": "#main" }, 
                "south": { "uv": [ 12, 0, 12, 1.25 ], "rotation":180, "texture": "#main" }, 
                "west":  { "uv": [ 15.5625, 2.625, 15.875, 2.9375 ], "rotation":180, "texture": "#main" }, 
                "up":    { "uv": [ 12, 0, 13, 0 ], "rotation":270, "texture": "#main" }, 
                "down":  { "uv": [ 12, 0, 13, 0 ], "rotation":270, "texture": "#main" }
            }
        }, 
        {
            "from": [ 9.7966, -2.00309, 5.55646 ], 
            "to":   [ 9.7966, 2.99691, 10.55646 ], 
            "rotation": { "angle": -22.5, "axis": "x", "origin": [10.28571, 8.75, 8] }, 
            "faces": {
                "north": { "uv": [ 12, 0, 12, 1.25 ], "texture": "#main" }, 
                "east":  { "uv": [ 15.5625, 2.625, 15.875, 2.9375 ], "rotation":180, "texture": "#main" }, 
                "south": { "uv": [ 12, 0, 12, 1.25 ], "rotation":180, "texture": "#main" }, 
                "west":  { "uv": [ 15.5625, 2.625, 15.875, 2.9375 ], "rotation":180, "texture": "#main" }, 
                "up":    { "uv": [ 12, 0, 13, 0 ], "rotation":270, "texture": "#main" }, 
                "down":  { "uv": [ 12, 0, 13, 0 ], "rotation":270, "texture": "#main" }
            }
        }, 
        {
            "from": [ 7.2966, -2.00309, 7.55646 ], 
            "to":   [ 12.2966, 2.99691, 7.55646 ], 
            "rotation": { "angle": -22.5, "axis": "x", "origin": [10.28571, 8.75, 8] }, 
            "faces": {
                "north": { "uv": [ 15.5625, 2.625, 15.875, 2.9375 ], "rotation":180, "texture": "#main" }, 
                "east":  { "uv": [ 12, 0, 12, 1.25 ], "rotation":180, "texture": "#main" }, 
                "south": { "uv": [ 15.5625, 2.625, 15.875, 2.9375 ], "rotation":180, "texture": "#main" }, 
                "west":  { "uv": [ 12, 0, 12, 1.25 ], "texture": "#main" }, 
                "up":    { "uv": [ 12, 0, 13, 0 ], "rotation":180, "texture": "#main" }, 
                "down":  { "uv": [ 12, 0, 13, 0 ], "texture": "#main" }
            }
        }, 
        {
            "from": [ 7.95, -1.50003, 8 ], 
            "to":   [ 12.95, 3.49997, 8 ], 
            "rotation": { "angle": -22.5, "axis": "x", "origin": [10.28571, 8.75, 8] }, 
            "faces": {
                "north": { "uv": [ 15.5625, 2.625, 15.875, 2.9375 ], "rotation":180, "texture": "#main" }, 
                "east":  { "uv": [ 12, 0, 12, 1.25 ], "texture": "#main" }, 
                "south": { "uv": [ 15.5625, 2.625, 15.875, 2.9375 ], "rotation":180, "texture": "#main" }, 
                "west":  { "uv": [ 12, 0, 12, 1.25 ], "rotation":180, "texture": "#main" }, 
                "up":    { "uv": [ 12, 0, 13, 0 ], "texture": "#main" }, 
                "down":  { "uv": [ 12, 0, 13, 0 ], "rotation":180, "texture": "#main" }
            }
        }, 
        {
            "name": "Body", 
            "from": [ 4, 9, 10.1 ], 
            "to":   [ 12, 21, 10.1 ], 
            "faces": {
                "north": { "uv": [ 14.5, 2.25, 15, 3 ], "texture": "#main" }, 
                "east":  { "uv": [ 9.75, 1.25, 10, 2 ], "texture": "#main" }, 
                "south": { "uv": [ 14.5, 2.25, 15, 3 ], "texture": "#main" }, 
                "west":  { "uv": [ 9, 1.25, 9.25, 2 ], "texture": "#main" }, 
                "up":    { "uv": [ 9.40625, 1.09375, 9.65625, 1.21875 ], "rotation":180, "texture": "#main" }, 
                "down":  { "uv": [ 9.5, 0, 10, 0.25 ], "rotation":180, "texture": "#main" }
            }
        }, 
        {
            "name": "brown mushroom", 
            "from": [ 8, 9, 7.5 ], 
            "to":   [ 11, 12, 7.5 ], 
            "faces": {
                "north": { "uv": [ 14, 0, 14.5, 0.4375 ], "texture": "#main" }, 
                "east":  { "uv": [ 12, 0, 12, 1.25 ], "texture": "#main" }, 
                "south": { "uv": [ 14, 0, 14.5, 0.4375 ], "texture": "#main" }, 
                "west":  { "uv": [ 12, 0, 12, 1.25 ], "rotation":180, "texture": "#main" }, 
                "up":    { "uv": [ 12, 0, 13, 0 ], "texture": "#main" }, 
                "down":  { "uv": [ 12, 0, 13, 0 ], "rotation":180, "texture": "#main" }
            }
        }, 
        {
            "name": "brown mushroom", 
            "from": [ 9.5, 9, 6 ], 
            "to":   [ 9.5, 12, 9 ], 
            "faces": {
                "north": { "uv": [ 12, 0, 12, 1.25 ], "texture": "#main" }, 
                "east":  { "uv": [ 14, 0, 14.5, 0.4375 ], "texture": "#main" }, 
                "south": { "uv": [ 12, 0, 12, 1.25 ], "rotation":180, "texture": "#main" }, 
                "west":  { "uv": [ 14, 0, 14.5, 0.4375 ], "texture": "#main" }, 
                "up":    { "uv": [ 12, 0, 13, 0 ], "rotation":270, "texture": "#main" }, 
                "down":  { "uv": [ 12, 0, 13, 0 ], "rotation":270, "texture": "#main" }
            }
        }, 
        {
            "name": "Body", 
            "from": [ 4, 9, 6 ], 
            "to":   [ 12, 21, 10 ], 
            "faces": {
                "north": { "uv": [ 1.25, 9.25, 1.75, 10 ], "texture": "#main" }, 
                "east":  { "uv": [ 1.75, 9.25, 2, 10 ], "texture": "#main" }, 
                "south": { "uv": [ 1.5, 8.25, 2, 9 ], "texture": "#main" }, 
                "west":  { "uv": [ 1, 9.25, 1.25, 10 ], "texture": "#main" }, 
                "up":    { "uv": [ 1.40625, 9.09375, 1.65625, 9.21875 ], "rotation":180, "texture": "#main" }, 
                "down":  { "uv": [ 1.5, 8, 2, 8.25 ], "rotation":180, "texture": "#main" }
            }
        }, 
        {
            "name": "R Leg", 
            "from": [ 5, 3, 7 ], 
            "to":   [ 7, 9, 9 ], 
            "rotation": { "angle": -22.5, "axis": "x", "origin": [6, 8.71429, 8] }, 
            "faces": {
                "north": { "uv": [ 0.875, 9.5, 1, 9.875 ], "texture": "#main" }, 
                "east":  { "uv": [ 0.875, 9.5, 1, 9.875 ], "texture": "#main" }, 
                "south": { "uv": [ 0.875, 9.5, 1, 9.875 ], "texture": "#main" }, 
                "west":  { "uv": [ 0.875, 9.5, 1, 9.875 ], "texture": "#main" }, 
                "up":    { "uv": [ 0.875, 9.125, 1, 9.25 ], "texture": "#main" }, 
                "down":  { "uv": [ 0.875, 9.5, 1, 9.875 ], "texture": "#main" }
            }
        }, 
        {
            "name": "R Leg", 
            "from": [ 5, -3, 7 ], 
            "to":   [ 7, 3, 9 ], 
            "rotation": { "angle": -22.5, "axis": "x", "origin": [6, 8.71429, 8] }, 
            "faces": {
                "north": { "uv": [ 7, 8.625, 7.125, 9 ], "texture": "#main" }, 
                "east":  { "uv": [ 7, 8.625, 7.125, 9 ], "texture": "#main" }, 
                "south": { "uv": [ 7, 8.625, 7.125, 9 ], "texture": "#main" }, 
                "west":  { "uv": [ 7, 8.625, 7.125, 9 ], "texture": "#main" }, 
                "up":    { "uv": [ 7, 8.625, 7.125, 9 ], "texture": "#main" }, 
                "down":  { "uv": [ 7, 8.5, 7.125, 8.625 ], "texture": "#main" }
            }
        }, 
        {
            "name": "L Leg", 
            "from": [ 9, -3, 7 ], 
            "to":   [ 11, 3, 9 ], 
            "rotation": { "angle": 22.5, "axis": "x", "origin": [10.28571, 8.75, 8] }, 
            "faces": {
                "north": { "uv": [ 0.125, 9.5, 0.25, 9.875 ], "texture": "#main" }, 
                "east":  { "uv": [ 0.25, 9.5, 0.375, 9.875 ], "texture": "#main" }, 
                "south": { "uv": [ 0.375, 9.5, 0.5, 9.875 ], "texture": "#main" }, 
                "west":  { "uv": [ 0, 9.5, 0.125, 9.875 ], "texture": "#main" }, 
                "up":    { "uv": [ 0.125, 9, 0.25, 9.125 ], "texture": "#main" }, 
                "down":  { "uv": [ 0.125, 9, 0.25, 9.125 ], "texture": "#main" }
            }
        }, 
        {
            "name": "L Leg", 
            "from": [ 9, 3, 7 ], 
            "to":   [ 11, 9, 9 ], 
            "rotation": { "angle": 22.5, "axis": "x", "origin": [10.28571, 8.75, 8] }, 
            "faces": {
                "north": { "uv": [ 0.125, 9.125, 0.25, 9.5 ], "texture": "#main" }, 
                "east":  { "uv": [ 0.25, 9.125, 0.375, 9.5 ], "texture": "#main" }, 
                "south": { "uv": [ 0.375, 9.125, 0.5, 9.5 ], "texture": "#main" }, 
                "west":  { "uv": [ 0, 9.125, 0.125, 9.5 ], "texture": "#main" }, 
                "up":    { "uv": [ 0.125, 9, 0.25, 9.125 ], "texture": "#main" }, 
                "down":  { "uv": [ 0.125, 9, 0.25, 9.125 ], "texture": "#main" }
            }
        }, 
        {
            "from": [ 10.2966, -2.00309, 5.55646 ], 
            "to":   [ 10.2966, 2.99691, 10.55646 ], 
            "rotation": { "angle": 22.5, "axis": "x", "origin": [10.28571, 8.75, 8] }, 
            "faces": {
                "north": { "uv": [ 4, 8, 4, 9.25 ], "texture": "#main" }, 
                "east":  { "uv": [ 7.5625, 10.625, 7.875, 10.9375 ], "rotation":180, "texture": "#main" }, 
                "south": { "uv": [ 4, 8, 4, 9.25 ], "rotation":180, "texture": "#main" }, 
                "west":  { "uv": [ 7.5625, 10.625, 7.875, 10.9375 ], "rotation":180, "texture": "#main" }, 
                "up":    { "uv": [ 4, 8, 5, 8 ], "rotation":270, "texture": "#main" }, 
                "down":  { "uv": [ 4, 8, 5, 8 ], "rotation":270, "texture": "#main" }
            }
        }, 
        {
            "from": [ 9.7966, -2.00309, 5.55646 ], 
            "to":   [ 9.7966, 2.99691, 10.55646 ], 
            "rotation": { "angle": 22.5, "axis": "x", "origin": [10.28571, 8.75, 8] }, 
            "faces": {
                "north": { "uv": [ 4, 8, 4, 9.25 ], "texture": "#main" }, 
                "east":  { "uv": [ 7.5625, 10.625, 7.875, 10.9375 ], "rotation":180, "texture": "#main" }, 
                "south": { "uv": [ 4, 8, 4, 9.25 ], "rotation":180, "texture": "#main" }, 
                "west":  { "uv": [ 7.5625, 10.625, 7.875, 10.9375 ], "rotation":180, "texture": "#main" }, 
                "up":    { "uv": [ 4, 8, 5, 8 ], "rotation":270, "texture": "#main" }, 
                "down":  { "uv": [ 4, 8, 5, 8 ], "rotation":270, "texture": "#main" }
            }
        }, 
        {
            "from": [ 7.2966, -2.00309, 7.55646 ], 
            "to":   [ 12.2966, 2.99691, 7.55646 ], 
            "rotation": { "angle": 22.5, "axis": "x", "origin": [10.28571, 8.75, 8] }, 
            "faces": {
                "north": { "uv": [ 7.5625, 10.625, 7.875, 10.9375 ], "rotation":180, "texture": "#main" }, 
                "east":  { "uv": [ 4, 8, 4, 9.25 ], "rotation":180, "texture": "#main" }, 
                "south": { "uv": [ 7.5625, 10.625, 7.875, 10.9375 ], "rotation":180, "texture": "#main" }, 
                "west":  { "uv": [ 4, 8, 4, 9.25 ], "texture": "#main" }, 
                "up":    { "uv": [ 4, 8, 5, 8 ], "rotation":180, "texture": "#main" }, 
                "down":  { "uv": [ 4, 8, 5, 8 ], "texture": "#main" }
            }
        }, 
        {
            "from": [ 7.95, -1.50003, 8 ], 
            "to":   [ 12.95, 3.49997, 8 ], 
            "rotation": { "angle": 22.5, "axis": "x", "origin": [10.28571, 8.75, 8] }, 
            "faces": {
                "north": { "uv": [ 7.5625, 10.625, 7.875, 10.9375 ], "rotation":180, "texture": "#main" }, 
                "east":  { "uv": [ 4, 8, 4, 9.25 ], "texture": "#main" }, 
                "south": { "uv": [ 7.5625, 10.625, 7.875, 10.9375 ], "rotation":180, "texture": "#main" }, 
                "west":  { "uv": [ 4, 8, 4, 9.25 ], "rotation":180, "texture": "#main" }, 
                "up":    { "uv": [ 4, 8, 5, 8 ], "texture": "#main" }, 
                "down":  { "uv": [ 4, 8, 5, 8 ], "rotation":180, "texture": "#main" }
            }
        }, 
        {
            "name": "Body", 
            "from": [ 4, 9, 10.1 ], 
            "to":   [ 12, 21, 10.1 ], 
            "faces": {
                "north": { "uv": [ 6.5, 10.25, 7, 11 ], "texture": "#main" }, 
                "east":  { "uv": [ 1.75, 9.25, 2, 10 ], "texture": "#main" }, 
                "south": { "uv": [ 6.5, 10.25, 7, 11 ], "texture": "#main" }, 
                "west":  { "uv": [ 1, 9.25, 1.25, 10 ], "texture": "#main" }, 
                "up":    { "uv": [ 1.40625, 9.09375, 1.65625, 9.21875 ], "rotation":180, "texture": "#main" }, 
                "down":  { "uv": [ 1.5, 8, 2, 8.25 ], "rotation":180, "texture": "#main" }
            }
        }, 
        {
            "name": "brown mushroom", 
            "from": [ 8, 9, 7.5 ], 
            "to":   [ 11, 12, 7.5 ], 
            "faces": {
                "north": { "uv": [ 6, 8, 6.5, 8.4375 ], "texture": "#main" }, 
                "east":  { "uv": [ 4, 8, 4, 9.25 ], "texture": "#main" }, 
                "south": { "uv": [ 6, 8, 6.5, 8.4375 ], "texture": "#main" }, 
                "west":  { "uv": [ 4, 8, 4, 9.25 ], "rotation":180, "texture": "#main" }, 
                "up":    { "uv": [ 4, 8, 5, 8 ], "texture": "#main" }, 
                "down":  { "uv": [ 4, 8, 5, 8 ], "rotation":180, "texture": "#main" }
            }
        }, 
        {
            "name": "brown mushroom", 
            "from": [ 9.5, 9, 6 ], 
            "to":   [ 9.5, 12, 9 ], 
            "faces": {
                "north": { "uv": [ 4, 8, 4, 9.25 ], "texture": "#main" }, 
                "east":  { "uv": [ 6, 8, 6.5, 8.4375 ], "texture": "#main" }, 
                "south": { "uv": [ 4, 8, 4, 9.25 ], "rotation":180, "texture": "#main" }, 
                "west":  { "uv": [ 6, 8, 6.5, 8.4375 ], "texture": "#main" }, 
                "up":    { "uv": [ 4, 8, 5, 8 ], "rotation":270, "texture": "#main" }, 
                "down":  { "uv": [ 4, 8, 5, 8 ], "rotation":270, "texture": "#main" }
            }
        }
    ], 
    "display": {
        "thirdperson_righthand": {
            "rotation": [ 75, 45, 0 ], 
            "translation": [ 0, 2.5, 0 ], 
            "scale": [ 0.375, 0.375, 0.375 ]
        }, 
        "thirdperson_lefthand": {
            "rotation": [ 75, 45, 0 ], 
            "translation": [ 0, 2.5, 0 ], 
            "scale": [ 0.375, 0.375, 0.375 ]
        }, 
        "firstperson_righthand": {
            "rotation": [ 0, 111, 0 ], 
            "scale": [ 0.4, 0.4, 0.4 ]
        }, 
        "firstperson_lefthand": {
            "rotation": [ 0, 132, 0 ], 
            "scale": [ 0.4, 0.4, 0.4 ]
        }, 
        "ground": {
            "translation": [ 0, 3, 0 ], 
            "scale": [ 0.25, 0.25, 0.25 ]
        }, 
        "gui": {
            "rotation": [ 30, 225, 0 ], 
            "translation": [ 0, -2, 0 ], 
            "scale": [ 0.5, 0.5, 0.5 ]
        }, 
        "head": {
            "translation": [ 0, -64, 0 ], 
            "scale": [ 1.6, 1.6, 1.6 ]
        }, 
        "fixed": {
            "scale": [ 0.5, 0.5, 0.5 ]
        }
    }, 
    "groups": [
        {
            "name": "body", 
            "children": [
                0
            ]
        }, 
        {
            "name": "RL", 
            "children": [
                1, 
                2
            ]
        }, 
        {
            "name": "LL", 
            "children": [
                3, 
                4
            ]
        }, 
        {
            "name": "plants", 
            "children": [
                5, 
                6, 
                7, 
                8, 
                9, 
                10, 
                11
            ]
        }
    ], 
    "__comment": "Model animated using Fizzy's model animator - http://fizzy81.github.io/animated-models/"
}