{
                "config": {
                  "max_water_depth": 0,
                  "ignore_vines": false,
                  "heightmap": "OCEAN_FLOOR_WG",
                  "minimum_size": {
                    "limit": 0,
                    "lower_size": 0,
                    "upper_size": 0,
                    "type": "minecraft:two_layers_feature_size"
                  },
                  "decorators": [],
                  "trunk_provider": {
                    "state": {
                      "Properties": {
                        "axis": "y"
                      },
                      "Name": "minecraft:stripped_dark_oak_log"
                    },
                    "type": "minecraft:simple_state_provider"
                  },
                  "leaves_provider": {
                    "state": {
                      "Properties": {
                        "axis": "y"
                      },
                      "Name": "minecraft:stripped_dark_oak_wood"
                    },
                    "type": "minecraft:simple_state_provider"
                  },
                  "foliage_placer": {
                    "radius": 2,
                    "offset": 0,
                    "height": 4,
                    "type": "minecraft:fancy_foliage_placer"
                  },
                  "trunk_placer": {
                    "base_height": 1,
                    "height_rand_a": 0,
                    "height_rand_b": 0,
                    "type": "minecraft:straight_trunk_placer"
                  }
                },
                "type": "minecraft:tree"
              }