{
  "type": "minecraft:decorated",
  "config": {
    "decorator": {
      "type": "minecraft:count_noise_biased",
      "config": {
        "noise_to_count_ratio": 150,
        "noise_factor": 500,
        "noise_offset": -0.5
      }
    },
    "feature": {
      "type": "minecraft:decorated",
      "config": {
        "decorator": {
          "type": "minecraft:decorated",
          "config": {
            "outer": {
              "type": "minecraft:square",
              "config": {}
            },
            "inner": {
              "type": "minecraft:range",
              "config": {
                "maximum": 3,
                "bottom_offset": 62,
                "top_offset": 0
              }
            }
          }
        },
        "feature": {
          "type": "minecraft:ore",
          "config": {
            "state": {
              "Name": "minecraft:soul_soil"
            },
            "size": 15,
            "target": {
              "predicate_type": "minecraft:block_match",
              "block": "minecraft:grass_block"
            }
          }
        }
      }
    }
  }
}