{
  "type": "minecraft:decorated",
  "config": {
    "decorator": {
      "type": "minecraft:count_noise_biased",
      "config": {
        "noise_to_count_ratio": -100,
        "noise_factor": 500,
        "noise_offset": 0.5
      }
    },
    "feature": {
      "type": "minecraft:decorated",
      "config": {
        "decorator": {
          "type": "minecraft:decorated",
          "config": {
            "outer": {
              "type": "minecraft:square",
              "config": {}
            },
            "inner": {
              "type": "minecraft:heightmap_spread_double",
              "config": {}
            }
          }
        },
        "feature": {
          "type": "minecraft:random_patch",
          "config": {
            "can_replace": false,
            "project": true,
            "need_water": false,
            "xspread": 7,
            "yspread": 3,
            "zspread": 7,
            "tries": 64,
            "state_provider": {
              "type": "minecraft:simple_state_provider",
              "state": {
                "Name": "minecraft:grass"
              }
            },
            "block_placer": {
              "type": "minecraft:simple_block_placer"
            },
            "whitelist": [],
            "blacklist": []
          }
        }
      }
    }
  }
}