{
	"credit": "Made By BronGhast014 with Blockbench",
	"textures": {
		"0": "mobs/fossil_hurt",
		"1": "mobs/armor_hurt",
		"2_0": "mobs/fossil_hurt",
		"2_1": "mobs/armor_hurt"
	},
	"elements": [
		{
			"name": "Head",
			"from": [4.1, 20.9, 4.1],
			"to": [11.9, 28.9, 11.9],
			"faces": {
				"north": {"uv": [8, 4, 4, 8], "texture": "#0"},
				"east": {"uv": [0, 4, 4, 8], "texture": "#0"},
				"south": {"uv": [4, 0, 0, 4], "texture": "#0"},
				"west": {"uv": [8, 4, 12, 8], "texture": "#0"},
				"up": {"uv": [8, 4, 4, 0], "texture": "#0"},
				"down": {"uv": [12, 4, 8, 0], "texture": "#0"}
			}
		},
		{
			"name": "helm",
			"from": [3.9, 20.9, 3.9],
			"to": [12.1, 29.1, 12.1],
			"faces": {
				"north": {"uv": [8, 4, 4, 8], "texture": "#1"},
				"east": {"uv": [0, 4, 4, 8], "texture": "#1"},
				"south": {"uv": [0, 0, 4, 4], "texture": "#1"},
				"west": {"uv": [8, 4, 12, 8], "texture": "#1"},
				"up": {"uv": [8, 4, 4, 0], "rotation": 90, "texture": "#1"},
				"down": {"uv": [12, 4, 8, 0], "texture": "#1"}
			}
		},
		{
			"name": "helm",
			"from": [7.9, 29.1, 3.9],
			"to": [7.9, 30.1, 12.1],
			"faces": {
				"north": {"uv": [4, 0, 8, 0.5], "texture": "#1"},
				"east": {"uv": [4, 0, 8, 0.5], "texture": "#1"},
				"south": {"uv": [4, 0, 8, 0.5], "texture": "#1"},
				"west": {"uv": [4, 0, 8, 0.5], "texture": "#1"},
				"up": {"uv": [4, 0, 8, 0.5], "texture": "#1"},
				"down": {"uv": [4, 0, 8, 0.5], "texture": "#1"}
			}
		},
		{
			"name": "L Leg",
			"from": [9, -3, 7],
			"to": [11, 3, 9],
			"faces": {
				"north": {"uv": [1, 12, 2, 15], "texture": "#2_0"},
				"east": {"uv": [2, 12, 3, 15], "texture": "#2_0"},
				"south": {"uv": [3, 12, 4, 15], "texture": "#2_0"},
				"west": {"uv": [0, 12, 1, 15], "texture": "#2_0"},
				"up": {"uv": [1, 8, 2, 9], "texture": "#2_0"},
				"down": {"uv": [5, 8, 6, 9], "texture": "#2_0"}
			}
		},
		{
			"name": "L Leg",
			"from": [9, 3, 7],
			"to": [11, 9, 9],
			"faces": {
				"north": {"uv": [1, 9, 2, 12], "texture": "#2_0"},
				"east": {"uv": [2, 9, 3, 12], "texture": "#2_0"},
				"south": {"uv": [3, 9, 4, 12], "texture": "#2_0"},
				"west": {"uv": [0, 9, 1, 12], "texture": "#2_0"},
				"up": {"uv": [2, 8, 3, 9], "texture": "#2_0"},
				"down": {"uv": [1, 8, 2, 9], "texture": "#2_0"}
			}
		},
		{
			"name": "armor",
			"from": [8, -3.1, 6],
			"to": [12, 9, 10],
			"faces": {
				"north": {"uv": [12, 10, 14, 16], "texture": "#2_1"},
				"east": {"uv": [12, 10, 14, 16], "texture": "#2_1"},
				"south": {"uv": [12, 10, 14, 16], "texture": "#2_1"},
				"west": {"uv": [12, 10, 14, 16], "texture": "#2_1"},
				"up": {"uv": [12, 8, 14, 10], "texture": "#2_1"},
				"down": {"uv": [14, 8, 16, 10], "texture": "#2_1"}
			}
		},
		{
			"name": "R Leg",
			"from": [5, 3, 7],
			"to": [7, 9, 9],
			"faces": {
				"north": {"uv": [3, 9, 4, 12], "texture": "#2_0"},
				"east": {"uv": [0, 9, 1, 12], "texture": "#2_0"},
				"south": {"uv": [1, 9, 2, 12], "texture": "#2_0"},
				"west": {"uv": [2, 9, 3, 12], "texture": "#2_0"},
				"up": {"uv": [2, 8, 3, 9], "texture": "#2_0"},
				"down": {"uv": [7, 12, 8, 15], "texture": "#2_0"}
			}
		},
		{
			"name": "R Leg",
			"from": [5, -3, 7],
			"to": [7, 3, 9],
			"faces": {
				"north": {"uv": [3, 12, 4, 15], "texture": "#2_0"},
				"east": {"uv": [1, 12, 2, 15], "texture": "#2_0"},
				"south": {"uv": [0, 12, 1, 15], "texture": "#2_0"},
				"west": {"uv": [2, 12, 3, 15], "texture": "#2_0"},
				"up": {"uv": [6, 8, 7, 9], "texture": "#2_0"},
				"down": {"uv": [6, 8, 7, 9], "texture": "#2_0"}
			}
		},
		{
			"name": "armor",
			"from": [4, -3.1, 6],
			"to": [8, 9, 10],
			"faces": {
				"north": {"uv": [12, 10, 14, 16], "texture": "#2_1"},
				"east": {"uv": [12, 10, 14, 16], "texture": "#2_1"},
				"south": {"uv": [12, 10, 14, 16], "texture": "#2_1"},
				"west": {"uv": [12, 10, 14, 16], "texture": "#2_1"},
				"up": {"uv": [12, 8, 14, 10], "texture": "#2_1"},
				"down": {"uv": [14, 8, 16, 10], "texture": "#2_1"}
			}
		},
		{
			"name": "Body",
			"from": [4, 9, 6],
			"to": [12, 21, 10],
			"faces": {
				"north": {"uv": [10, 10, 14, 16], "texture": "#2_0"},
				"east": {"uv": [14, 10, 16, 16], "texture": "#2_0"},
				"south": {"uv": [12, 2, 16, 8], "texture": "#2_0"},
				"west": {"uv": [8, 10, 10, 16], "texture": "#2_0"},
				"up": {"uv": [11.25, 8.75, 13.25, 9.75], "rotation": 180, "texture": "#2_0"},
				"down": {"uv": [12, 0, 16, 2], "rotation": 180, "texture": "#2_0"}
			}
		},
		{
			"name": "chain",
			"from": [3.9, 9, 5.9],
			"to": [12.1, 21, 10.1],
			"faces": {
				"north": {"uv": [2, 10, 6, 16], "texture": "#2_1"},
				"east": {"uv": [0, 10, 2, 16], "texture": "#2_1"},
				"south": {"uv": [2, 10, 6, 16], "texture": "#2_1"},
				"west": {"uv": [0, 10, 2, 16], "texture": "#2_1"},
				"up": {"uv": [6.5, 10.5, 7.5, 11], "rotation": 180, "texture": "#2_1"},
				"down": {"uv": [6.5, 10.5, 7.5, 11], "rotation": 180, "texture": "#2_1"}
			}
		}
	],
	"display": {
		"thirdperson_righthand": {
			"rotation": [90, 0, 0],
			"translation": [-5, -2, -1]
		},
		"thirdperson_lefthand": {
			"rotation": [90, 0, 0],
			"translation": [-5, -2, -1]
		},
		"firstperson_righthand": {
			"rotation": [0, 45, 0],
			"translation": [0, 1, 0],
			"scale": [0.4, 0.4, 0.4]
		},
		"firstperson_lefthand": {
			"rotation": [0, 45, 0],
			"translation": [0, 1, 0],
			"scale": [0.4, 0.4, 0.4]
		},
		"ground": {
			"scale": [2, 2, 2]
		},
		"gui": {
			"rotation": [30, 45, 0],
			"scale": [0.65, 0.65, 0.65]
		},
		"head": {
			"translation": [0, -27, -0.15],
			"scale": [1.6, 1.6, 1.6]
		},
		"fixed": {
			"scale": [2, 2, 2]
		}
	},
	"groups": [
		{
			"name": "Head",
			"children": [0, 1, 2]
		},
		{
			"name": "body",
			"children": [
				{
					"name": "body",
					"children": [
						{
							"name": "LL",
							"children": [3, 4, 5]
						},
						{
							"name": "RL",
							"children": [6, 7, 8]
						}, 9, 10]
				}
			]
		}
	]
}