{
	"credit": "Made By BronGhast014 with Blockbench",
	"textures": {
		"0": "mobs/fossil",
		"1": "mobs/armor",
		"main": "mobs/animations/cave_warrior"
	},
	"elements": [
		{
			"name": "Head",
			"from": [4.1, 20.9, 4.1],
			"to": [11.9, 28.9, 11.9],
			"faces": {
				"north": {"uv": [8, 4, 4, 8], "texture": "#0"},
				"east": {"uv": [0, 4, 4, 8], "texture": "#0"},
				"south": {"uv": [4, 0, 0, 4], "texture": "#0"},
				"west": {"uv": [8, 4, 12, 8], "texture": "#0"},
				"up": {"uv": [8, 4, 4, 0], "texture": "#0"},
				"down": {"uv": [12, 4, 8, 0], "texture": "#0"}
			}
		},
		{
			"name": "helm",
			"from": [3.9, 20.9, 3.9],
			"to": [12.1, 29.1, 12.1],
			"faces": {
				"north": {"uv": [8, 4, 4, 8], "texture": "#1"},
				"east": {"uv": [0, 4, 4, 8], "texture": "#1"},
				"south": {"uv": [0, 0, 4, 4], "texture": "#1"},
				"west": {"uv": [8, 4, 12, 8], "texture": "#1"},
				"up": {"uv": [8, 4, 4, 0], "rotation": 90, "texture": "#1"},
				"down": {"uv": [12, 4, 8, 0], "texture": "#1"}
			}
		},
		{
			"name": "helm",
			"from": [7.9, 29.1, 3.9],
			"to": [7.9, 30.1, 12.1],
			"faces": {
				"north": {"uv": [4, 0, 8, 0.5], "texture": "#1"},
				"east": {"uv": [4, 0, 8, 0.5], "texture": "#1"},
				"south": {"uv": [4, 0, 8, 0.5], "texture": "#1"},
				"west": {"uv": [4, 0, 8, 0.5], "texture": "#1"},
				"up": {"uv": [4, 0, 8, 0.5], "texture": "#1"},
				"down": {"uv": [4, 0, 8, 0.5], "texture": "#1"}
			}
		},
		{
			"name": "L Leg",
			"from": [9, -3, 7],
			"to": [11, 3, 9],
			"faces": {
				"north": {"uv": [8.25, 3, 8.5, 3.75], "texture": "#main"},
				"east": {"uv": [8.5, 3, 8.75, 3.75], "texture": "#main"},
				"south": {"uv": [8.75, 3, 9, 3.75], "texture": "#main"},
				"west": {"uv": [8, 3, 8.25, 3.75], "texture": "#main"},
				"up": {"uv": [8.25, 2, 8.5, 2.25], "texture": "#main"},
				"down": {"uv": [9.25, 2, 9.5, 2.25], "texture": "#main"}
			}
		},
		{
			"name": "L Leg",
			"from": [9, 3, 7],
			"to": [11, 9, 9],
			"faces": {
				"north": {"uv": [8.25, 2.25, 8.5, 3], "texture": "#main"},
				"east": {"uv": [8.5, 2.25, 8.75, 3], "texture": "#main"},
				"south": {"uv": [8.75, 2.25, 9, 3], "texture": "#main"},
				"west": {"uv": [8, 2.25, 8.25, 3], "texture": "#main"},
				"up": {"uv": [8.5, 2, 8.75, 2.25], "texture": "#main"},
				"down": {"uv": [8.25, 2, 8.5, 2.25], "texture": "#main"}
			}
		},
		{
			"name": "armor",
			"from": [8, -3.1, 6],
			"to": [12, 9, 10],
			"faces": {
				"north": {"uv": [15, 2.5, 15.5, 4], "texture": "#main"},
				"east": {"uv": [15, 2.5, 15.5, 4], "texture": "#main"},
				"south": {"uv": [15, 2.5, 15.5, 4], "texture": "#main"},
				"west": {"uv": [15, 2.5, 15.5, 4], "texture": "#main"},
				"up": {"uv": [15, 2, 15.5, 2.5], "texture": "#main"},
				"down": {"uv": [15.5, 2, 16, 2.5], "texture": "#main"}
			}
		},
		{
			"name": "R Leg",
			"from": [5, 3, 7],
			"to": [7, 9, 9],
			"faces": {
				"north": {"uv": [8.75, 2.25, 9, 3], "texture": "#main"},
				"east": {"uv": [8, 2.25, 8.25, 3], "texture": "#main"},
				"south": {"uv": [8.25, 2.25, 8.5, 3], "texture": "#main"},
				"west": {"uv": [8.5, 2.25, 8.75, 3], "texture": "#main"},
				"up": {"uv": [8.5, 2, 8.75, 2.25], "texture": "#main"},
				"down": {"uv": [9.75, 3, 10, 3.75], "texture": "#main"}
			}
		},
		{
			"name": "R Leg",
			"from": [5, -3, 7],
			"to": [7, 3, 9],
			"faces": {
				"north": {"uv": [8.75, 3, 9, 3.75], "texture": "#main"},
				"east": {"uv": [8.25, 3, 8.5, 3.75], "texture": "#main"},
				"south": {"uv": [8, 3, 8.25, 3.75], "texture": "#main"},
				"west": {"uv": [8.5, 3, 8.75, 3.75], "texture": "#main"},
				"up": {"uv": [9.5, 2, 9.75, 2.25], "texture": "#main"},
				"down": {"uv": [9.5, 2, 9.75, 2.25], "texture": "#main"}
			}
		},
		{
			"name": "armor",
			"from": [4, -3.1, 6],
			"to": [8, 9, 10],
			"faces": {
				"north": {"uv": [15, 2.5, 15.5, 4], "texture": "#main"},
				"east": {"uv": [15, 2.5, 15.5, 4], "texture": "#main"},
				"south": {"uv": [15, 2.5, 15.5, 4], "texture": "#main"},
				"west": {"uv": [15, 2.5, 15.5, 4], "texture": "#main"},
				"up": {"uv": [15, 2, 15.5, 2.5], "texture": "#main"},
				"down": {"uv": [15.5, 2, 16, 2.5], "texture": "#main"}
			}
		},
		{
			"name": "Body",
			"from": [4, 9, 6],
			"to": [12, 21, 10],
			"faces": {
				"north": {"uv": [10.5, 2.5, 11.5, 4], "texture": "#main"},
				"east": {"uv": [11.5, 2.5, 12, 4], "texture": "#main"},
				"south": {"uv": [11, 0.5, 12, 2], "texture": "#main"},
				"west": {"uv": [10, 2.5, 10.5, 4], "texture": "#main"},
				"up": {"uv": [10.8125, 2.1875, 11.3125, 2.4375], "rotation": 180, "texture": "#main"},
				"down": {"uv": [11, 0, 12, 0.5], "rotation": 180, "texture": "#main"}
			}
		},
		{
			"name": "chain",
			"from": [3.9, 9, 5.9],
			"to": [12.1, 21, 10.1],
			"faces": {
				"north": {"uv": [12.5, 2.5, 13.5, 4], "texture": "#main"},
				"east": {"uv": [12, 2.5, 12.5, 4], "texture": "#main"},
				"south": {"uv": [12.5, 2.5, 13.5, 4], "texture": "#main"},
				"west": {"uv": [12, 2.5, 12.5, 4], "texture": "#main"},
				"up": {"uv": [13.625, 2.625, 13.875, 2.75], "rotation": 180, "texture": "#main"},
				"down": {"uv": [13.625, 2.625, 13.875, 2.75], "rotation": 180, "texture": "#main"}
			}
		},
		{
			"name": "L Leg",
			"from": [8.99126, -2.99998, 7.00873],
			"to": [10.99126, 3.00002, 9.00873],
			"rotation": {"angle": 22.5, "axis": "x", "origin": [10, 8, 8]},
			"faces": {
				"north": {"uv": [0.25, 11, 0.5, 11.75], "texture": "#main"},
				"east": {"uv": [0.5, 11, 0.75, 11.75], "texture": "#main"},
				"south": {"uv": [0.75, 11, 1, 11.75], "texture": "#main"},
				"west": {"uv": [0, 11, 0.25, 11.75], "texture": "#main"},
				"up": {"uv": [0.25, 10, 0.5, 10.25], "texture": "#main"},
				"down": {"uv": [1.25, 10, 1.5, 10.25], "texture": "#main"}
			}
		},
		{
			"name": "L Leg",
			"from": [8.99126, 3.00002, 7.00873],
			"to": [10.99126, 9.00002, 9.00873],
			"rotation": {"angle": 22.5, "axis": "x", "origin": [10, 8, 8]},
			"faces": {
				"north": {"uv": [0.25, 10.25, 0.5, 11], "texture": "#main"},
				"east": {"uv": [0.5, 10.25, 0.75, 11], "texture": "#main"},
				"south": {"uv": [0.75, 10.25, 1, 11], "texture": "#main"},
				"west": {"uv": [0, 10.25, 0.25, 11], "texture": "#main"},
				"up": {"uv": [0.5, 10, 0.75, 10.25], "texture": "#main"},
				"down": {"uv": [0.25, 10, 0.5, 10.25], "texture": "#main"}
			}
		},
		{
			"name": "armor",
			"from": [7.99126, -3.09998, 6.00873],
			"to": [11.99126, 9.00002, 10.00873],
			"rotation": {"angle": 22.5, "axis": "x", "origin": [10, 8, 8]},
			"faces": {
				"north": {"uv": [7, 10.5, 7.5, 12], "texture": "#main"},
				"east": {"uv": [7, 10.5, 7.5, 12], "texture": "#main"},
				"south": {"uv": [7, 10.5, 7.5, 12], "texture": "#main"},
				"west": {"uv": [7, 10.5, 7.5, 12], "texture": "#main"},
				"up": {"uv": [7, 10, 7.5, 10.5], "texture": "#main"},
				"down": {"uv": [7.5, 10, 8, 10.5], "texture": "#main"}
			}
		},
		{
			"name": "R Leg",
			"from": [4.99126, 3.00002, 7.00873],
			"to": [6.99126, 9.00002, 9.00873],
			"rotation": {"angle": -22.5, "axis": "x", "origin": [6, 8, 8]},
			"faces": {
				"north": {"uv": [0.75, 10.25, 1, 11], "texture": "#main"},
				"east": {"uv": [0, 10.25, 0.25, 11], "texture": "#main"},
				"south": {"uv": [0.25, 10.25, 0.5, 11], "texture": "#main"},
				"west": {"uv": [0.5, 10.25, 0.75, 11], "texture": "#main"},
				"up": {"uv": [0.5, 10, 0.75, 10.25], "texture": "#main"},
				"down": {"uv": [1.75, 11, 2, 11.75], "texture": "#main"}
			}
		},
		{
			"name": "R Leg",
			"from": [4.99126, -2.99998, 7.00873],
			"to": [6.99126, 3.00002, 9.00873],
			"rotation": {"angle": -22.5, "axis": "x", "origin": [6, 8, 8]},
			"faces": {
				"north": {"uv": [0.75, 11, 1, 11.75], "texture": "#main"},
				"east": {"uv": [0.25, 11, 0.5, 11.75], "texture": "#main"},
				"south": {"uv": [0, 11, 0.25, 11.75], "texture": "#main"},
				"west": {"uv": [0.5, 11, 0.75, 11.75], "texture": "#main"},
				"up": {"uv": [1.5, 10, 1.75, 10.25], "texture": "#main"},
				"down": {"uv": [1.5, 10, 1.75, 10.25], "texture": "#main"}
			}
		},
		{
			"name": "armor",
			"from": [3.99126, -3.09998, 6.00873],
			"to": [7.99126, 9.00002, 10.00873],
			"rotation": {"angle": -22.5, "axis": "x", "origin": [6, 8, 8]},
			"faces": {
				"north": {"uv": [7, 10.5, 7.5, 12], "texture": "#main"},
				"east": {"uv": [7, 10.5, 7.5, 12], "texture": "#main"},
				"south": {"uv": [7, 10.5, 7.5, 12], "texture": "#main"},
				"west": {"uv": [7, 10.5, 7.5, 12], "texture": "#main"},
				"up": {"uv": [7, 10, 7.5, 10.5], "texture": "#main"},
				"down": {"uv": [7.5, 10, 8, 10.5], "texture": "#main"}
			}
		},
		{
			"name": "Body",
			"from": [4, 9, 6],
			"to": [12, 21, 10],
			"faces": {
				"north": {"uv": [2.5, 10.5, 3.5, 12], "texture": "#main"},
				"east": {"uv": [3.5, 10.5, 4, 12], "texture": "#main"},
				"south": {"uv": [3, 8.5, 4, 10], "texture": "#main"},
				"west": {"uv": [2, 10.5, 2.5, 12], "texture": "#main"},
				"up": {"uv": [2.8125, 10.1875, 3.3125, 10.4375], "rotation": 180, "texture": "#main"},
				"down": {"uv": [3, 8, 4, 8.5], "rotation": 180, "texture": "#main"}
			}
		},
		{
			"name": "chain",
			"from": [3.9, 9, 5.9],
			"to": [12.1, 21, 10.1],
			"faces": {
				"north": {"uv": [4.5, 10.5, 5.5, 12], "texture": "#main"},
				"east": {"uv": [4, 10.5, 4.5, 12], "texture": "#main"},
				"south": {"uv": [4.5, 10.5, 5.5, 12], "texture": "#main"},
				"west": {"uv": [4, 10.5, 4.5, 12], "texture": "#main"},
				"up": {"uv": [5.625, 10.625, 5.875, 10.75], "rotation": 180, "texture": "#main"},
				"down": {"uv": [5.625, 10.625, 5.875, 10.75], "rotation": 180, "texture": "#main"}
			}
		},
		{
			"name": "L Leg",
			"from": [8.99126, -2.99998, 7.00873],
			"to": [10.99126, 3.00002, 9.00873],
			"rotation": {"angle": -22.5, "axis": "x", "origin": [10, 8, 8]},
			"faces": {
				"north": {"uv": [0.25, 3, 0.5, 3.75], "texture": "#main"},
				"east": {"uv": [0.5, 3, 0.75, 3.75], "texture": "#main"},
				"south": {"uv": [0.75, 3, 1, 3.75], "texture": "#main"},
				"west": {"uv": [0, 3, 0.25, 3.75], "texture": "#main"},
				"up": {"uv": [0.25, 2, 0.5, 2.25], "texture": "#main"},
				"down": {"uv": [1.25, 2, 1.5, 2.25], "texture": "#main"}
			}
		},
		{
			"name": "L Leg",
			"from": [8.99126, 3.00002, 7.00873],
			"to": [10.99126, 9.00002, 9.00873],
			"rotation": {"angle": -22.5, "axis": "x", "origin": [10, 8, 8]},
			"faces": {
				"north": {"uv": [0.25, 2.25, 0.5, 3], "texture": "#main"},
				"east": {"uv": [0.5, 2.25, 0.75, 3], "texture": "#main"},
				"south": {"uv": [0.75, 2.25, 1, 3], "texture": "#main"},
				"west": {"uv": [0, 2.25, 0.25, 3], "texture": "#main"},
				"up": {"uv": [0.5, 2, 0.75, 2.25], "texture": "#main"},
				"down": {"uv": [0.25, 2, 0.5, 2.25], "texture": "#main"}
			}
		},
		{
			"name": "armor",
			"from": [7.99126, -3.09998, 6.00873],
			"to": [11.99126, 9.00002, 10.00873],
			"rotation": {"angle": -22.5, "axis": "x", "origin": [10, 8, 8]},
			"faces": {
				"north": {"uv": [7, 2.5, 7.5, 4], "texture": "#main"},
				"east": {"uv": [7, 2.5, 7.5, 4], "texture": "#main"},
				"south": {"uv": [7, 2.5, 7.5, 4], "texture": "#main"},
				"west": {"uv": [7, 2.5, 7.5, 4], "texture": "#main"},
				"up": {"uv": [7, 2, 7.5, 2.5], "texture": "#main"},
				"down": {"uv": [7.5, 2, 8, 2.5], "texture": "#main"}
			}
		},
		{
			"name": "R Leg",
			"from": [4.99126, 3.00002, 7.00873],
			"to": [6.99126, 9.00002, 9.00873],
			"rotation": {"angle": 22.5, "axis": "x", "origin": [6, 8, 8]},
			"faces": {
				"north": {"uv": [0.75, 2.25, 1, 3], "texture": "#main"},
				"east": {"uv": [0, 2.25, 0.25, 3], "texture": "#main"},
				"south": {"uv": [0.25, 2.25, 0.5, 3], "texture": "#main"},
				"west": {"uv": [0.5, 2.25, 0.75, 3], "texture": "#main"},
				"up": {"uv": [0.5, 2, 0.75, 2.25], "texture": "#main"},
				"down": {"uv": [1.75, 3, 2, 3.75], "texture": "#main"}
			}
		},
		{
			"name": "R Leg",
			"from": [4.99126, -2.99998, 7.00873],
			"to": [6.99126, 3.00002, 9.00873],
			"rotation": {"angle": 22.5, "axis": "x", "origin": [6, 8, 8]},
			"faces": {
				"north": {"uv": [0.75, 3, 1, 3.75], "texture": "#main"},
				"east": {"uv": [0.25, 3, 0.5, 3.75], "texture": "#main"},
				"south": {"uv": [0, 3, 0.25, 3.75], "texture": "#main"},
				"west": {"uv": [0.5, 3, 0.75, 3.75], "texture": "#main"},
				"up": {"uv": [1.5, 2, 1.75, 2.25], "texture": "#main"},
				"down": {"uv": [1.5, 2, 1.75, 2.25], "texture": "#main"}
			}
		},
		{
			"name": "armor",
			"from": [3.99126, -3.09998, 6.00873],
			"to": [7.99126, 9.00002, 10.00873],
			"rotation": {"angle": 22.5, "axis": "x", "origin": [6, 8, 8]},
			"faces": {
				"north": {"uv": [7, 2.5, 7.5, 4], "texture": "#main"},
				"east": {"uv": [7, 2.5, 7.5, 4], "texture": "#main"},
				"south": {"uv": [7, 2.5, 7.5, 4], "texture": "#main"},
				"west": {"uv": [7, 2.5, 7.5, 4], "texture": "#main"},
				"up": {"uv": [7, 2, 7.5, 2.5], "texture": "#main"},
				"down": {"uv": [7.5, 2, 8, 2.5], "texture": "#main"}
			}
		},
		{
			"name": "Body",
			"from": [4, 9, 6],
			"to": [12, 21, 10],
			"faces": {
				"north": {"uv": [2.5, 2.5, 3.5, 4], "texture": "#main"},
				"east": {"uv": [3.5, 2.5, 4, 4], "texture": "#main"},
				"south": {"uv": [3, 0.5, 4, 2], "texture": "#main"},
				"west": {"uv": [2, 2.5, 2.5, 4], "texture": "#main"},
				"up": {"uv": [2.8125, 2.1875, 3.3125, 2.4375], "rotation": 180, "texture": "#main"},
				"down": {"uv": [3, 0, 4, 0.5], "rotation": 180, "texture": "#main"}
			}
		},
		{
			"name": "chain",
			"from": [3.9, 9, 5.9],
			"to": [12.1, 21, 10.1],
			"faces": {
				"north": {"uv": [4.5, 2.5, 5.5, 4], "texture": "#main"},
				"east": {"uv": [4, 2.5, 4.5, 4], "texture": "#main"},
				"south": {"uv": [4.5, 2.5, 5.5, 4], "texture": "#main"},
				"west": {"uv": [4, 2.5, 4.5, 4], "texture": "#main"},
				"up": {"uv": [5.625, 2.625, 5.875, 2.75], "rotation": 180, "texture": "#main"},
				"down": {"uv": [5.625, 2.625, 5.875, 2.75], "rotation": 180, "texture": "#main"}
			}
		}
	],
	"display": {
		"thirdperson_righthand": {
			"rotation": [90, 0, 0],
			"translation": [-5, -2, -1]
		},
		"thirdperson_lefthand": {
			"rotation": [90, 0, 0],
			"translation": [-5, -2, -1]
		},
		"firstperson_righthand": {
			"rotation": [0, 45, 0],
			"translation": [0, 1, 0],
			"scale": [0.4, 0.4, 0.4]
		},
		"firstperson_lefthand": {
			"rotation": [0, 45, 0],
			"translation": [0, 1, 0],
			"scale": [0.4, 0.4, 0.4]
		},
		"ground": {
			"scale": [2, 2, 2]
		},
		"gui": {
			"rotation": [30, 45, 0],
			"scale": [0.65, 0.65, 0.65]
		},
		"head": {
			"translation": [0, -27, -0.15],
			"scale": [1.6, 1.6, 1.6]
		},
		"fixed": {
			"scale": [2, 2, 2]
		}
	},
	"groups": [
		{
			"name": "Head",
			"children": [0, 1, 2]
		},
		{
			"name": "moving",
			"children": [3, 4, 5, 6, 7, 8, 9, 10, 11, 12, 13, 14, 15, 16, 17, 18,
				{
					"name": "body",
					"children": [
						{
							"name": "LL",
							"children": [19, 20, 21]
						},
						{
							"name": "RL",
							"children": [22, 23, 24]
						}, 25, 26]
				}
			]
		}
	]
}