{
    "type": "minecraft:block",
    "pools": [
        {
            "rolls": 1,
            "entries": [
                {
                    "type": "minecraft:alternatives",
                    "children": [
                        {
                            "type": "minecraft:item",
                            "conditions": [
                              {
                                "condition": "minecraft:match_tool",
                                "predicate": {
                                  "enchantments": [
                                    {
                                      "enchantment": "minecraft:fortune",
                                      "levels": {
                                        "min": 1
                                      }
                                    }
                                  ],
                                 "nbt": "{CustomEnchantments:{VeinMiner:1,AutoSmelt:1}}"
                                }
                              }
                            ],
                            "functions": [
                              {
                                "function": "set_nbt",
                                "tag": "{CustomEnchantments:{VeinMinerItemBreak:1}}"
                              },
                              {
                                "function": "minecraft:apply_bonus",
                                "enchantment": "minecraft:fortune",
                                "formula": "minecraft:ore_drops"
                              }
                            ],  
                            "name": "minecraft:iron_ingot"
                        },
                        {
                            "type": "minecraft:item",
                            "name": "minecraft:iron_ingot",
                            "conditions": [
                                {
                                    "condition": "minecraft:match_tool",
                                    "predicate": {
                                        "nbt": "{CustomEnchantments:{VeinMiner:1,AutoSmelt:1}}"
                                    }
                                }
                            ],
                            "functions": [
                                  {
                                      "function": "set_nbt",
                                      "tag": "{CustomEnchantments:{VeinMinerItemBreak:1}}"
                                  }
                              ] 
                          },
                          {
                            "type": "minecraft:item",
                            "name": "minecraft:iron_ore",
                            "conditions": [
                                {
                                    "condition": "minecraft:match_tool",
                                    "predicate": {
                                        "nbt": "{CustomEnchantments:{VeinMiner:1}}"
                                    }
                                }
                            ],
                            "functions": [
                                {
                                    "function": "set_nbt",
                                    "tag": "{CustomEnchantments:{VeinMinerItemBreak:1}}"
                                }
                            ]
                        },
                        {
                            "type": "minecraft:item",
                            "name": "minecraft:iron_ingot",
                            "conditions": [
                                {
                                    "condition": "minecraft:match_tool",
                                    "predicate": {
                                        "nbt": "{CustomEnchantments:{MiningPlus:1,AutoSmelt:1}}"
                                    }
                                }
                            ],
                            "functions": [
                                  {
                                      "function": "set_nbt",
                                      "tag": "{CustomEnchantments:{MiningPlusItembreak:1,MiningPlusItembreakAutoSmelt:1}}"
                                  }
                              ] 
                          },
                        {
                            "type": "minecraft:item",
                            "name": "minecraft:iron_ore",
                            "conditions": [
                                {
                                    "condition": "minecraft:match_tool",
                                    "predicate": {
                                        "nbt": "{CustomEnchantments:{MiningPlus:1}}"
                                    }
                                }
                            ],
                            "functions": [
                                  {
                                      "function": "set_nbt",
                                      "tag": "{CustomEnchantments:{MiningPlusItembreak:1}}"
                                  }
                              ] 
                        },
                        {
                            "type": "minecraft:item",
                            "conditions": [
                              {
                                "condition": "minecraft:match_tool",
                                "predicate": {
                                  "enchantments": [
                                    {
                                      "enchantment": "minecraft:fortune",
                                      "levels": {
                                        "min": 1
                                      }
                                    }
                                  ],
                                 "nbt": "{CustomEnchantments:{AutoSmelt:1}}"
                                }
                              }
                            ],
                            "functions": [
                              {
                                "function": "minecraft:apply_bonus",
                                "enchantment": "minecraft:fortune",
                                "formula": "minecraft:ore_drops"
                              }
                            ],  
                            "name": "minecraft:iron_ingot"
                        },
                        {
                            "type": "minecraft:item",
                            "name": "minecraft:iron_ingot",
                            "conditions": [
                                {
                                    "condition": "minecraft:match_tool",
                                    "predicate": {
                                        "nbt": "{CustomEnchantments:{AutoSmelt:1}}"
                                    }
                                }
                            ]
                        },
                        {
                          "type": "minecraft:item",
                          "name": "minecraft:iron_ore",
                          "conditions": [
                              {
                                  "condition": "minecraft:survives_explosion"
                              }
                          ]
                       }
                    ]
                }
            ]
        }
    ]
}