{
  "type": "minecraft:block",
  "pools": [
    {
      "rolls": 1,
      "entries": [
        {
          "type": "minecraft:alternatives",
          "children": [
            {
              "type": "minecraft:item",
              "conditions": [
                {
                  "condition": "minecraft:match_tool",
                  "predicate": {
                    "enchantments": [
                      {
                        "enchantment": "minecraft:fortune",
                        "levels": {
                          "min": 1
                        }
                      }
                    ],
                   "nbt": "{CustomEnchantments:{VeinMiner:1}}"
                  }
                }
              ],
              "functions": [
                {
                  "function": "minecraft:set_count",
                  "count": {
                    "min": 4.0,
                    "max": 5.0,
                    "type": "minecraft:uniform"
                  }
                },
                {
                  "function": "set_nbt",
                  "tag": "{CustomEnchantments:{VeinMinerItemBreak:1}}"
                },
                {
                  "function": "minecraft:apply_bonus",
                  "enchantment": "minecraft:fortune",
                  "formula": "minecraft:ore_drops"
                }
              ],  
              "name": "minecraft:redstone"
            },
            {
              "type": "minecraft:item",
              "conditions": [
                {
                  "condition": "minecraft:match_tool",
                  "predicate": {
                    "enchantments": [
                      {
                        "enchantment": "minecraft:silk_touch",
                        "levels": {
                          "min": 1
                        }
                      }
                    ],
                   "nbt": "{CustomEnchantments:{VeinMiner:1}}"
                  }
                }
              ],
              "functions": [
                {
                  "function": "set_nbt",
                  "tag": "{CustomEnchantments:{VeinMinerItemBreak:1}}"
                }
              ],  
              "name": "minecraft:redstone_ore"
            },
            {
              "type": "minecraft:item",
              "name": "minecraft:redstone",
              "conditions": [
                  {
                      "condition": "minecraft:match_tool",
                      "predicate": {
                          "nbt": "{CustomEnchantments:{VeinMiner:1}}"
                      }
                  }
              ],
                "functions": [
                  {
                    "function": "set_nbt",
                    "tag": "{CustomEnchantments:{VeinMinerItemBreak:1}}"
                  },
                  {
                    "function": "minecraft:set_count",
                    "count": {
                      "min": 4.0,
                      "max": 5.0,
                      "type": "minecraft:uniform"
                    }
                  }
               ]
            },
            {
              "type": "minecraft:item",
              "name": "minecraft:redstone",
              "conditions": [
                  {
                      "condition": "minecraft:match_tool",
                      "predicate": {
                          "nbt": "{CustomEnchantments:{MiningPlus:1}}"
                      }
                  }
              ],
              "functions": [
                    {
                        "function": "set_nbt",
                        "tag": "{CustomEnchantments:{MiningPlusItembreak:1}}"
                    },
                    {
                      "function": "minecraft:set_count",
                      "count": {
                        "min": 4.0,
                        "max": 5.0,
                        "type": "minecraft:uniform"
                      }
                    }
                ] 
            },
            {
              "type": "minecraft:item",
              "conditions": [
                {
                  "condition": "minecraft:match_tool",
                  "predicate": {
                    "enchantments": [
                      {
                        "enchantment": "minecraft:silk_touch",
                        "levels": {
                          "min": 1
                        }
                      }
                    ]
                  }
                }
              ],
              "name": "minecraft:redstone_ore"
            },
            {
              "type": "minecraft:item",
              "functions": [
                {
                  "function": "minecraft:set_count",
                  "count": {
                    "min": 4.0,
                    "max": 5.0,
                    "type": "minecraft:uniform"
                  }
                },
                {
                  "function": "minecraft:apply_bonus",
                  "enchantment": "minecraft:fortune",
                  "formula": "minecraft:uniform_bonus_count",
                  "parameters": {
                    "bonusMultiplier": 1
                  }
                },
                {
                  "function": "minecraft:explosion_decay"
                }
              ],
              "name": "minecraft:redstone"
            }
          ]
        }
      ]
    }
  ]
}