{
	"credit": "Made By BronGhast014 with Blockbench",
	"textures": {
		"main": "mobs/mudman",
		"overlay": "mobs/overgrowth",
		"2_main": "mobs/mudman",
		"particle": "mobs/mudman",
		"2_overlay": "mobs/overgrowth"
	},
	"elements": [
		{
			"name": "head",
			"from": [4, 18, 4],
			"to": [12, 26, 12],
			"faces": {
				"north": {"uv": [2, 2, 4, 4], "texture": "#main"},
				"east": {"uv": [0, 2, 2, 4], "texture": "#main"},
				"south": {"uv": [6, 2, 8, 4], "texture": "#main"},
				"west": {"uv": [4, 2, 6, 4], "texture": "#main"},
				"up": {"uv": [4, 2, 2, 0], "texture": "#main"},
				"down": {"uv": [6, 0, 4, 2], "texture": "#main"}
			}
		},
		{
			"from": [3, 26, 9.25],
			"to": [7, 32, 9.25],
			"faces": {
				"north": {"uv": [0, 13, 2, 16], "texture": "#overlay"},
				"east": {"uv": [0, 12, 2, 16], "texture": "#overlay"},
				"south": {"uv": [2, 13, 0, 16], "texture": "#overlay"},
				"west": {"uv": [0, 12, 2, 16], "texture": "#overlay"},
				"up": {"uv": [0, 12, 2, 16], "texture": "#overlay"},
				"down": {"uv": [0, 12, 2, 16], "texture": "#overlay"}
			}
		},
		{
			"from": [5, 26, 7.25],
			"to": [5, 32, 11.25],
			"faces": {
				"north": {"uv": [0, 12, 2, 16], "texture": "#overlay"},
				"east": {"uv": [2, 13, 0, 16], "texture": "#overlay"},
				"south": {"uv": [0, 12, 2, 16], "texture": "#overlay"},
				"west": {"uv": [0, 13, 2, 16], "texture": "#overlay"},
				"up": {"uv": [0, 12, 2, 16], "rotation": 270, "texture": "#overlay"},
				"down": {"uv": [0, 12, 2, 16], "rotation": 90, "texture": "#overlay"}
			}
		},
		{
			"from": [10, 24, 4],
			"to": [10, 28, 8],
			"faces": {
				"north": {"uv": [5.25, 12.75, 6.75, 14.25], "texture": "#overlay"},
				"east": {"uv": [5.25, 12.75, 6.75, 14.25], "texture": "#overlay"},
				"south": {"uv": [5.25, 12.75, 6.75, 14.25], "texture": "#overlay"},
				"west": {"uv": [5.25, 12.75, 6.75, 14.25], "texture": "#overlay"},
				"up": {"uv": [5.25, 12.75, 6.75, 14.25], "texture": "#overlay"},
				"down": {"uv": [5.25, 12.75, 6.75, 14.25], "texture": "#overlay"}
			}
		},
		{
			"from": [8, 25, 6],
			"to": [12, 29, 6],
			"faces": {
				"north": {"uv": [5.25, 12.75, 6.75, 14.25], "texture": "#overlay"},
				"east": {"uv": [5.25, 12.75, 6.75, 14.25], "texture": "#overlay"},
				"south": {"uv": [5.25, 12.75, 6.75, 14.25], "texture": "#overlay"},
				"west": {"uv": [5.25, 12.75, 6.75, 14.25], "texture": "#overlay"},
				"up": {"uv": [5.25, 12.75, 6.75, 14.25], "texture": "#overlay"},
				"down": {"uv": [5.25, 12.75, 6.75, 14.25], "texture": "#overlay"}
			}
		},
		{
			"name": "body",
			"from": [4, 6, 6],
			"to": [12, 18, 10],
			"faces": {
				"north": {"uv": [5, 5, 7, 7.98], "texture": "#2_main"},
				"east": {"uv": [4, 5, 5, 8], "texture": "#2_main"},
				"south": {"uv": [8, 5, 10, 8], "texture": "#2_main"},
				"west": {"uv": [7, 5, 8, 7.98], "texture": "#2_main"},
				"up": {"uv": [7, 5, 5, 4], "texture": "#2_main"},
				"down": {"uv": [9, 4, 7, 5], "texture": "#2_main"}
			}
		},
		{
			"name": "body",
			"from": [4, 6, 6],
			"to": [12, 18, 10],
			"faces": {
				"north": {"uv": [5, 13, 7, 15.98], "texture": "#2_main"},
				"east": {"uv": [4, 13, 5, 16], "texture": "#2_main"},
				"south": {"uv": [8, 13, 10, 16], "texture": "#2_main"},
				"west": {"uv": [7, 13, 8, 15.98], "texture": "#2_main"},
				"up": {"uv": [7, 13, 5, 12], "texture": "#2_main"},
				"down": {"uv": [9, 12, 7, 13], "texture": "#2_main"}
			}
		},
		{
			"from": [10, -5, 8],
			"to": [14, -1, 8],
			"faces": {
				"north": {"uv": [5.25, 12.75, 6.75, 14.25], "texture": "#2_overlay"},
				"east": {"uv": [5.25, 12.75, 6.75, 14.25], "texture": "#2_overlay"},
				"south": {"uv": [6.75, 12.75, 5.25, 14.25], "texture": "#2_overlay"},
				"west": {"uv": [5.25, 12.75, 6.75, 14.25], "texture": "#2_overlay"},
				"up": {"uv": [5.25, 12.75, 6.75, 14.25], "rotation": 270, "texture": "#2_overlay"},
				"down": {"uv": [5.25, 12.75, 6.75, 14.25], "rotation": 90, "texture": "#2_overlay"}
			}
		},
		{
			"from": [11, -6, 4],
			"to": [11, -2, 8],
			"faces": {
				"north": {"uv": [5.25, 12.75, 6.75, 14.25], "texture": "#2_overlay"},
				"east": {"uv": [5.25, 12.75, 6.75, 14.25], "texture": "#2_overlay"},
				"south": {"uv": [5.25, 12.75, 6.75, 14.25], "texture": "#2_overlay"},
				"west": {"uv": [6.75, 12.75, 5.25, 14.25], "texture": "#2_overlay"},
				"up": {"uv": [5.25, 12.75, 6.75, 14.25], "rotation": 180, "texture": "#2_overlay"},
				"down": {"uv": [5.25, 12.75, 6.75, 14.25], "rotation": 180, "texture": "#2_overlay"}
			}
		},
		{
			"name": "right_leg",
			"from": [8, -6, 6],
			"to": [12, 6, 10],
			"faces": {
				"north": {"uv": [1, 13, 2, 16], "texture": "#2_main"},
				"east": {"uv": [0, 13, 1, 16], "texture": "#2_main"},
				"south": {"uv": [3, 13, 4, 16], "texture": "#2_main"},
				"west": {"uv": [2, 13, 3, 16], "texture": "#2_main"},
				"up": {"uv": [2.25, 13, 1.25, 12], "texture": "#2_main"},
				"down": {"uv": [3, 12, 2, 13], "texture": "#2_main"}
			}
		},
		{
			"name": "right_leg",
			"from": [4, -6, 6],
			"to": [8, 6, 10],
			"faces": {
				"north": {"uv": [1, 13, 2, 16], "texture": "#2_main"},
				"east": {"uv": [0, 13, 1, 16], "texture": "#2_main"},
				"south": {"uv": [3, 13, 4, 16], "texture": "#2_main"},
				"west": {"uv": [2, 13, 3, 16], "texture": "#2_main"},
				"up": {"uv": [2.25, 13, 1.25, 12], "texture": "#2_main"},
				"down": {"uv": [3, 12, 2, 13], "texture": "#2_main"}
			}
		},
		{
			"name": "right_leg",
			"from": [8, -6, 6],
			"to": [12, 6, 10],
			"faces": {
				"north": {"uv": [1, 5, 2, 8], "texture": "#2_main"},
				"east": {"uv": [0, 5, 1, 8], "texture": "#2_main"},
				"south": {"uv": [3, 5, 4, 8], "texture": "#2_main"},
				"west": {"uv": [2, 5, 3, 8], "texture": "#2_main"},
				"up": {"uv": [2, 5, 1, 4], "texture": "#2_main"},
				"down": {"uv": [3, 4, 2, 5], "texture": "#2_main"}
			}
		},
		{
			"name": "left_leg",
			"from": [4, -6, 6],
			"to": [8, 6, 10],
			"faces": {
				"north": {"uv": [0, 5, 1, 8], "texture": "#2_main"},
				"east": {"uv": [3, 5, 4, 8], "texture": "#2_main"},
				"south": {"uv": [1, 5, 2, 8], "texture": "#2_main"},
				"west": {"uv": [2, 5, 3, 8], "texture": "#2_main"},
				"up": {"uv": [2, 5, 1, 4], "texture": "#2_main"},
				"down": {"uv": [3, 4, 2, 5], "texture": "#2_main"}
			}
		}
	],
	"display": {
		"thirdperson_righthand": {
			"rotation": [75, 45, 0],
			"translation": [0, 2.5, 0],
			"scale": [0.375, 0.375, 0.375]
		},
		"thirdperson_lefthand": {
			"rotation": [75, 45, 0],
			"translation": [0, 2.5, 0],
			"scale": [0.375, 0.375, 0.375]
		},
		"firstperson_righthand": {
			"rotation": [0, 111, 0],
			"scale": [0.4, 0.4, 0.4]
		},
		"firstperson_lefthand": {
			"rotation": [0, 132, 0],
			"scale": [0.4, 0.4, 0.4]
		},
		"ground": {
			"translation": [0, 3, 0],
			"scale": [0.25, 0.25, 0.25]
		},
		"gui": {
			"rotation": [30, 225, 0],
			"translation": [0, -2, 0],
			"scale": [0.5, 0.5, 0.5]
		},
		"head": {
			"translation": [0, -22.5, 0],
			"scale": [1.6, 1.6, 1.6]
		},
		"fixed": {
			"scale": [0.5, 0.5, 0.5]
		}
	},
	"groups": [
		{
			"name": "head",
			"children": [0, 1, 2, 3, 4]
		},
		{
			"name": "body",
			"children": [
				{
					"name": "body",
					"children": [5, 6,
						{
							"name": "legs",
							"children": [7, 8, 9, 10, 11, 12]
						}
					]
				}
			]
		}
	]
}