{
	"credit": "Made By BronGhast014 with Blockbench",
	"textures": {
		"main": "mobs/mudman",
		"overlay": "mobs/overgrowth",
		"3_main": "mobs/animations/mudzombie"
	},
	"elements": [
		{
			"name": "head",
			"from": [4, 18, 4],
			"to": [12, 26, 12],
			"faces": {
				"north": {"uv": [2, 2, 4, 4], "texture": "#main"},
				"east": {"uv": [0, 2, 2, 4], "texture": "#main"},
				"south": {"uv": [6, 2, 8, 4], "texture": "#main"},
				"west": {"uv": [4, 2, 6, 4], "texture": "#main"},
				"up": {"uv": [4, 2, 2, 0], "texture": "#main"},
				"down": {"uv": [6, 0, 4, 2], "texture": "#main"}
			}
		},
		{
			"from": [3, 26, 9.25],
			"to": [7, 32, 9.25],
			"faces": {
				"north": {"uv": [0, 13, 2, 16], "texture": "#overlay"},
				"east": {"uv": [0, 12, 2, 16], "texture": "#overlay"},
				"south": {"uv": [2, 13, 0, 16], "texture": "#overlay"},
				"west": {"uv": [0, 12, 2, 16], "texture": "#overlay"},
				"up": {"uv": [0, 12, 2, 16], "texture": "#overlay"},
				"down": {"uv": [0, 12, 2, 16], "texture": "#overlay"}
			}
		},
		{
			"from": [5, 26, 7.25],
			"to": [5, 32, 11.25],
			"faces": {
				"north": {"uv": [0, 12, 2, 16], "texture": "#overlay"},
				"east": {"uv": [2, 13, 0, 16], "texture": "#overlay"},
				"south": {"uv": [0, 12, 2, 16], "texture": "#overlay"},
				"west": {"uv": [0, 13, 2, 16], "texture": "#overlay"},
				"up": {"uv": [0, 12, 2, 16], "rotation": 270, "texture": "#overlay"},
				"down": {"uv": [0, 12, 2, 16], "rotation": 90, "texture": "#overlay"}
			}
		},
		{
			"from": [10, 24, 4],
			"to": [10, 28, 8],
			"faces": {
				"north": {"uv": [5.25, 12.75, 6.75, 14.25], "texture": "#overlay"},
				"east": {"uv": [5.25, 12.75, 6.75, 14.25], "texture": "#overlay"},
				"south": {"uv": [5.25, 12.75, 6.75, 14.25], "texture": "#overlay"},
				"west": {"uv": [5.25, 12.75, 6.75, 14.25], "texture": "#overlay"},
				"up": {"uv": [5.25, 12.75, 6.75, 14.25], "texture": "#overlay"},
				"down": {"uv": [5.25, 12.75, 6.75, 14.25], "texture": "#overlay"}
			}
		},
		{
			"from": [8, 25, 6],
			"to": [12, 29, 6],
			"faces": {
				"north": {"uv": [5.25, 12.75, 6.75, 14.25], "texture": "#overlay"},
				"east": {"uv": [5.25, 12.75, 6.75, 14.25], "texture": "#overlay"},
				"south": {"uv": [5.25, 12.75, 6.75, 14.25], "texture": "#overlay"},
				"west": {"uv": [5.25, 12.75, 6.75, 14.25], "texture": "#overlay"},
				"up": {"uv": [5.25, 12.75, 6.75, 14.25], "texture": "#overlay"},
				"down": {"uv": [5.25, 12.75, 6.75, 14.25], "texture": "#overlay"}
			}
		},
		{
			"name": "body",
			"from": [4, 6, 6],
			"to": [12, 18, 10],
			"faces": {
				"north": {"uv": [9.25, 1.25, 9.75, 1.995], "texture": "#3_main"},
				"east": {"uv": [9, 1.25, 9.25, 2], "texture": "#3_main"},
				"south": {"uv": [10, 1.25, 10.5, 2], "texture": "#3_main"},
				"west": {"uv": [9.75, 1.25, 10, 1.995], "texture": "#3_main"},
				"up": {"uv": [9.75, 1.25, 9.25, 1], "texture": "#3_main"},
				"down": {"uv": [10.25, 1, 9.75, 1.25], "texture": "#3_main"}
			}
		},
		{
			"name": "body",
			"from": [4, 6, 6],
			"to": [12, 18, 10],
			"faces": {
				"north": {"uv": [9.25, 3.25, 9.75, 3.995], "texture": "#3_main"},
				"east": {"uv": [9, 3.25, 9.25, 4], "texture": "#3_main"},
				"south": {"uv": [10, 3.25, 10.5, 4], "texture": "#3_main"},
				"west": {"uv": [9.75, 3.25, 10, 3.995], "texture": "#3_main"},
				"up": {"uv": [9.75, 3.25, 9.25, 3], "texture": "#3_main"},
				"down": {"uv": [10.25, 3, 9.75, 3.25], "texture": "#3_main"}
			}
		},
		{
			"from": [10, -5, 8],
			"to": [14, -1, 8],
			"faces": {
				"north": {"uv": [13.3125, 3.1875, 13.6875, 3.5625], "texture": "#3_main"},
				"east": {"uv": [13.3125, 3.1875, 13.6875, 3.5625], "texture": "#3_main"},
				"south": {"uv": [13.6875, 3.1875, 13.3125, 3.5625], "texture": "#3_main"},
				"west": {"uv": [13.3125, 3.1875, 13.6875, 3.5625], "texture": "#3_main"},
				"up": {"uv": [13.3125, 3.1875, 13.6875, 3.5625], "rotation": 270, "texture": "#3_main"},
				"down": {"uv": [13.3125, 3.1875, 13.6875, 3.5625], "rotation": 90, "texture": "#3_main"}
			}
		},
		{
			"from": [11, -6, 4],
			"to": [11, -2, 8],
			"faces": {
				"north": {"uv": [13.3125, 3.1875, 13.6875, 3.5625], "texture": "#3_main"},
				"east": {"uv": [13.3125, 3.1875, 13.6875, 3.5625], "texture": "#3_main"},
				"south": {"uv": [13.3125, 3.1875, 13.6875, 3.5625], "texture": "#3_main"},
				"west": {"uv": [13.6875, 3.1875, 13.3125, 3.5625], "texture": "#3_main"},
				"up": {"uv": [13.3125, 3.1875, 13.6875, 3.5625], "rotation": 180, "texture": "#3_main"},
				"down": {"uv": [13.3125, 3.1875, 13.6875, 3.5625], "rotation": 180, "texture": "#3_main"}
			}
		},
		{
			"name": "right_leg",
			"from": [8, -6, 6],
			"to": [12, 6, 10],
			"faces": {
				"north": {"uv": [8.25, 3.25, 8.5, 4], "texture": "#3_main"},
				"east": {"uv": [8, 3.25, 8.25, 4], "texture": "#3_main"},
				"south": {"uv": [8.75, 3.25, 9, 4], "texture": "#3_main"},
				"west": {"uv": [8.5, 3.25, 8.75, 4], "texture": "#3_main"},
				"up": {"uv": [8.5625, 3.25, 8.3125, 3], "texture": "#3_main"},
				"down": {"uv": [8.75, 3, 8.5, 3.25], "texture": "#3_main"}
			}
		},
		{
			"name": "right_leg",
			"from": [4, -6, 6],
			"to": [8, 6, 10],
			"faces": {
				"north": {"uv": [8.25, 3.25, 8.5, 4], "texture": "#3_main"},
				"east": {"uv": [8, 3.25, 8.25, 4], "texture": "#3_main"},
				"south": {"uv": [8.75, 3.25, 9, 4], "texture": "#3_main"},
				"west": {"uv": [8.5, 3.25, 8.75, 4], "texture": "#3_main"},
				"up": {"uv": [8.5625, 3.25, 8.3125, 3], "texture": "#3_main"},
				"down": {"uv": [8.75, 3, 8.5, 3.25], "texture": "#3_main"}
			}
		},
		{
			"name": "right_leg",
			"from": [8, -6, 6],
			"to": [12, 6, 10],
			"faces": {
				"north": {"uv": [8.25, 1.25, 8.5, 2], "texture": "#3_main"},
				"east": {"uv": [8, 1.25, 8.25, 2], "texture": "#3_main"},
				"south": {"uv": [8.75, 1.25, 9, 2], "texture": "#3_main"},
				"west": {"uv": [8.5, 1.25, 8.75, 2], "texture": "#3_main"},
				"up": {"uv": [8.5, 1.25, 8.25, 1], "texture": "#3_main"},
				"down": {"uv": [8.75, 1, 8.5, 1.25], "texture": "#3_main"}
			}
		},
		{
			"name": "left_leg",
			"from": [4, -6, 6],
			"to": [8, 6, 10],
			"faces": {
				"north": {"uv": [8, 1.25, 8.25, 2], "texture": "#3_main"},
				"east": {"uv": [8.75, 1.25, 9, 2], "texture": "#3_main"},
				"south": {"uv": [8.25, 1.25, 8.5, 2], "texture": "#3_main"},
				"west": {"uv": [8.5, 1.25, 8.75, 2], "texture": "#3_main"},
				"up": {"uv": [8.5, 1.25, 8.25, 1], "texture": "#3_main"},
				"down": {"uv": [8.75, 1, 8.5, 1.25], "texture": "#3_main"}
			}
		},
		{
			"name": "body",
			"from": [4, 6, 6],
			"to": [12, 18, 10],
			"faces": {
				"north": {"uv": [1.25, 9.25, 1.75, 9.995], "texture": "#3_main"},
				"east": {"uv": [1, 9.25, 1.25, 10], "texture": "#3_main"},
				"south": {"uv": [2, 9.25, 2.5, 10], "texture": "#3_main"},
				"west": {"uv": [1.75, 9.25, 2, 9.995], "texture": "#3_main"},
				"up": {"uv": [1.75, 9.25, 1.25, 9], "texture": "#3_main"},
				"down": {"uv": [2.25, 9, 1.75, 9.25], "texture": "#3_main"}
			}
		},
		{
			"name": "body",
			"from": [4, 6, 6],
			"to": [12, 18, 10],
			"faces": {
				"north": {"uv": [1.25, 11.25, 1.75, 11.995], "texture": "#3_main"},
				"east": {"uv": [1, 11.25, 1.25, 12], "texture": "#3_main"},
				"south": {"uv": [2, 11.25, 2.5, 12], "texture": "#3_main"},
				"west": {"uv": [1.75, 11.25, 2, 11.995], "texture": "#3_main"},
				"up": {"uv": [1.75, 11.25, 1.25, 11], "texture": "#3_main"},
				"down": {"uv": [2.25, 11, 1.75, 11.25], "texture": "#3_main"}
			}
		},
		{
			"from": [10, -5, 8],
			"to": [14, -1, 8],
			"rotation": {"angle": 22.5, "axis": "x", "origin": [8, 5, 8]},
			"faces": {
				"north": {"uv": [5.3125, 11.1875, 5.6875, 11.5625], "texture": "#3_main"},
				"east": {"uv": [5.3125, 11.1875, 5.6875, 11.5625], "texture": "#3_main"},
				"south": {"uv": [5.6875, 11.1875, 5.3125, 11.5625], "texture": "#3_main"},
				"west": {"uv": [5.3125, 11.1875, 5.6875, 11.5625], "texture": "#3_main"},
				"up": {"uv": [5.3125, 11.1875, 5.6875, 11.5625], "rotation": 270, "texture": "#3_main"},
				"down": {"uv": [5.3125, 11.1875, 5.6875, 11.5625], "rotation": 90, "texture": "#3_main"}
			}
		},
		{
			"from": [11, -6, 4],
			"to": [11, -2, 8],
			"rotation": {"angle": 22.5, "axis": "x", "origin": [8, 5, 8]},
			"faces": {
				"north": {"uv": [5.3125, 11.1875, 5.6875, 11.5625], "texture": "#3_main"},
				"east": {"uv": [5.3125, 11.1875, 5.6875, 11.5625], "texture": "#3_main"},
				"south": {"uv": [5.3125, 11.1875, 5.6875, 11.5625], "texture": "#3_main"},
				"west": {"uv": [5.6875, 11.1875, 5.3125, 11.5625], "texture": "#3_main"},
				"up": {"uv": [5.3125, 11.1875, 5.6875, 11.5625], "rotation": 180, "texture": "#3_main"},
				"down": {"uv": [5.3125, 11.1875, 5.6875, 11.5625], "rotation": 180, "texture": "#3_main"}
			}
		},
		{
			"name": "right_leg",
			"from": [8, -6, 6],
			"to": [12, 6, 10],
			"rotation": {"angle": 22.5, "axis": "x", "origin": [8, 5, 8]},
			"faces": {
				"north": {"uv": [0.25, 11.25, 0.5, 12], "texture": "#3_main"},
				"east": {"uv": [0, 11.25, 0.25, 12], "texture": "#3_main"},
				"south": {"uv": [0.75, 11.25, 1, 12], "texture": "#3_main"},
				"west": {"uv": [0.5, 11.25, 0.75, 12], "texture": "#3_main"},
				"up": {"uv": [0.5625, 11.25, 0.3125, 11], "texture": "#3_main"},
				"down": {"uv": [0.75, 11, 0.5, 11.25], "texture": "#3_main"}
			}
		},
		{
			"name": "right_leg",
			"from": [4, -6, 6],
			"to": [8, 6, 10],
			"rotation": {"angle": -22.5, "axis": "x", "origin": [8, 4.5, 8]},
			"faces": {
				"north": {"uv": [0.25, 11.25, 0.5, 12], "texture": "#3_main"},
				"east": {"uv": [0, 11.25, 0.25, 12], "texture": "#3_main"},
				"south": {"uv": [0.75, 11.25, 1, 12], "texture": "#3_main"},
				"west": {"uv": [0.5, 11.25, 0.75, 12], "texture": "#3_main"},
				"up": {"uv": [0.5625, 11.25, 0.3125, 11], "texture": "#3_main"},
				"down": {"uv": [0.75, 11, 0.5, 11.25], "texture": "#3_main"}
			}
		},
		{
			"name": "right_leg",
			"from": [8, -6, 6],
			"to": [12, 6, 10],
			"rotation": {"angle": 22.5, "axis": "x", "origin": [8, 5, 8]},
			"faces": {
				"north": {"uv": [0.25, 9.25, 0.5, 10], "texture": "#3_main"},
				"east": {"uv": [0, 9.25, 0.25, 10], "texture": "#3_main"},
				"south": {"uv": [0.75, 9.25, 1, 10], "texture": "#3_main"},
				"west": {"uv": [0.5, 9.25, 0.75, 10], "texture": "#3_main"},
				"up": {"uv": [0.5, 9.25, 0.25, 9], "texture": "#3_main"},
				"down": {"uv": [0.75, 9, 0.5, 9.25], "texture": "#3_main"}
			}
		},
		{
			"name": "left_leg",
			"from": [4, -6, 6],
			"to": [8, 6, 10],
			"rotation": {"angle": -22.5, "axis": "x", "origin": [8, 4.5, 8]},
			"faces": {
				"north": {"uv": [0, 9.25, 0.25, 10], "texture": "#3_main"},
				"east": {"uv": [0.75, 9.25, 1, 10], "texture": "#3_main"},
				"south": {"uv": [0.25, 9.25, 0.5, 10], "texture": "#3_main"},
				"west": {"uv": [0.5, 9.25, 0.75, 10], "texture": "#3_main"},
				"up": {"uv": [0.5, 9.25, 0.25, 9], "texture": "#3_main"},
				"down": {"uv": [0.75, 9, 0.5, 9.25], "texture": "#3_main"}
			}
		},
		{
			"name": "body",
			"from": [4, 6, 6],
			"to": [12, 18, 10],
			"faces": {
				"north": {"uv": [1.25, 1.25, 1.75, 1.995], "texture": "#3_main"},
				"east": {"uv": [1, 1.25, 1.25, 2], "texture": "#3_main"},
				"south": {"uv": [2, 1.25, 2.5, 2], "texture": "#3_main"},
				"west": {"uv": [1.75, 1.25, 2, 1.995], "texture": "#3_main"},
				"up": {"uv": [1.75, 1.25, 1.25, 1], "texture": "#3_main"},
				"down": {"uv": [2.25, 1, 1.75, 1.25], "texture": "#3_main"}
			}
		},
		{
			"name": "body",
			"from": [4, 6, 6],
			"to": [12, 18, 10],
			"faces": {
				"north": {"uv": [1.25, 3.25, 1.75, 3.995], "texture": "#3_main"},
				"east": {"uv": [1, 3.25, 1.25, 4], "texture": "#3_main"},
				"south": {"uv": [2, 3.25, 2.5, 4], "texture": "#3_main"},
				"west": {"uv": [1.75, 3.25, 2, 3.995], "texture": "#3_main"},
				"up": {"uv": [1.75, 3.25, 1.25, 3], "texture": "#3_main"},
				"down": {"uv": [2.25, 3, 1.75, 3.25], "texture": "#3_main"}
			}
		},
		{
			"from": [10, -5, 8],
			"to": [14, -1, 8],
			"rotation": {"angle": -22.5, "axis": "x", "origin": [8, 5, 8]},
			"faces": {
				"north": {"uv": [5.3125, 3.1875, 5.6875, 3.5625], "texture": "#3_main"},
				"east": {"uv": [5.3125, 3.1875, 5.6875, 3.5625], "texture": "#3_main"},
				"south": {"uv": [5.6875, 3.1875, 5.3125, 3.5625], "texture": "#3_main"},
				"west": {"uv": [5.3125, 3.1875, 5.6875, 3.5625], "texture": "#3_main"},
				"up": {"uv": [5.3125, 3.1875, 5.6875, 3.5625], "rotation": 270, "texture": "#3_main"},
				"down": {"uv": [5.3125, 3.1875, 5.6875, 3.5625], "rotation": 90, "texture": "#3_main"}
			}
		},
		{
			"from": [11, -6, 4],
			"to": [11, -2, 8],
			"rotation": {"angle": -22.5, "axis": "x", "origin": [8, 5, 8]},
			"faces": {
				"north": {"uv": [5.3125, 3.1875, 5.6875, 3.5625], "texture": "#3_main"},
				"east": {"uv": [5.3125, 3.1875, 5.6875, 3.5625], "texture": "#3_main"},
				"south": {"uv": [5.3125, 3.1875, 5.6875, 3.5625], "texture": "#3_main"},
				"west": {"uv": [5.6875, 3.1875, 5.3125, 3.5625], "texture": "#3_main"},
				"up": {"uv": [5.3125, 3.1875, 5.6875, 3.5625], "rotation": 180, "texture": "#3_main"},
				"down": {"uv": [5.3125, 3.1875, 5.6875, 3.5625], "rotation": 180, "texture": "#3_main"}
			}
		},
		{
			"name": "right_leg",
			"from": [8, -6, 6],
			"to": [12, 6, 10],
			"rotation": {"angle": -22.5, "axis": "x", "origin": [8, 4.5, 8]},
			"faces": {
				"north": {"uv": [0.25, 3.25, 0.5, 4], "texture": "#3_main"},
				"east": {"uv": [0, 3.25, 0.25, 4], "texture": "#3_main"},
				"south": {"uv": [0.75, 3.25, 1, 4], "texture": "#3_main"},
				"west": {"uv": [0.5, 3.25, 0.75, 4], "texture": "#3_main"},
				"up": {"uv": [0.5625, 3.25, 0.3125, 3], "texture": "#3_main"},
				"down": {"uv": [0.75, 3, 0.5, 3.25], "texture": "#3_main"}
			}
		},
		{
			"name": "right_leg",
			"from": [4, -6, 6],
			"to": [8, 6, 10],
			"rotation": {"angle": 22.5, "axis": "x", "origin": [8, 4.5, 8]},
			"faces": {
				"north": {"uv": [0.25, 3.25, 0.5, 4], "texture": "#3_main"},
				"east": {"uv": [0, 3.25, 0.25, 4], "texture": "#3_main"},
				"south": {"uv": [0.75, 3.25, 1, 4], "texture": "#3_main"},
				"west": {"uv": [0.5, 3.25, 0.75, 4], "texture": "#3_main"},
				"up": {"uv": [0.5625, 3.25, 0.3125, 3], "texture": "#3_main"},
				"down": {"uv": [0.75, 3, 0.5, 3.25], "texture": "#3_main"}
			}
		},
		{
			"name": "right_leg",
			"from": [8, -6, 6],
			"to": [12, 6, 10],
			"rotation": {"angle": -22.5, "axis": "x", "origin": [8, 4.5, 8]},
			"faces": {
				"north": {"uv": [0.25, 1.25, 0.5, 2], "texture": "#3_main"},
				"east": {"uv": [0, 1.25, 0.25, 2], "texture": "#3_main"},
				"south": {"uv": [0.75, 1.25, 1, 2], "texture": "#3_main"},
				"west": {"uv": [0.5, 1.25, 0.75, 2], "texture": "#3_main"},
				"up": {"uv": [0.5, 1.25, 0.25, 1], "texture": "#3_main"},
				"down": {"uv": [0.75, 1, 0.5, 1.25], "texture": "#3_main"}
			}
		},
		{
			"name": "left_leg",
			"from": [4, -6, 6],
			"to": [8, 6, 10],
			"rotation": {"angle": 22.5, "axis": "x", "origin": [8, 4.5, 8]},
			"faces": {
				"north": {"uv": [0, 1.25, 0.25, 2], "texture": "#3_main"},
				"east": {"uv": [0.75, 1.25, 1, 2], "texture": "#3_main"},
				"south": {"uv": [0.25, 1.25, 0.5, 2], "texture": "#3_main"},
				"west": {"uv": [0.5, 1.25, 0.75, 2], "texture": "#3_main"},
				"up": {"uv": [0.5, 1.25, 0.25, 1], "texture": "#3_main"},
				"down": {"uv": [0.75, 1, 0.5, 1.25], "texture": "#3_main"}
			}
		}
	],
	"display": {
		"thirdperson_righthand": {
			"rotation": [75, 45, 0],
			"translation": [0, 2.5, 0],
			"scale": [0.375, 0.375, 0.375]
		},
		"thirdperson_lefthand": {
			"rotation": [75, 45, 0],
			"translation": [0, 2.5, 0],
			"scale": [0.375, 0.375, 0.375]
		},
		"firstperson_righthand": {
			"rotation": [0, 111, 0],
			"scale": [0.4, 0.4, 0.4]
		},
		"firstperson_lefthand": {
			"rotation": [0, 132, 0],
			"scale": [0.4, 0.4, 0.4]
		},
		"ground": {
			"translation": [0, 3, 0],
			"scale": [0.25, 0.25, 0.25]
		},
		"gui": {
			"rotation": [30, 225, 0],
			"translation": [0, -2, 0],
			"scale": [0.5, 0.5, 0.5]
		},
		"head": {
			"translation": [0, -22.5, 0],
			"scale": [1.6, 1.6, 1.6]
		},
		"fixed": {
			"scale": [0.5, 0.5, 0.5]
		}
	},
	"groups": [
		{
			"name": "head",
			"children": [0, 1, 2, 3, 4]
		},
		{
			"name": "moving",
			"children": [5, 6, 7, 8, 9, 10, 11, 12, 13, 14, 15, 16, 17, 18, 19, 20,
				{
					"name": "body",
					"children": [21, 22,
						{
							"name": "legs",
							"children": [23, 24, 25, 26, 27, 28]
						}
					]
				}
			]
		}
	]
}