{
	"credit": "Made By BronGhast014 with Blockbench",
	"textures": {
		"main": "mobs/mudman_hurt",
		"particle": "mobs/mudman",
		"overlay": "mobs/overgrowth_hurt"
	},
	"elements": [
		{
			"name": "right_arm",
			"from": [12, 6, 6],
			"to": [16, 18, 10],
			"rotation": {"angle": 45, "axis": "x", "origin": [8, 16, 8]},
			"faces": {
				"north": {"uv": [11, 5, 12, 8], "texture": "#main"},
				"east": {"uv": [10, 5, 11, 8], "texture": "#main"},
				"south": {"uv": [13, 5, 14, 8], "texture": "#main"},
				"west": {"uv": [12, 5, 13, 8], "texture": "#main"},
				"up": {"uv": [12, 5, 11, 4], "texture": "#main"},
				"down": {"uv": [13, 4, 12, 5], "texture": "#main"}
			}
		},
		{
			"from": [16, 17, 6],
			"to": [16, 21, 10],
			"rotation": {"angle": -45, "axis": "y", "origin": [14, 20, 8]},
			"faces": {
				"north": {"uv": [5.25, 12.75, 6.75, 14.25], "texture": "#overlay"},
				"east": {"uv": [5.25, 12.75, 6.75, 14.25], "texture": "#overlay"},
				"south": {"uv": [5.25, 12.75, 6.75, 14.25], "texture": "#overlay"},
				"west": {"uv": [5.25, 12.75, 6.75, 14.25], "texture": "#overlay"},
				"up": {"uv": [5.25, 12.75, 6.75, 14.25], "texture": "#overlay"},
				"down": {"uv": [5.25, 12.75, 6.75, 14.25], "texture": "#overlay"}
			}
		},
		{
			"from": [16, 17, 6],
			"to": [16, 21, 10],
			"rotation": {"angle": -22.5, "axis": "z", "origin": [14, 20, 8]},
			"faces": {
				"north": {"uv": [5.25, 12.75, 6.75, 14.25], "texture": "#overlay"},
				"east": {"uv": [5.25, 12.75, 6.75, 14.25], "texture": "#overlay"},
				"south": {"uv": [5.25, 12.75, 6.75, 14.25], "texture": "#overlay"},
				"west": {"uv": [5.25, 12.75, 6.75, 14.25], "texture": "#overlay"},
				"up": {"uv": [5.25, 12.75, 6.75, 14.25], "texture": "#overlay"},
				"down": {"uv": [5.25, 12.75, 6.75, 14.25], "texture": "#overlay"}
			}
		},
		{
			"from": [14, 17, 6],
			"to": [14, 21, 10],
			"faces": {
				"north": {"uv": [5.25, 12.75, 6.75, 14.25], "texture": "#overlay"},
				"east": {"uv": [5.25, 12.75, 6.75, 14.25], "texture": "#overlay"},
				"south": {"uv": [5.25, 12.75, 6.75, 14.25], "texture": "#overlay"},
				"west": {"uv": [5.25, 12.75, 6.75, 14.25], "texture": "#overlay"},
				"up": {"uv": [5.25, 12.75, 6.75, 14.25], "texture": "#overlay"},
				"down": {"uv": [5.25, 12.75, 6.75, 14.25], "texture": "#overlay"}
			}
		},
		{
			"from": [12, 18, 8],
			"to": [16, 22, 8],
			"faces": {
				"north": {"uv": [5.25, 12.75, 6.75, 14.25], "texture": "#overlay"},
				"east": {"uv": [5.25, 12.75, 6.75, 14.25], "texture": "#overlay"},
				"south": {"uv": [5.25, 12.75, 6.75, 14.25], "texture": "#overlay"},
				"west": {"uv": [5.25, 12.75, 6.75, 14.25], "texture": "#overlay"},
				"up": {"uv": [5.25, 12.75, 6.75, 14.25], "texture": "#overlay"},
				"down": {"uv": [5.25, 12.75, 6.75, 14.25], "texture": "#overlay"}
			}
		}
	],
	"display": {
		"thirdperson_righthand": {
			"rotation": [45, 0, 0],
			"translation": [-6, -7.75, 4.25]
		},
		"head": {
			"translation": [0, -29, 0],
			"scale": [1.6, 1.6, 1.6]
		}
	},
	"groups": [
		{
			"name": "R arm",
			"children": [0, 1, 2, 3, 4]
		}
	]
}