{
	"credit": "Made By BronGhast014 with Blockbench",
	"textures": {
		"0": "mobs/ice_creeper",
		"1": "mobs/ice_creeper_ice",
		"2_0": "mobs/ice_creeper",
		"2_1": "mobs/ice_creeper_ice",
		"particle": "mobs/ice_creeper_ice"
	},
	"elements": [
		{
			"name": "body",
			"from": [4, 6, 6],
			"to": [12, 18, 10],
			"faces": {
				"north": {"uv": [2, 10, 6, 16], "texture": "#0"},
				"east": {"uv": [0, 10, 2, 16], "texture": "#0"},
				"south": {"uv": [6, 10, 10, 16], "texture": "#0"},
				"west": {"uv": [10, 10, 12, 16], "texture": "#0"},
				"up": {"uv": [0, 8, 4, 10], "texture": "#0"},
				"down": {"uv": [4, 8, 8, 10], "texture": "#0"}
			}
		},
		{
			"name": "R f leg",
			"from": [4, 0, 2],
			"to": [8, 6, 6],
			"faces": {
				"north": {"uv": [12, 0, 14, 3], "texture": "#0"},
				"east": {"uv": [12, 3, 14, 6], "texture": "#0"},
				"south": {"uv": [14, 3, 16, 6], "texture": "#0"},
				"west": {"uv": [14, 0, 16, 3], "texture": "#0"},
				"up": {"uv": [12, 6, 14, 8], "texture": "#0"},
				"down": {"uv": [14, 6, 16, 8], "texture": "#0"}
			}
		},
		{
			"name": "Left f leg",
			"from": [8, 0, 2],
			"to": [12, 6, 6],
			"faces": {
				"north": {"uv": [12, 0, 14, 3], "texture": "#0"},
				"east": {"uv": [12, 3, 14, 6], "texture": "#0"},
				"south": {"uv": [14, 3, 16, 6], "texture": "#0"},
				"west": {"uv": [14, 0, 16, 3], "texture": "#0"},
				"up": {"uv": [12, 6, 14, 8], "texture": "#0"},
				"down": {"uv": [14, 6, 16, 8], "texture": "#0"}
			}
		},
		{
			"name": "Right b leg",
			"from": [4, 0, 10],
			"to": [8, 6, 14],
			"faces": {
				"north": {"uv": [12, 0, 14, 3], "texture": "#0"},
				"east": {"uv": [12, 3, 14, 6], "texture": "#0"},
				"south": {"uv": [14, 3, 16, 6], "texture": "#0"},
				"west": {"uv": [14, 0, 16, 3], "texture": "#0"},
				"up": {"uv": [12, 6, 14, 8], "texture": "#0"},
				"down": {"uv": [14, 6, 16, 8], "texture": "#0"}
			}
		},
		{
			"name": "Left b leg",
			"from": [8, 0, 10],
			"to": [12, 6, 14],
			"faces": {
				"north": {"uv": [12, 0, 14, 3], "texture": "#0"},
				"east": {"uv": [12, 3, 14, 6], "texture": "#0"},
				"south": {"uv": [14, 3, 16, 6], "texture": "#0"},
				"west": {"uv": [14, 0, 16, 3], "texture": "#0"},
				"up": {"uv": [12, 6, 14, 8], "texture": "#0"},
				"down": {"uv": [14, 6, 16, 8], "texture": "#0"}
			}
		},
		{
			"name": "body",
			"from": [4, 6, 6],
			"to": [12, 18, 10],
			"faces": {
				"north": {"uv": [2, 10, 6, 16], "texture": "#1"},
				"east": {"uv": [0, 10, 2, 16], "texture": "#1"},
				"south": {"uv": [6, 10, 10, 16], "texture": "#1"},
				"west": {"uv": [10, 10, 12, 16], "texture": "#1"},
				"up": {"uv": [0, 8, 4, 10], "texture": "#1"},
				"down": {"uv": [4, 8, 8, 10], "texture": "#1"}
			}
		},
		{
			"name": "R f leg",
			"from": [4, 0, 2],
			"to": [8, 6, 6],
			"faces": {
				"north": {"uv": [12, 0, 14, 3], "texture": "#1"},
				"east": {"uv": [12, 3, 14, 6], "texture": "#1"},
				"south": {"uv": [14, 3, 16, 6], "texture": "#1"},
				"west": {"uv": [14, 0, 16, 3], "texture": "#1"},
				"up": {"uv": [12, 6, 14, 8], "texture": "#1"},
				"down": {"uv": [14, 6, 16, 8], "texture": "#1"}
			}
		},
		{
			"name": "Left f leg",
			"from": [8, 0, 2],
			"to": [12, 6, 6],
			"faces": {
				"north": {"uv": [12, 0, 14, 3], "texture": "#1"},
				"east": {"uv": [12, 3, 14, 6], "texture": "#1"},
				"south": {"uv": [14, 3, 16, 6], "texture": "#1"},
				"west": {"uv": [14, 0, 16, 3], "texture": "#1"},
				"up": {"uv": [12, 6, 14, 8], "texture": "#1"},
				"down": {"uv": [14, 6, 16, 8], "texture": "#1"}
			}
		},
		{
			"name": "Right b leg",
			"from": [4, 0, 10],
			"to": [8, 6, 14],
			"faces": {
				"north": {"uv": [12, 0, 14, 3], "texture": "#1"},
				"east": {"uv": [12, 3, 14, 6], "texture": "#1"},
				"south": {"uv": [14, 3, 16, 6], "texture": "#1"},
				"west": {"uv": [14, 0, 16, 3], "texture": "#1"},
				"up": {"uv": [12, 6, 14, 8], "texture": "#1"},
				"down": {"uv": [14, 6, 16, 8], "texture": "#1"}
			}
		},
		{
			"name": "Left b leg",
			"from": [8, 0, 10],
			"to": [12, 6, 14],
			"faces": {
				"north": {"uv": [12, 0, 14, 3], "texture": "#1"},
				"east": {"uv": [12, 3, 14, 6], "texture": "#1"},
				"south": {"uv": [14, 3, 16, 6], "texture": "#1"},
				"west": {"uv": [14, 0, 16, 3], "texture": "#1"},
				"up": {"uv": [12, 6, 14, 8], "texture": "#1"},
				"down": {"uv": [14, 6, 16, 8], "texture": "#1"}
			}
		},
		{
			"name": "head",
			"from": [3.9, 17.9, 3.9],
			"to": [12.1, 26.1, 12.1],
			"faces": {
				"north": {"uv": [4, 4, 8, 8], "texture": "#2_1"},
				"east": {"uv": [0, 4, 4, 8], "texture": "#2_1"},
				"south": {"uv": [0, 0, 4, 4], "texture": "#2_1"},
				"west": {"uv": [8, 4, 12, 8], "texture": "#2_1"},
				"up": {"uv": [4, 0, 8, 4], "texture": "#2_1"},
				"down": {"uv": [8, 0, 12, 4], "texture": "#2_1"}
			}
		},
		{
			"name": "head",
			"from": [4, 18, 4],
			"to": [12, 26, 12],
			"faces": {
				"north": {"uv": [4, 4, 8, 8], "texture": "#2_0"},
				"east": {"uv": [0, 4, 4, 8], "texture": "#2_0"},
				"south": {"uv": [0, 0, 4, 4], "texture": "#2_0"},
				"west": {"uv": [8, 4, 12, 8], "texture": "#2_0"},
				"up": {"uv": [4, 0, 8, 4], "texture": "#2_0"},
				"down": {"uv": [8, 0, 12, 4], "texture": "#2_0"}
			}
		}
	],
	"display": {
		"head": {
			"translation": [0, -34.1, 0],
			"scale": [1.5, 1.5, 1.5]
		}
	},
	"groups": [
		{
			"name": "body",
			"origin": [8, 8, 8],
			"children": [0, 1, 2, 3, 4]
		},
		{
			"name": "overlay",
			"origin": [8, 8, 8],
			"children": [5, 6, 7, 8, 9]
		},
		{
			"name": "head",
			"origin": [8, 8, 8],
			"children": [10, 11]
		}
	]
}