{
  "display": {
    "icon": {
      "item": "minecraft:ender_eye"
    },
    "title": "One-way Ticket",
    "description": "Enter the end portal to spawn at the far end",
    "frame": "task",
    "show_toast": true,
    "announce_to_chat": true,
    "hidden": false
  },
  "parent": "far_end:story/far_end",
  "criteria": {
    "requirement": {
      "trigger": "minecraft:changed_dimension",
      "conditions": {
        "from": "minecraft:overworld",
        "to": "minecraft:the_end"
      }
    }
  }
}
