{
	"credit": "Made By BronGhast014 with Blockbench",
	"textures": {
		"0": "mobs/ice_zombie",
		"1_0": "mobs/ice_zombie",
		"particle": "mobs/ice_zombie"
	},
	"elements": [
		{
			"name": "head",
			"from": [4, 23.5, 4],
			"to": [12, 31.5, 12],
			"faces": {
				"north": {"uv": [2, 2, 4, 4], "texture": "#0"},
				"east": {"uv": [0, 2, 2, 4], "texture": "#0"},
				"south": {"uv": [6, 2, 8, 4], "texture": "#0"},
				"west": {"uv": [4, 2, 6, 4], "texture": "#0"},
				"up": {"uv": [4, 2, 2, 0], "texture": "#0"},
				"down": {"uv": [6, 0, 4, 2], "texture": "#0"}
			}
		},
		{
			"from": [3.9, 23.35, 3.9],
			"to": [12.1, 31.55, 12.1],
			"faces": {
				"north": {"uv": [2, 10, 4, 12], "texture": "#0"},
				"east": {"uv": [0, 10, 2, 12], "texture": "#0"},
				"south": {"uv": [0, 10, 2, 12], "texture": "#0"},
				"west": {"uv": [4, 10, 6, 12], "texture": "#0"},
				"up": {"uv": [2, 8, 4, 10], "texture": "#0"},
				"down": {"uv": [2, 10, 4, 12], "texture": "#0"}
			}
		},
		{
			"name": "right_leg",
			"from": [4, -0.5, 6],
			"to": [8, 11.5, 10],
			"faces": {
				"north": {"uv": [1, 13, 2, 16], "texture": "#1_0"},
				"east": {"uv": [0, 13, 1, 16], "texture": "#1_0"},
				"south": {"uv": [3, 13, 4, 16], "texture": "#1_0"},
				"west": {"uv": [2, 13, 3, 16], "texture": "#1_0"},
				"up": {"uv": [1, 1, 0, 0], "texture": "#1_0"},
				"down": {"uv": [1, 0, 0, 1], "texture": "#1_0"}
			}
		},
		{
			"name": "body",
			"from": [4, 11.5, 6],
			"to": [12, 23.5, 10],
			"faces": {
				"north": {"uv": [5, 5, 7, 7.98], "texture": "#1_0"},
				"east": {"uv": [4, 5, 5, 8], "texture": "#1_0"},
				"south": {"uv": [8, 5, 10, 8], "texture": "#1_0"},
				"west": {"uv": [7, 5, 8, 7.98], "texture": "#1_0"},
				"up": {"uv": [7, 5, 5, 4], "texture": "#1_0"},
				"down": {"uv": [9, 4, 7, 5], "texture": "#1_0"}
			}
		},
		{
			"name": "right_leg",
			"from": [8, -0.5, 6],
			"to": [12, 11.5, 10],
			"faces": {
				"north": {"uv": [1, 5, 2, 8], "texture": "#1_0"},
				"east": {"uv": [0, 5, 1, 8], "texture": "#1_0"},
				"south": {"uv": [3, 5, 4, 8], "texture": "#1_0"},
				"west": {"uv": [2, 5, 3, 8], "texture": "#1_0"},
				"up": {"uv": [2, 5, 1, 4], "texture": "#1_0"},
				"down": {"uv": [3, 4, 2, 5], "texture": "#1_0"}
			}
		},
		{
			"name": "right_leg",
			"from": [4, -0.5, 6],
			"to": [8, 11.5, 10],
			"faces": {
				"north": {"uv": [1, 5, 2, 8], "texture": "#1_0"},
				"east": {"uv": [0, 5, 1, 8], "texture": "#1_0"},
				"south": {"uv": [3, 5, 4, 8], "texture": "#1_0"},
				"west": {"uv": [2, 5, 3, 8], "texture": "#1_0"},
				"up": {"uv": [2, 5, 1, 4], "texture": "#1_0"},
				"down": {"uv": [3, 4, 2, 5], "texture": "#1_0"}
			}
		},
		{
			"name": "right_leg",
			"from": [8, -0.5, 6],
			"to": [12, 11.5, 10],
			"faces": {
				"north": {"uv": [1, 13, 2, 16], "texture": "#1_0"},
				"east": {"uv": [0, 13, 1, 16], "texture": "#1_0"},
				"south": {"uv": [3, 13, 4, 16], "texture": "#1_0"},
				"west": {"uv": [2, 13, 3, 16], "texture": "#1_0"},
				"up": {"uv": [1, 1, 0, 0], "texture": "#1_0"},
				"down": {"uv": [1, 0, 0, 1], "texture": "#1_0"}
			}
		}
	],
	"display": {
		"head": {
			"translation": [0, -31.3, 0],
			"scale": [1.6, 1.6, 1.6]
		}
	},
	"groups": [
		{
			"name": "head",
			"children": [0, 1]
		},
		{
			"name": "body",
			"children": [
				{
					"name": "Body",
					"children": [2, 3, 4, 5, 6]
				}
			]
		}
	]
}