{
	"credit": "Made By BronGhast014 with Blockbench",
	"textures": {
		"0": "mobs/ice_zombie",
		"main": "mobs/animations/ice_zombie"
	},
	"elements": [
		{
			"name": "head",
			"from": [4, 23.5, 4],
			"to": [12, 31.5, 12],
			"faces": {
				"north": {"uv": [2, 2, 4, 4], "texture": "#0"},
				"east": {"uv": [0, 2, 2, 4], "texture": "#0"},
				"south": {"uv": [6, 2, 8, 4], "texture": "#0"},
				"west": {"uv": [4, 2, 6, 4], "texture": "#0"},
				"up": {"uv": [4, 2, 2, 0], "texture": "#0"},
				"down": {"uv": [6, 0, 4, 2], "texture": "#0"}
			}
		},
		{
			"from": [3.9, 23.35, 3.9],
			"to": [12.1, 31.55, 12.1],
			"faces": {
				"north": {"uv": [2, 10, 4, 12], "texture": "#0"},
				"east": {"uv": [0, 10, 2, 12], "texture": "#0"},
				"south": {"uv": [0, 10, 2, 12], "texture": "#0"},
				"west": {"uv": [4, 10, 6, 12], "texture": "#0"},
				"up": {"uv": [2, 8, 4, 10], "texture": "#0"},
				"down": {"uv": [2, 10, 4, 12], "texture": "#0"}
			}
		},
		{
			"name": "right_leg",
			"from": [4, -0.5, 6],
			"to": [8, 11.5, 10],
			"faces": {
				"north": {"uv": [8.5, 6.5, 9, 8], "texture": "#main"},
				"east": {"uv": [8, 6.5, 8.5, 8], "texture": "#main"},
				"south": {"uv": [9.5, 6.5, 10, 8], "texture": "#main"},
				"west": {"uv": [9, 6.5, 9.5, 8], "texture": "#main"},
				"up": {"uv": [8.5, 0.5, 8, 0], "texture": "#main"},
				"down": {"uv": [8.5, 0, 8, 0.5], "texture": "#main"}
			}
		},
		{
			"name": "body",
			"from": [4, 11.5, 6],
			"to": [12, 23.5, 10],
			"faces": {
				"north": {"uv": [10.5, 2.5, 11.5, 3.99], "texture": "#main"},
				"east": {"uv": [10, 2.5, 10.5, 4], "texture": "#main"},
				"south": {"uv": [12, 2.5, 13, 4], "texture": "#main"},
				"west": {"uv": [11.5, 2.5, 12, 3.99], "texture": "#main"},
				"up": {"uv": [11.5, 2.5, 10.5, 2], "texture": "#main"},
				"down": {"uv": [12.5, 2, 11.5, 2.5], "texture": "#main"}
			}
		},
		{
			"name": "right_leg",
			"from": [8, -0.5, 6],
			"to": [12, 11.5, 10],
			"faces": {
				"north": {"uv": [8.5, 2.5, 9, 4], "texture": "#main"},
				"east": {"uv": [8, 2.5, 8.5, 4], "texture": "#main"},
				"south": {"uv": [9.5, 2.5, 10, 4], "texture": "#main"},
				"west": {"uv": [9, 2.5, 9.5, 4], "texture": "#main"},
				"up": {"uv": [9, 2.5, 8.5, 2], "texture": "#main"},
				"down": {"uv": [9.5, 2, 9, 2.5], "texture": "#main"}
			}
		},
		{
			"name": "right_leg",
			"from": [4, -0.5, 6],
			"to": [8, 11.5, 10],
			"faces": {
				"north": {"uv": [8.5, 2.5, 9, 4], "texture": "#main"},
				"east": {"uv": [8, 2.5, 8.5, 4], "texture": "#main"},
				"south": {"uv": [9.5, 2.5, 10, 4], "texture": "#main"},
				"west": {"uv": [9, 2.5, 9.5, 4], "texture": "#main"},
				"up": {"uv": [9, 2.5, 8.5, 2], "texture": "#main"},
				"down": {"uv": [9.5, 2, 9, 2.5], "texture": "#main"}
			}
		},
		{
			"name": "right_leg",
			"from": [8, -0.5, 6],
			"to": [12, 11.5, 10],
			"faces": {
				"north": {"uv": [8.5, 6.5, 9, 8], "texture": "#main"},
				"east": {"uv": [8, 6.5, 8.5, 8], "texture": "#main"},
				"south": {"uv": [9.5, 6.5, 10, 8], "texture": "#main"},
				"west": {"uv": [9, 6.5, 9.5, 8], "texture": "#main"},
				"up": {"uv": [8.5, 0.5, 8, 0], "texture": "#main"},
				"down": {"uv": [8.5, 0, 8, 0.5], "texture": "#main"}
			}
		},
		{
			"name": "body",
			"from": [4, 11.5, 6],
			"to": [12, 23.5, 10],
			"faces": {
				"north": {"uv": [2.5, 10.5, 3.5, 11.99], "texture": "#main"},
				"east": {"uv": [2, 10.5, 2.5, 12], "texture": "#main"},
				"south": {"uv": [4, 10.5, 5, 12], "texture": "#main"},
				"west": {"uv": [3.5, 10.5, 4, 11.99], "texture": "#main"},
				"up": {"uv": [3.5, 10.5, 2.5, 10], "texture": "#main"},
				"down": {"uv": [4.5, 10, 3.5, 10.5], "texture": "#main"}
			}
		},
		{
			"name": "right_leg",
			"from": [7.99563, -0.49999, 6.00436],
			"to": [11.99563, 11.50001, 10.00436],
			"rotation": {"angle": -22.5, "axis": "x", "origin": [8, 10.5, 8]},
			"faces": {
				"north": {"uv": [0.5, 10.5, 1, 12], "texture": "#main"},
				"east": {"uv": [0, 10.5, 0.5, 12], "texture": "#main"},
				"south": {"uv": [1.5, 10.5, 2, 12], "texture": "#main"},
				"west": {"uv": [1, 10.5, 1.5, 12], "texture": "#main"},
				"up": {"uv": [1, 10.5, 0.5, 10], "texture": "#main"},
				"down": {"uv": [1.5, 10, 1, 10.5], "texture": "#main"}
			}
		},
		{
			"name": "right_leg",
			"from": [8, -0.5, 6],
			"to": [12, 11.5, 10],
			"rotation": {"angle": -22.5, "axis": "x", "origin": [8, 10.5, 8]},
			"faces": {
				"north": {"uv": [0.5, 14.5, 1, 16], "texture": "#main"},
				"east": {"uv": [0, 14.5, 0.5, 16], "texture": "#main"},
				"south": {"uv": [1.5, 14.5, 2, 16], "texture": "#main"},
				"west": {"uv": [1, 14.5, 1.5, 16], "texture": "#main"},
				"up": {"uv": [0.5, 8.5, 0, 8], "texture": "#main"},
				"down": {"uv": [0.5, 8, 0, 8.5], "texture": "#main"}
			}
		},
		{
			"name": "right_leg",
			"from": [3.99563, -0.49999, 6.00436],
			"to": [7.99563, 11.50001, 10.00436],
			"rotation": {"angle": 22.5, "axis": "x", "origin": [8, 10.5, 8]},
			"faces": {
				"north": {"uv": [0.5, 14.5, 1, 16], "texture": "#main"},
				"east": {"uv": [0, 14.5, 0.5, 16], "texture": "#main"},
				"south": {"uv": [1.5, 14.5, 2, 16], "texture": "#main"},
				"west": {"uv": [1, 14.5, 1.5, 16], "texture": "#main"},
				"up": {"uv": [0.5, 8.5, 0, 8], "texture": "#main"},
				"down": {"uv": [0.5, 8, 0, 8.5], "texture": "#main"}
			}
		},
		{
			"name": "right_leg",
			"from": [4, -0.5, 6],
			"to": [8, 11.5, 10],
			"rotation": {"angle": 22.5, "axis": "x", "origin": [8, 10.5, 8]},
			"faces": {
				"north": {"uv": [0.5, 10.5, 1, 12], "texture": "#main"},
				"east": {"uv": [0, 10.5, 0.5, 12], "texture": "#main"},
				"south": {"uv": [1.5, 10.5, 2, 12], "texture": "#main"},
				"west": {"uv": [1, 10.5, 1.5, 12], "texture": "#main"},
				"up": {"uv": [1, 10.5, 0.5, 10], "texture": "#main"},
				"down": {"uv": [1.5, 10, 1, 10.5], "texture": "#main"}
			}
		},
		{
			"name": "body",
			"from": [4, 11.5, 6],
			"to": [12, 23.5, 10],
			"faces": {
				"north": {"uv": [2.5, 2.5, 3.5, 3.99], "texture": "#main"},
				"east": {"uv": [2, 2.5, 2.5, 4], "texture": "#main"},
				"south": {"uv": [4, 2.5, 5, 4], "texture": "#main"},
				"west": {"uv": [3.5, 2.5, 4, 3.99], "texture": "#main"},
				"up": {"uv": [3.5, 2.5, 2.5, 2], "texture": "#main"},
				"down": {"uv": [4.5, 2, 3.5, 2.5], "texture": "#main"}
			}
		},
		{
			"name": "right_leg",
			"from": [7.99563, -0.49999, 6.00436],
			"to": [11.99563, 11.50001, 10.00436],
			"rotation": {"angle": 22.5, "axis": "x", "origin": [8, 10.5, 8]},
			"faces": {
				"north": {"uv": [0.5, 2.5, 1, 4], "texture": "#main"},
				"east": {"uv": [0, 2.5, 0.5, 4], "texture": "#main"},
				"south": {"uv": [1.5, 2.5, 2, 4], "texture": "#main"},
				"west": {"uv": [1, 2.5, 1.5, 4], "texture": "#main"},
				"up": {"uv": [1, 2.5, 0.5, 2], "texture": "#main"},
				"down": {"uv": [1.5, 2, 1, 2.5], "texture": "#main"}
			}
		},
		{
			"name": "right_leg",
			"from": [8, -0.5, 6],
			"to": [12, 11.5, 10],
			"rotation": {"angle": 22.5, "axis": "x", "origin": [8, 10.5, 8]},
			"faces": {
				"north": {"uv": [0.5, 6.5, 1, 8], "texture": "#main"},
				"east": {"uv": [0, 6.5, 0.5, 8], "texture": "#main"},
				"south": {"uv": [1.5, 6.5, 2, 8], "texture": "#main"},
				"west": {"uv": [1, 6.5, 1.5, 8], "texture": "#main"},
				"up": {"uv": [0.5, 0.5, 0, 0], "texture": "#main"},
				"down": {"uv": [0.5, 0, 0, 0.5], "texture": "#main"}
			}
		},
		{
			"name": "right_leg",
			"from": [3.99563, -0.49999, 6.00436],
			"to": [7.99563, 11.50001, 10.00436],
			"rotation": {"angle": -22.5, "axis": "x", "origin": [8, 10.5, 8]},
			"faces": {
				"north": {"uv": [0.5, 6.5, 1, 8], "texture": "#main"},
				"east": {"uv": [0, 6.5, 0.5, 8], "texture": "#main"},
				"south": {"uv": [1.5, 6.5, 2, 8], "texture": "#main"},
				"west": {"uv": [1, 6.5, 1.5, 8], "texture": "#main"},
				"up": {"uv": [0.5, 0.5, 0, 0], "texture": "#main"},
				"down": {"uv": [0.5, 0, 0, 0.5], "texture": "#main"}
			}
		},
		{
			"name": "right_leg",
			"from": [4, -0.5, 6],
			"to": [8, 11.5, 10],
			"rotation": {"angle": -22.5, "axis": "x", "origin": [8, 10.5, 8]},
			"faces": {
				"north": {"uv": [0.5, 2.5, 1, 4], "texture": "#main"},
				"east": {"uv": [0, 2.5, 0.5, 4], "texture": "#main"},
				"south": {"uv": [1.5, 2.5, 2, 4], "texture": "#main"},
				"west": {"uv": [1, 2.5, 1.5, 4], "texture": "#main"},
				"up": {"uv": [1, 2.5, 0.5, 2], "texture": "#main"},
				"down": {"uv": [1.5, 2, 1, 2.5], "texture": "#main"}
			}
		}
	],
	"display": {
		"head": {
			"translation": [0, -31.05, 0],
			"scale": [1.6, 1.6, 1.6]
		}
	},
	"groups": [
		{
			"name": "head",
			"children": [0, 1]
		},
		{
			"name": "moving",
			"children": [2, 3, 4, 5, 6, 7, 8, 9, 10, 11,
				{
					"name": "Body",
					"children": [12, 13, 14, 15, 16]
				}
			]
		}
	]
}