{
	"credit": "Made By BronGhast014 with Blockbench",
	"textures": {
		"0": "mobs/ice_zombie_hurt",
		"particle": "mobs/ice_zombie_hurt"
	},
	"elements": [
		{
			"name": "right_arm",
			"from": [12, 11.5, 6],
			"to": [16, 23.5, 10],
			"rotation": {"angle": 45, "axis": "x", "origin": [8, 22, 8]},
			"faces": {
				"north": {"uv": [11, 5, 12, 8], "texture": "#0"},
				"east": {"uv": [10, 5, 11, 8], "texture": "#0"},
				"south": {"uv": [13, 5, 14, 8], "texture": "#0"},
				"west": {"uv": [12, 5, 13, 8], "texture": "#0"},
				"up": {"uv": [12, 5, 11, 4], "texture": "#0"},
				"down": {"uv": [13, 4, 12, 5], "texture": "#0"}
			}
		},
		{
			"name": "right_arm",
			"from": [11.9, 11.5, 5.9],
			"to": [16.1, 23.6, 10.1],
			"rotation": {"angle": 45, "axis": "x", "origin": [8, 22, 8]},
			"faces": {
				"north": {"uv": [11, 13, 12, 16], "texture": "#0"},
				"east": {"uv": [10, 13, 11, 16], "texture": "#0"},
				"south": {"uv": [13, 13, 14, 16], "texture": "#0"},
				"west": {"uv": [12, 13, 13, 16], "texture": "#0"},
				"up": {"uv": [12, 13, 11, 12], "texture": "#0"},
				"down": {"uv": [13, 10, 12, 11], "texture": "#0"}
			}
		}
	],
	"display": {
		"thirdperson_righthand": {
			"rotation": [45, 0, 0],
			"translation": [-6, -12, 0.5]
		},
		"thirdperson_lefthand": {
			"rotation": [45, 0, 0],
			"translation": [6, -12, 0.5]
		},
		"head": {
			"translation": [0, -29, 0],
			"scale": [1.6, 1.6, 1.6]
		}
	},
	"groups": [
		{
			"name": "R arm",
			"children": [0, 1]
		}
	]
}