{
  "processors": [
    {
      "processor_type": "minecraft:rule",
      "rules": [
        {
          "position_predicate": {
            "predicate_type": "minecraft:always_true"
          },
          "location_predicate": {
            "predicate_type": "minecraft:block_match",
            "block": "minecraft:air"
          },
          "input_predicate": {
            "predicate_type": "minecraft:block_match",
            "block": "minecraft:end_stone_bricks"
          },
          "output_state": {
            "Name": "minecraft:diamond_block"
          }
        }
      ]
    }
  ]
}
