{
  "pools": [
    {
      "rolls": {
        "min": 3,
        "max": 4
      },
      "entries": [
        {
          "type": "minecraft:item",
          "name": "minecraft:oak_log",
          "functions": [
            {
              "function": "minecraft:set_count",
              "count": {
                "min": 2,
                "max": 6
              }
            }
          ]
        },
        {
          "type": "minecraft:item",
          "name": "minecraft:stick",
          "functions": [
            {
              "function": "minecraft:set_count",
              "count": {
                "min": 2,
                "max": 6
              }
            }
          ]
        },
        {
          "type": "minecraft:item",
          "name": "minecraft:charcoal",
          "functions": [
            {
              "function": "minecraft:set_count",
              "count": {
                "min": 1,
                "max": 3
              }
            }
          ]
        }
      ]
    },
    {
      "rolls": 1,
      "entries": [
        {
          "type": "minecraft:item",
          "weight": 1,
          "name": "minecraft:suspicious_stew",
          "functions": [
            {
              "function": "minecraft:set_stew_effect",
              "effects": [
                {
                  "type": "minecraft:saturation",
                  "duration": 0.35
                },
                {
                  "type": "minecraft:regeneration",
                  "duration": 8
                }
              ]
            }
          ]
        },
        {
          "type": "minecraft:item",
          "weight": 2,
          "name": "minecraft:rabbit_stew"
        },
        {
          "type": "minecraft:item",
          "weight": 4,
          "name": "minecraft:mushroom_stew"
        }
      ]
    },
    {
      "rolls": 1,
      "entries": [
        {
          "type": "minecraft:item",
          "weight": 1,
          "name": "minecraft:cake"
        },
        {
          "type": "minecraft:item",
          "weight": 1,
          "name": "minecraft:pumpkin_pie",
          "functions": [
            {
              "function": "minecraft:set_count",
              "count": {
                "min": 1,
                "max": 3
              }
            }
          ]
        },
        {
          "type": "minecraft:item",
          "weight": 1,
          "name": "minecraft:cookie",
          "functions": [
            {
              "function": "minecraft:set_count",
              "count": {
                "min": 2,
                "max": 6
              }
            }
          ]
        }
      ]
    },
    {
      "rolls": 1,
      "entries": [
        {
          "type": "minecraft:loot_table",
          "name": "dnl:player_head"
        }
      ]
    },
    {
      "rolls": 1,
      "entries": [
        {
          "type": "minecraft:item",
          "name": "minecraft:salmon",
          "functions": [
            {
              "function": "minecraft:set_count",
              "count": {
                "min": 2,
                "max": 4
              }
            }
          ]
        }
      ]
    },
    {
      "rolls": 1,
      "entries": [
        {
          "type": "minecraft:item",
          "name": "minecraft:golden_shovel",
          "functions": [
            {
              "function": "minecraft:set_damage",
              "damage": {
                "min": 0.01,
                "max": 0.2
              }
            },
            {
              "function": "minecraft:enchant_randomly"
            }
          ]
        }
      ]
    },
    {
      "rolls": 1,
      "entries": [
        {
          "type": "minecraft:item",
          "name": "minecraft:lantern"
        }
      ]
    },
    {
      "rolls": 1,
      "entries": [
        {
          "type": "minecraft:item",
          "name": "minecraft:milk_bucket"
        }
      ]
    },
    {
      "rolls": 1,
      "entries": [
        {
          "type": "minecraft:item",
          "name": "minecraft:music_disc_wait"
        },
        {
          "type": "minecraft:item",
          "name": "minecraft:music_disc_ward"
        },
        {
          "type": "minecraft:item",
          "name": "minecraft:music_disc_strad"
        },
        {
          "type": "minecraft:item",
          "name": "minecraft:music_disc_stal"
        },
        {
          "type": "minecraft:item",
          "name": "minecraft:music_disc_mellohi"
        },
        {
          "type": "minecraft:item",
          "name": "minecraft:music_disc_mall"
        },
        {
          "type": "minecraft:item",
          "name": "minecraft:music_disc_far"
        },
        {
          "type": "minecraft:item",
          "name": "minecraft:music_disc_chirp"
        },
        {
          "type": "minecraft:item",
          "name": "minecraft:music_disc_blocks"
        },
        {
          "type": "minecraft:item",
          "name": "minecraft:music_disc_cat"
        },
        {
          "type": "minecraft:item",
          "name": "minecraft:music_disc_13"
        }
      ]
    },
    {
      "rolls": 1,
      "entries": [
        {
          "type": "minecraft:item",
          "name": "minecraft:flint_and_steel",
          "functions": [
            {
              "function": "minecraft:set_damage",
              "damage": {
                "min": 0.01,
                "max": 0.2
              }
            }
          ]
        }
      ]
    }
  ]
}
