{
  "type": "minecraft:chest",
  "pools": [
    {
      "rolls": 1,
      "entries": [
        {
          "type": "minecraft:loot_table",
          "weight": 3,
          "name": "dnl:structures/temple_of_tears/chests/mobs/skeleton"
        },
        {
          "type": "minecraft:loot_table",
          "weight": 1,
          "name": "dnl:structures/temple_of_tears/chests/mobs/witch"
        },
        {
          "type": "minecraft:loot_table",
          "weight": 1,
          "name": "dnl:structures/temple_of_tears/chests/mobs/creeper"
        }
      ]
    },
    {
      "rolls": {
        "min": 4,
        "max": 8
      },
      "entries": [
        {
          "type": "minecraft:item",
          "weight": 1,
          "name": "minecraft:lantern"
        },
        {
          "type": "minecraft:item",
          "weight": 1,
          "name": "minecraft:target"
        },
        {
          "type": "minecraft:item",
          "weight": 1,
          "name": "minecraft:tnt"
        },
        {
          "type": "minecraft:item",
          "weight": 3,
          "name": "minecraft:vine",
          "functions": [
            {
              "function": "minecraft:set_count",
              "count": {
                "min": 2,
                "max": 3
              }
            }
          ]
        },
        {
          "type": "minecraft:item",
          "weight": 3,
          "name": "minecraft:oak_leaves",
          "functions": [
            {
              "function": "minecraft:set_count",
              "count": {
                "min": 2,
                "max": 3
              }
            }
          ]
        }
      ]
    }
  ]
}
