{
  "type": "minecraft:decorated",
  "config": {
    "decorator": {
      "type": "minecraft:count_extra",
      "config": {
        "count": 12,
        "extra_count": 0,
        "extra_chance": 0
      }
    },
    "feature": {
      "type": "minecraft:decorated",
      "config": {
        "decorator": {
          "type": "minecraft:square",
          "config": {}
        },
        "feature": {
          "type": "minecraft:decorated",
          "config": {
            "decorator": {
              "type": "minecraft:count_noise_biased",
              "config": {
                "noise_to_count_ratio": 1,
                "noise_factor": 180,
                "noise_offset": 0.12
              }
            },
            "feature": {
              "type": "minecraft:decorated",
              "config": {
                "decorator": {
                  "type": "minecraft:count_noise_biased",
                  "config": {
                    "noise_to_count_ratio": -1,
                    "noise_factor": 180,
                    "noise_offset": -0.12
                  }
                },
                "feature": {
                  "type": "minecraft:decorated",
                  "config": {
                    "decorator": {
                      "type": "minecraft:count_extra",
                      "config": {
                        "count": 500,
                        "extra_count": 0,
                        "extra_chance": 0
                      }
                    },
                    "feature": {
                      "type": "minecraft:random_selector",
                      "config": {
                        "features": [
                          {
                            "chance": 0.2,
                            "feature": {
                              "type": "minecraft:decorated",
                              "config": {
                                "decorator": {
                                  "type": "minecraft:range",
                                  "config": {
                                    "maximum": 100,
                                    "bottom_offset": 0,
                                    "top_offset": 0
                                  }
                                },
                                "feature": {
                                  "type": "minecraft:simple_block",
                                  "config": {
                                    "to_place": {
                                      "Name": "minecraft:tnt",
                                      "Properties": {
                                        "unstable": "false"
                                      }
                                    },
                                    "place_on": [
                                      {
                                        "Name": "minecraft:basalt",
                                        "Properties": {
                                          "axis": "y"
                                        }
                                      },
                                      {
                                        "Name": "minecraft:end_stone"
                                      }
                                    ],
                                    "place_in": [
                                      {
                                        "Name": "minecraft:basalt",
                                        "Properties": {
                                          "axis": "y"
                                        }
                                      },
                                      {
                                        "Name": "minecraft:blackstone"
                                      }
                                    ],
                                    "place_under": [
                                      {
                                        "Name": "minecraft:sculk_sensor",
                                        "Properties": {
                                          "power": "0",
                                          "sculk_sensor_phase": "inactive",
                                          "waterlogged": "true"
                                        }
                                      }
                                    ]
                                  }
                                }
                              }
                            }
                          }
                        ],
                        "default": {
                          "type": "minecraft:decorated",
                          "config": {
                            "decorator": {
                              "type": "minecraft:range",
                              "config": {
                                "maximum": 100,
                                "bottom_offset": 0,
                                "top_offset": 0
                              }
                            },
                            "feature": {
                              "type": "minecraft:simple_block",
                              "config": {
                                "to_place": {
                                  "Name": "minecraft:sculk_sensor",
                                  "Properties": {
                                    "power": "0",
                                    "sculk_sensor_phase": "inactive",
                                    "waterlogged": "true"
                                  }
                                },
                                "place_on": [
                                  {
                                    "Name": "minecraft:end_stone"
                                  },
                                  {
                                    "Name": "minecraft:basalt",
                                    "Properties": {
                                      "axis": "y"
                                    }
                                  },
                                  {
                                    "Name": "minecraft:blackstone"
                                  },
                                  {
                                    "Name": "minecraft:tnt",
                                    "Properties": {
                                      "unstable": "false"
                                    }
                                  }
                                ],
                                "place_in": [
                                  {
                                    "Name": "minecraft:water",
                                    "Properties": {
                                      "level": "0"
                                    }
                                  }
                                ],
                                "place_under": [
                                  {
                                    "Name": "minecraft:stone"
                                  },
                                  {
                                    "Name": "minecraft:water",
                                    "Properties": {
                                      "level": "0"
                                    }
                                  }
                                ]
                              }
                            }
                          }
                        }
                      }
                    }
                  }
                }
              }
            }
          }
        }
      }
    }
  }
}
