{
  "type": "minecraft:decorated",
  "config": {
    "decorator": {
      "type": "minecraft:carving_mask",
      "config": {
        "step": "air",
        "probability": 0.01
      }
    },
    "feature": {
      "type": "minecraft:emerald_ore",
      "config": {
        "state": {
          "Name": "minecraft:ancient_debris",
          "Properties": {
            "axis": "y"
          }
        },
        "target": {
          "Name": "minecraft:basalt",
          "Properties": {
            "axis": "y"
          }
        }
      }
    }
  }
}
