{
  "type": "minecraft:decorated",
  "config": {
    "decorator": {
      "type": "minecraft:dark_oak_tree",
      "config": {}
    },
    "feature": {
      "type": "minecraft:decorated",
      "config": {
        "decorator": {
          "type": "minecraft:count",
          "config": {
            "count": 4
          }
        },
        "feature": {
          "type": "minecraft:tree",
          "config": {
            "max_water_depth": 0,
            "ignore_vines": true,
            "heightmap": "MOTION_BLOCKING_NO_LEAVES",
            "minimum_size": {
              "type": "minecraft:three_layers_feature_size"
            },
            "trunk_provider": {
              "type": "minecraft:simple_state_provider",
              "state": {
                "Name": "minecraft:dark_oak_log",
                "Properties": {
                  "axis": "y"
                }
              }
            },
            "leaves_provider": {
              "type": "minecraft:simple_state_provider",
              "state": {
                "Name": "minecraft:dark_oak_leaves",
                "Properties": {
                  "distance": "1",
                  "persistent": "true"
                }
              }
            },
            "trunk_placer": {
              "type": "minecraft:dark_oak_trunk_placer",
              "base_height": 5,
              "height_rand_a": 2,
              "height_rand_b": 0
            },
            "foliage_placer": {
              "type": "minecraft:dark_oak_foliage_placer",
              "radius": 2,
              "offset": 0
            },
            "decorators": []
          }
        }
      }
    }
  }
}
