{
  "type": "minecraft:decorated",
  "config": {
    "decorator": {
      "type": "minecraft:carving_mask",
      "config": {
        "step": "liquid",
        "probability": 1.0
      }
    },
    "feature": {
      "type": "minecraft:random_patch",
      "config": {
        "can_replace": true,
        "project": false,
        "need_water": false,
        "xspread": 9,
        "yspread": 0,
        "zspread": 9,
        "tries": 50,
        "state_provider": {
          "type": "minecraft:simple_state_provider",
          "state": {
            "Name": "minecraft:red_sand"
          }
        },
        "block_placer": {
          "type": "minecraft:column_placer",
          "min_size": 12,
          "extra_size": 5
        },
        "whitelist": [
          {
            "Name": "minecraft:red_sandstone"
          }
        ],
        "blacklist": []
      }
    }
  }
}