{
  "processors": [
    {
      "rules": [
        {
          "output_state": {
            "Name": "minecraft:jungle_planks"
          },
          "input_predicate": {
            "block": "minecraft:smooth_sandstone",
            "predicate_type": "minecraft:block_match"
          },
          "location_predicate": {
            "block": "minecraft:water",
            "predicate_type": "minecraft:block_match"
          }
        },
        {
          "output_state": {
            "Name": "minecraft:coarse_dirt"
          },
          "input_predicate": {
            "block": "minecraft:smooth_sandstone",
            "predicate_type": "minecraft:block_match"
          },
          "location_predicate": {
            "block": "minecraft:grass_block",
            "predicate_type": "minecraft:block_match"
          }
        }
      ],
      "processor_type": "minecraft:rule"
    }
  ]
}