{
  "processors": [
    {
      "rules": [
        {
          "output_state": {
            "Properties": {
              "snowy": "false"
            },
            "Name": "minecraft:grass_block"
          },
          "input_predicate": {
            "block": "minecraft:sand",
            "predicate_type": "minecraft:block_match"
          },
          "location_predicate": {
            "block": "minecraft:grass_block",
            "predicate_type": "minecraft:block_match"
          }
        },
        {
          "output_state": {
            "Properties": {
              "snowy": "false"
            },
            "Name": "minecraft:grass_block"
          },
          "input_predicate": {
            "block": "minecraft:sand",
            "predicate_type": "minecraft:block_match"
          },
          "location_predicate": {
            "block": "minecraft:water",
            "predicate_type": "minecraft:block_match"
          }
        },
        {
          "output_state": {
            "Name": "minecraft:air"
          },
          "input_predicate": {
            "block": "minecraft:barrier",
            "predicate_type": "minecraft:block_match"
          },
          "location_predicate": {
            "predicate_type": "minecraft:always_true"
          }
        }
      ],
      "processor_type": "minecraft:rule"
    }
  ]
}