{
  "processors": [
    {
      "rules": [
        {
          "output_state": {
            "Properties": {
			  "level": "0"
			},
			"Name": "minecraft:water"
          },
          "input_predicate": {
            "block": "minecraft:terracotta",
            "predicate_type": "minecraft:block_match"
          },
          "location_predicate": {
            "block": "minecraft:water",
            "predicate_type": "minecraft:block_match"
          }
        }
      ],
      "processor_type": "minecraft:rule"
    }
  ]
}