{
  "name": "wythers:village/pueblo/terminators",
  "fallback": "minecraft:empty",
  "elements": [
    {
      "weight": 1,
      "element": {
        "location": "wythers:village/pueblo/terminators/terminator_01",
        "processors": "wythers:street_pueblo",
        "projection": "terrain_matching",
        "element_type": "minecraft:legacy_single_pool_element"
      }
    },
    {
      "weight": 1,
      "element": {
        "location": "wythers:village/pueblo/terminators/terminator_02",
        "processors": "wythers:street_pueblo",
        "projection": "terrain_matching",
        "element_type": "minecraft:legacy_single_pool_element"
      }
    }
  ]
}