{
  "type": "minecraft:decorated",
  "config": {
    "decorator": {
      "type": "minecraft:count_extra",
      "config": {
        "count": 300,
        "extra_count": 0,
        "extra_chance": 0
      }
    },
    "feature": {
      "type": "minecraft:random_selector",
      "config": {
        "features": [
          {
            "chance": 0.5,
            "feature": "wythers:savanna/tree_component_baobab_bloated_tall_base_2"
          },
          {
            "chance": 0.015,
            "feature": "wythers:savanna/tree_component_baobab_bloated_tall_branches_1"
          },
          {
            "chance": 0.01,
            "feature": "wythers:savanna/tree_component_baobab_bloated_tall_branches_2"
          }
        ],
        "default": "wythers:savanna/tree_component_baobab_bloated_tall_base_1"
      }
    }
  }
}