{
  "config": {
    "feature": {
      "config": {
        "feature": {
          "config": {
            "features": [
              {
                "feature": "wythers:savanna/feature_basalt_columns_large",
                "chance": 0.1
              }
            ],
            "default": "wythers:savanna/feature_basalt_columns_small"
          },
          "type": "minecraft:random_selector"
        },
        "decorator": {
          "config": {
            "outer": {
              "config": {},
              "type": "minecraft:square"
            },
            "inner": {
              "config": {},
              "type": "minecraft:heightmap"
            }
          },
          "type": "minecraft:decorated"
        }
      },
      "type": "minecraft:decorated"
    },
    "decorator": {
      "type": "minecraft:count_noise_biased",
      "config": {
        "noise_to_count_ratio": -3,
        "noise_factor": 100,
        "noise_offset": 0.1
      }
    }
  },
  "type": "minecraft:decorated"
}