{
  "type": "minecraft:decorated",
  "config": {
    "decorator": {
      "type": "minecraft:count",
      "config": {
        "count": 64
      }
    },
    "feature": {
      "type": "minecraft:decorated",
      "config": {
        "decorator": {
          "type": "minecraft:square",
          "config": {}
        },
        "feature": {
          "type": "minecraft:decorated",
          "config": {
            "decorator": {
              "type": "minecraft:top_solid_heightmap",
              "config": {}
            },
            "feature": {
              "type": "minecraft:simple_block",
              "config": {
                "to_place": {
                  "Name": "minecraft:seagrass",
                  "Properties": {
                    "waterlogged": "true"
                  }
                },
                "place_on": [
                  {
                    "Name": "minecraft:coarse_dirt"
                  }
                ],
                "place_in": [
                  {
                    "Name": "minecraft:water",
                    "Properties": {
                      "level": "0"
                    }
                  }
                ],
                "place_under": [
                  {
                    "Name": "minecraft:air"
                  }
                ]
              }
            }
          }
        }
      }
    }
  }
}