{
  "type": "minecraft:decorated",
  "config": {
    "decorator": {
      "type": "minecraft:count",
      "config": {
        "count": 1
      }
    },
    "feature": {
      "type": "minecraft:decorated",
      "config": {
        "decorator": {
          "type": "minecraft:decorated",
          "config": {
            "outer": {
              "type": "minecraft:square",
              "config": {}
            },
            "inner": {
              "type": "minecraft:heightmap",
              "config": {}
            }
          }
        },
        "feature": {
          "type": "minecraft:random_selector",
          "config": {
            "features": [
              {
                "chance": 0.7,
                "feature": "wythers:savanna/feature_tree_baobab_bloated_tall"
              },
              {
                "chance": 0.3,
                "feature": "wythers:savanna/feature_tree_baobab_bloated_short"
              }
            ],
            "default": "wythers:savanna/feature_tree_baobab_bloated_short"
          }
        }
      }
    }
  }
}