{
  "type": "minecraft:decorated",
  "config": {
    "decorator": {
      "type": "minecraft:count",
      "config": {
        "count": 1
      }
    },
    "feature": {
      "type": "minecraft:decorated",
      "config": {
        "decorator": {
          "type": "minecraft:decorated",
          "config": {
            "outer": {
              "type": "minecraft:square",
              "config": {}
            },
            "inner": {
              "type": "minecraft:heightmap",
              "config": {}
            }
          }
        },
        "feature": {
          "type": "minecraft:simple_random_selector",
          "config": {
            "features": [
              "wythers:savanna/feature_tree_baobab_bloated_short_dry",
              "wythers:savanna/feature_tree_baobab_bloated_tall_dry"
            ]
          }
        }
      }
    }
  }
}