{
  "config": {
    "max_water_depth": 0,
    "ignore_vines": false,
    "heightmap": "WORLD_SURFACE_WG",
    "minimum_size": {
      "limit": 0,
      "lower_size": 0,
      "upper_size": 0,
      "type": "minecraft:two_layers_feature_size"
    },
    "decorators": [],
    "trunk_provider": {
      "state": {
        "Properties": {
          "axis": "y"
        },
        "Name": "minecraft:acacia_wood"
      },
      "type": "minecraft:simple_state_provider"
    },
    "leaves_provider": {
      "state": {
        "Name": "minecraft:air"
      },
      "type": "minecraft:simple_state_provider"
    },
    "foliage_placer": {
      "radius": 0,
      "offset": 0,
      "crown_height": {
        "base": 13,
        "spread": 4
      },
      "type": "minecraft:mega_pine_foliage_placer"
    },
    "trunk_placer": {
      "base_height": 12,
      "height_rand_a": 0,
      "height_rand_b": 0,
      "type": "minecraft:giant_trunk_placer"
    }
  },
  "type": "minecraft:tree"
}