{
  "config": {
    "max_water_depth": 0,
    "ignore_vines": true,
    "heightmap": "WORLD_SURFACE_WG",
    "minimum_size": {
      "limit": 0,
      "lower_size": 0,
      "upper_size": 0,
      "min_clipped_height": 0,
      "type": "minecraft:two_layers_feature_size"
    },
    "decorators": [],
    "trunk_provider": {
      "state": {
        "Properties": {
          "axis": "y"
        },
        "Name": "minecraft:acacia_wood"
      },
      "type": "minecraft:simple_state_provider"
    },
    "leaves_provider": {
      "state": {
        "Name": "minecraft:air"
      },
      "type": "minecraft:simple_state_provider"
    },
    "foliage_placer": {
      "radius": 1,
      "offset": 1,
      "type": "minecraft:acacia_foliage_placer"
    },
    "trunk_placer": {
      "base_height": 9,
      "height_rand_a": 5,
      "height_rand_b": 0,
      "type": "minecraft:fancy_trunk_placer"
    }
  },
  "type": "minecraft:tree"
}