{
	"credit": "Made By BronGhast014 with Blockbench",
	"textures": {
		"0": "mobs/desert_skeleton_hurt",
		"1": "mobs/desert_skeleton_rags_hurt",
		"2": "mobs/overgrowth_hurt",
		"particle": "mobs/desert_skeleton"
	},
	"elements": [
		{
			"from": [4.25, 21.25, 4.25],
			"to": [6.25, 25.25, 6.25],
			"faces": {
				"north": {"uv": [0.25, 9, 2, 12.25], "texture": "#2"},
				"east": {"uv": [0.25, 9, 2, 12.25], "texture": "#2"},
				"south": {"uv": [0.25, 9, 2, 12.25], "texture": "#2"},
				"west": {"uv": [0.25, 9, 2, 12.25], "texture": "#2"},
				"up": {"uv": [0.25, 6.25, 2, 8], "texture": "#2"},
				"down": {"uv": [0.25, 4.25, 2, 6], "texture": "#2"}
			}
		},
		{
			"from": [11, 22, 9],
			"to": [13, 27, 11],
			"rotation": {"angle": -22.5, "axis": "z", "origin": [10.5, 26.5, 7.5]},
			"faces": {
				"north": {"uv": [0.25, 8.25, 2, 12.25], "texture": "#2"},
				"east": {"uv": [0.25, 8.25, 2, 12.25], "texture": "#2"},
				"south": {"uv": [0.25, 8.25, 2, 12.25], "texture": "#2"},
				"west": {"uv": [0.25, 8.25, 2, 12.25], "texture": "#2"},
				"up": {"uv": [0.25, 6.25, 2, 8], "texture": "#2"},
				"down": {"uv": [0.25, 4.25, 2, 6], "texture": "#2"}
			}
		},
		{
			"from": [8, 22, 5],
			"to": [8, 25, 8],
			"faces": {
				"north": {"uv": [4, 8, 8, 12], "texture": "#2"},
				"east": {"uv": [4, 8, 8, 12], "texture": "#2"},
				"south": {"uv": [4, 8, 8, 12], "texture": "#2"},
				"west": {"uv": [4, 8, 8, 12], "texture": "#2"},
				"up": {"uv": [4, 8, 8, 12], "texture": "#2"},
				"down": {"uv": [4, 8, 8, 12], "texture": "#2"}
			}
		},
		{
			"from": [6.5, 22, 6.5],
			"to": [9.5, 25, 6.5],
			"faces": {
				"north": {"uv": [8, 8, 4, 12], "texture": "#2"},
				"east": {"uv": [4, 8, 8, 12], "texture": "#2"},
				"south": {"uv": [4, 8, 8, 12], "texture": "#2"},
				"west": {"uv": [4, 8, 8, 12], "texture": "#2"},
				"up": {"uv": [4, 8, 8, 12], "rotation": 90, "texture": "#2"},
				"down": {"uv": [4, 8, 8, 12], "rotation": 270, "texture": "#2"}
			}
		},
		{
			"from": [4.5, 22, 9.5],
			"to": [7.5, 25, 9.5],
			"faces": {
				"north": {"uv": [8, 8, 4, 12], "texture": "#2"},
				"east": {"uv": [4, 8, 8, 12], "texture": "#2"},
				"south": {"uv": [4, 8, 8, 12], "texture": "#2"},
				"west": {"uv": [4, 8, 8, 12], "texture": "#2"},
				"up": {"uv": [4, 8, 8, 12], "rotation": 90, "texture": "#2"},
				"down": {"uv": [4, 8, 8, 12], "rotation": 270, "texture": "#2"}
			}
		},
		{
			"from": [6, 22, 8],
			"to": [6, 25, 11],
			"faces": {
				"north": {"uv": [4, 8, 8, 12], "texture": "#2"},
				"east": {"uv": [4, 8, 8, 12], "texture": "#2"},
				"south": {"uv": [4, 8, 8, 12], "texture": "#2"},
				"west": {"uv": [4, 8, 8, 12], "texture": "#2"},
				"up": {"uv": [4, 8, 8, 12], "texture": "#2"},
				"down": {"uv": [4, 8, 8, 12], "texture": "#2"}
			}
		},
		{
			"name": "Head",
			"from": [4.1, 21.9, 4.1],
			"to": [11.9, 28.9, 11.9],
			"faces": {
				"north": {"uv": [8, 4, 4, 7.5], "texture": "#0"},
				"east": {"uv": [0, 4, 4, 7.5], "texture": "#0"},
				"south": {"uv": [4, 0, 0, 3.5], "texture": "#0"},
				"west": {"uv": [8, 4, 12, 7.5], "texture": "#0"},
				"up": {"uv": [8, 4, 4, 0], "texture": "#0"},
				"down": {"uv": [14, 9.5, 12.5, 8.5], "texture": "#0"}
			}
		},
		{
			"name": "Head",
			"from": [4.1, 21.1, 4.1],
			"to": [11.9, 21.9, 11.9],
			"faces": {
				"north": {"uv": [8, 7.5, 4, 8], "texture": "#0"},
				"east": {"uv": [0, 7.5, 4, 8], "texture": "#0"},
				"south": {"uv": [4, 3.5, 0, 4], "texture": "#0"},
				"west": {"uv": [8, 7.5, 12, 8], "texture": "#0"},
				"up": {"uv": [12, 4, 8, 0], "texture": "#1"},
				"down": {"uv": [12, 4, 8, 0], "texture": "#0"}
			}
		},
		{
			"name": "skull",
			"from": [4, 21, 4],
			"to": [12, 29, 12],
			"faces": {
				"north": {"uv": [4, 4, 8, 8], "texture": "#1"},
				"east": {"uv": [0, 4, 4, 8], "texture": "#1"},
				"south": {"uv": [0, 0, 4, 4], "texture": "#1"},
				"west": {"uv": [8, 4, 12, 8], "texture": "#1"},
				"up": {"uv": [4, 0, 8, 4], "texture": "#1"},
				"down": {"uv": [13, 0.5, 14.5, 1.5], "texture": "#1"}
			}
		},
		{
			"from": [4.5, 29, 6.5],
			"to": [9.5, 29.25, 11.5],
			"faces": {
				"north": {"uv": [8.5, 1, 11, 1.25], "texture": "#1"},
				"east": {"uv": [8.5, 1, 11, 1.25], "texture": "#1"},
				"south": {"uv": [8.5, 1, 11, 1.25], "texture": "#1"},
				"west": {"uv": [8.5, 1, 11, 1.25], "texture": "#1"},
				"up": {"uv": [9, 0.5, 11.5, 3], "texture": "#1"},
				"down": {"uv": [7, 0, 12, 0.25], "texture": "#1"}
			}
		},
		{
			"from": [5.5, 29, 5.5],
			"to": [10.5, 29.5, 10.5],
			"faces": {
				"north": {"uv": [8.5, 1, 11, 1.25], "texture": "#1"},
				"east": {"uv": [8.5, 1, 11, 1.25], "texture": "#1"},
				"south": {"uv": [8.5, 1, 11, 1.25], "texture": "#1"},
				"west": {"uv": [8.5, 1, 11, 1.25], "texture": "#1"},
				"up": {"uv": [9, 0.5, 11.5, 3], "texture": "#1"},
				"down": {"uv": [7, 0, 12, 0.25], "texture": "#1"}
			}
		},
		{
			"from": [4.25, 28.75, 9.25],
			"to": [6.25, 31.25, 11.25],
			"faces": {
				"north": {"uv": [0.25, 9, 2, 11.5], "texture": "#2"},
				"east": {"uv": [0.25, 9, 2, 11.5], "texture": "#2"},
				"south": {"uv": [0.25, 9, 2, 11.5], "texture": "#2"},
				"west": {"uv": [0.25, 9, 2, 11.5], "texture": "#2"},
				"up": {"uv": [0.25, 6.25, 2, 8], "texture": "#2"},
				"down": {"uv": [0.25, 4.25, 2, 6], "texture": "#2"}
			}
		},
		{
			"name": "shirt",
			"from": [4, 9, 6],
			"to": [12, 21, 10],
			"faces": {
				"north": {"uv": [10.5, 10, 14.5, 16], "texture": "#1"},
				"east": {"uv": [14, 10, 16, 16], "texture": "#1"},
				"south": {"uv": [12, 4, 16, 10], "texture": "#1"},
				"west": {"uv": [7.5, 10, 9.5, 16], "texture": "#1"},
				"up": {"uv": [10, 8, 14, 10], "rotation": 180, "texture": "#1"},
				"down": {"uv": [12, 0, 16, 2], "rotation": 180, "texture": "#1"}
			}
		}
	],
	"display": {
		"thirdperson_righthand": {
			"rotation": [75, 45, 0],
			"translation": [0, 2.5, 0],
			"scale": [0.375, 0.375, 0.375]
		},
		"thirdperson_lefthand": {
			"rotation": [75, 45, 0],
			"translation": [0, 2.5, 0],
			"scale": [0.375, 0.375, 0.375]
		},
		"firstperson_righthand": {
			"rotation": [0, 111, 0],
			"scale": [0.4, 0.4, 0.4]
		},
		"firstperson_lefthand": {
			"rotation": [0, 132, 0],
			"scale": [0.4, 0.4, 0.4]
		},
		"ground": {
			"translation": [0, 3, 0],
			"scale": [0.25, 0.25, 0.25]
		},
		"gui": {
			"rotation": [30, 225, 0],
			"translation": [0, -2, 0],
			"scale": [0.5, 0.5, 0.5]
		},
		"head": {
			"translation": [0, -27.25, 0],
			"scale": [1.61, 1.61, 1.61]
		},
		"fixed": {
			"scale": [0.5, 0.5, 0.5]
		}
	},
	"groups": [
		{
			"name": "Head",
			"origin": [8, 8, 8],
			"children": [0, 1, 2, 3, 4, 5, 6, 7, 8, 9, 10, 11]
		}, 12]
}