{
    "credit": "Made By BronGhast014 with Blockbench", 
    "textures": {
        "main": "mobs/animations/desert_skeleton_moving"
    }, 
    "elements": [
        {
            "name": "R Leg", 
            "from": [ 5, 3, 7 ], 
            "to":   [ 7, 9, 9 ], 
            "rotation": { "angle": 22.5, "axis": "x", "origin": [8, 9, 8] }, 
            "faces": {
                "north": { "uv": [ 0.75, 2.25, 1, 3 ], "texture": "#main" }, 
                "east":  { "uv": [ 0, 2.25, 0.25, 3 ], "texture": "#main" }, 
                "south": { "uv": [ 0.25, 2.25, 0.5, 3 ], "texture": "#main" }, 
                "west":  { "uv": [ 0.5, 2.25, 0.75, 3 ], "texture": "#main" }, 
                "up":    { "uv": [ 0.5, 2, 0.75, 2.25 ], "texture": "#main" }, 
                "down":  { "uv": [ 1.75, 3, 2, 3.75 ], "texture": "#main" }
            }
        }, 
        {
            "name": "R Leg", 
            "from": [ 5, -3, 7 ], 
            "to":   [ 7, 3, 9 ], 
            "rotation": { "angle": 22.5, "axis": "x", "origin": [8, 9, 8] }, 
            "faces": {
                "north": { "uv": [ 0.75, 3, 1, 3.75 ], "texture": "#main" }, 
                "east":  { "uv": [ 0.25, 3, 0.5, 3.75 ], "texture": "#main" }, 
                "south": { "uv": [ 0, 3, 0.25, 3.75 ], "texture": "#main" }, 
                "west":  { "uv": [ 0.5, 3, 0.75, 3.75 ], "texture": "#main" }, 
                "up":    { "uv": [ 1.5, 2, 1.75, 2.25 ], "texture": "#main" }, 
                "down":  { "uv": [ 1.5, 2, 1.75, 2.25 ], "texture": "#main" }
            }
        }, 
        {
            "name": "L Leg", 
            "from": [ 9, -3, 7 ], 
            "to":   [ 11, 3, 9 ], 
            "rotation": { "angle": -22.5, "axis": "x", "origin": [8, 9, 8] }, 
            "faces": {
                "north": { "uv": [ 0.25, 3, 0.5, 3.75 ], "texture": "#main" }, 
                "east":  { "uv": [ 0.5, 3, 0.75, 3.75 ], "texture": "#main" }, 
                "south": { "uv": [ 0.75, 3, 1, 3.75 ], "texture": "#main" }, 
                "west":  { "uv": [ 0, 3, 0.25, 3.75 ], "texture": "#main" }, 
                "up":    { "uv": [ 0.25, 2, 0.5, 2.25 ], "texture": "#main" }, 
                "down":  { "uv": [ 1.25, 2, 1.5, 2.25 ], "texture": "#main" }
            }
        }, 
        {
            "name": "L Leg", 
            "from": [ 9, 3, 7 ], 
            "to":   [ 11, 9, 9 ], 
            "rotation": { "angle": -22.5, "axis": "x", "origin": [8, 9, 8] }, 
            "faces": {
                "north": { "uv": [ 0.25, 2.25, 0.5, 3 ], "texture": "#main" }, 
                "east":  { "uv": [ 0.5, 2.25, 0.75, 3 ], "texture": "#main" }, 
                "south": { "uv": [ 0.75, 2.25, 1, 3 ], "texture": "#main" }, 
                "west":  { "uv": [ 0, 2.25, 0.25, 3 ], "texture": "#main" }, 
                "up":    { "uv": [ 0.5, 2, 0.75, 2.25 ], "texture": "#main" }, 
                "down":  { "uv": [ 0.25, 2, 0.5, 2.25 ], "texture": "#main" }
            }
        }, 
        {
            "name": "Body", 
            "from": [ 4, 9, 6 ], 
            "to":   [ 12, 21, 10 ], 
            "faces": {
                "north": { "uv": [ 2.5, 2.5, 3.5, 4 ], "texture": "#main" }, 
                "east":  { "uv": [ 3.5, 2.5, 4, 4 ], "texture": "#main" }, 
                "south": { "uv": [ 3, 0.5, 4, 2 ], "texture": "#main" }, 
                "west":  { "uv": [ 2, 2.5, 2.5, 4 ], "texture": "#main" }, 
                "up":    { "uv": [ 2.8125, 2.1875, 3.3125, 2.4375 ], "rotation":180, "texture": "#main" }, 
                "down":  { "uv": [ 3, 0, 4, 0.5 ], "rotation":180, "texture": "#main" }
            }
        }, 
        {
            "name": "shirt", 
            "from": [ 4, 9, 6 ], 
            "to":   [ 12, 21, 10 ], 
            "faces": {
                "north": { "uv": [ 6.625, 2.5, 7.625, 4 ], "texture": "#main" }, 
                "east":  { "uv": [ 7.5, 2.5, 8, 4 ], "texture": "#main" }, 
                "south": { "uv": [ 7, 1, 8, 2.5 ], "texture": "#main" }, 
                "west":  { "uv": [ 5.875, 2.5, 6.375, 4 ], "texture": "#main" }, 
                "up":    { "uv": [ 6.5, 2, 7.5, 2.5 ], "rotation":180, "texture": "#main" }, 
                "down":  { "uv": [ 7, 0, 8, 0.5 ], "rotation":180, "texture": "#main" }
            }
        }, 
        {
            "name": "R Leg", 
            "from": [ 5, 3, 7 ], 
            "to":   [ 7, 9, 9 ], 
            "faces": {
                "north": { "uv": [ 8.75, 2.25, 9, 3 ], "texture": "#main" }, 
                "east":  { "uv": [ 8, 2.25, 8.25, 3 ], "texture": "#main" }, 
                "south": { "uv": [ 8.25, 2.25, 8.5, 3 ], "texture": "#main" }, 
                "west":  { "uv": [ 8.5, 2.25, 8.75, 3 ], "texture": "#main" }, 
                "up":    { "uv": [ 8.5, 2, 8.75, 2.25 ], "texture": "#main" }, 
                "down":  { "uv": [ 9.75, 3, 10, 3.75 ], "texture": "#main" }
            }
        }, 
        {
            "name": "R Leg", 
            "from": [ 5, -3, 7 ], 
            "to":   [ 7, 3, 9 ], 
            "faces": {
                "north": { "uv": [ 8.75, 3, 9, 3.75 ], "texture": "#main" }, 
                "east":  { "uv": [ 8.25, 3, 8.5, 3.75 ], "texture": "#main" }, 
                "south": { "uv": [ 8, 3, 8.25, 3.75 ], "texture": "#main" }, 
                "west":  { "uv": [ 8.5, 3, 8.75, 3.75 ], "texture": "#main" }, 
                "up":    { "uv": [ 9.5, 2, 9.75, 2.25 ], "texture": "#main" }, 
                "down":  { "uv": [ 9.5, 2, 9.75, 2.25 ], "texture": "#main" }
            }
        }, 
        {
            "name": "L Leg", 
            "from": [ 9, -3, 7 ], 
            "to":   [ 11, 3, 9 ], 
            "faces": {
                "north": { "uv": [ 8.25, 3, 8.5, 3.75 ], "texture": "#main" }, 
                "east":  { "uv": [ 8.5, 3, 8.75, 3.75 ], "texture": "#main" }, 
                "south": { "uv": [ 8.75, 3, 9, 3.75 ], "texture": "#main" }, 
                "west":  { "uv": [ 8, 3, 8.25, 3.75 ], "texture": "#main" }, 
                "up":    { "uv": [ 8.25, 2, 8.5, 2.25 ], "texture": "#main" }, 
                "down":  { "uv": [ 9.25, 2, 9.5, 2.25 ], "texture": "#main" }
            }
        }, 
        {
            "name": "L Leg", 
            "from": [ 9, 3, 7 ], 
            "to":   [ 11, 9, 9 ], 
            "faces": {
                "north": { "uv": [ 8.25, 2.25, 8.5, 3 ], "texture": "#main" }, 
                "east":  { "uv": [ 8.5, 2.25, 8.75, 3 ], "texture": "#main" }, 
                "south": { "uv": [ 8.75, 2.25, 9, 3 ], "texture": "#main" }, 
                "west":  { "uv": [ 8, 2.25, 8.25, 3 ], "texture": "#main" }, 
                "up":    { "uv": [ 8.5, 2, 8.75, 2.25 ], "texture": "#main" }, 
                "down":  { "uv": [ 8.25, 2, 8.5, 2.25 ], "texture": "#main" }
            }
        }, 
        {
            "name": "Body", 
            "from": [ 4, 9, 6 ], 
            "to":   [ 12, 21, 10 ], 
            "faces": {
                "north": { "uv": [ 10.5, 2.5, 11.5, 4 ], "texture": "#main" }, 
                "east":  { "uv": [ 11.5, 2.5, 12, 4 ], "texture": "#main" }, 
                "south": { "uv": [ 11, 0.5, 12, 2 ], "texture": "#main" }, 
                "west":  { "uv": [ 10, 2.5, 10.5, 4 ], "texture": "#main" }, 
                "up":    { "uv": [ 10.8125, 2.1875, 11.3125, 2.4375 ], "rotation":180, "texture": "#main" }, 
                "down":  { "uv": [ 11, 0, 12, 0.5 ], "rotation":180, "texture": "#main" }
            }
        }, 
        {
            "name": "shirt", 
            "from": [ 4, 9, 6 ], 
            "to":   [ 12, 21, 10 ], 
            "faces": {
                "north": { "uv": [ 14.625, 2.5, 15.625, 4 ], "texture": "#main" }, 
                "east":  { "uv": [ 15.5, 2.5, 16, 4 ], "texture": "#main" }, 
                "south": { "uv": [ 15, 1, 16, 2.5 ], "texture": "#main" }, 
                "west":  { "uv": [ 13.875, 2.5, 14.375, 4 ], "texture": "#main" }, 
                "up":    { "uv": [ 14.5, 2, 15.5, 2.5 ], "rotation":180, "texture": "#main" }, 
                "down":  { "uv": [ 15, 0, 16, 0.5 ], "rotation":180, "texture": "#main" }
            }
        }, 
        {
            "name": "R Leg", 
            "from": [ 5, 3, 7 ], 
            "to":   [ 7, 9, 9 ], 
            "rotation": { "angle": -22.5, "axis": "x", "origin": [8, 9, 8] }, 
            "faces": {
                "north": { "uv": [ 0.75, 10.25, 1, 11 ], "texture": "#main" }, 
                "east":  { "uv": [ 0, 10.25, 0.25, 11 ], "texture": "#main" }, 
                "south": { "uv": [ 0.25, 10.25, 0.5, 11 ], "texture": "#main" }, 
                "west":  { "uv": [ 0.5, 10.25, 0.75, 11 ], "texture": "#main" }, 
                "up":    { "uv": [ 0.5, 10, 0.75, 10.25 ], "texture": "#main" }, 
                "down":  { "uv": [ 1.75, 11, 2, 11.75 ], "texture": "#main" }
            }
        }, 
        {
            "name": "R Leg", 
            "from": [ 5, -3, 7 ], 
            "to":   [ 7, 3, 9 ], 
            "rotation": { "angle": -22.5, "axis": "x", "origin": [8, 9, 8] }, 
            "faces": {
                "north": { "uv": [ 0.75, 11, 1, 11.75 ], "texture": "#main" }, 
                "east":  { "uv": [ 0.25, 11, 0.5, 11.75 ], "texture": "#main" }, 
                "south": { "uv": [ 0, 11, 0.25, 11.75 ], "texture": "#main" }, 
                "west":  { "uv": [ 0.5, 11, 0.75, 11.75 ], "texture": "#main" }, 
                "up":    { "uv": [ 1.5, 10, 1.75, 10.25 ], "texture": "#main" }, 
                "down":  { "uv": [ 1.5, 10, 1.75, 10.25 ], "texture": "#main" }
            }
        }, 
        {
            "name": "L Leg", 
            "from": [ 9, -3, 7 ], 
            "to":   [ 11, 3, 9 ], 
            "rotation": { "angle": 22.5, "axis": "x", "origin": [8, 9, 8] }, 
            "faces": {
                "north": { "uv": [ 0.25, 11, 0.5, 11.75 ], "texture": "#main" }, 
                "east":  { "uv": [ 0.5, 11, 0.75, 11.75 ], "texture": "#main" }, 
                "south": { "uv": [ 0.75, 11, 1, 11.75 ], "texture": "#main" }, 
                "west":  { "uv": [ 0, 11, 0.25, 11.75 ], "texture": "#main" }, 
                "up":    { "uv": [ 0.25, 10, 0.5, 10.25 ], "texture": "#main" }, 
                "down":  { "uv": [ 1.25, 10, 1.5, 10.25 ], "texture": "#main" }
            }
        }, 
        {
            "name": "L Leg", 
            "from": [ 9, 3, 7 ], 
            "to":   [ 11, 9, 9 ], 
            "rotation": { "angle": 22.5, "axis": "x", "origin": [8, 9, 8] }, 
            "faces": {
                "north": { "uv": [ 0.25, 10.25, 0.5, 11 ], "texture": "#main" }, 
                "east":  { "uv": [ 0.5, 10.25, 0.75, 11 ], "texture": "#main" }, 
                "south": { "uv": [ 0.75, 10.25, 1, 11 ], "texture": "#main" }, 
                "west":  { "uv": [ 0, 10.25, 0.25, 11 ], "texture": "#main" }, 
                "up":    { "uv": [ 0.5, 10, 0.75, 10.25 ], "texture": "#main" }, 
                "down":  { "uv": [ 0.25, 10, 0.5, 10.25 ], "texture": "#main" }
            }
        }, 
        {
            "name": "Body", 
            "from": [ 4, 9, 6 ], 
            "to":   [ 12, 21, 10 ], 
            "faces": {
                "north": { "uv": [ 2.5, 10.5, 3.5, 12 ], "texture": "#main" }, 
                "east":  { "uv": [ 3.5, 10.5, 4, 12 ], "texture": "#main" }, 
                "south": { "uv": [ 3, 8.5, 4, 10 ], "texture": "#main" }, 
                "west":  { "uv": [ 2, 10.5, 2.5, 12 ], "texture": "#main" }, 
                "up":    { "uv": [ 2.8125, 10.1875, 3.3125, 10.4375 ], "rotation":180, "texture": "#main" }, 
                "down":  { "uv": [ 3, 8, 4, 8.5 ], "rotation":180, "texture": "#main" }
            }
        }, 
        {
            "name": "shirt", 
            "from": [ 4, 9, 6 ], 
            "to":   [ 12, 21, 10 ], 
            "faces": {
                "north": { "uv": [ 6.625, 10.5, 7.625, 12 ], "texture": "#main" }, 
                "east":  { "uv": [ 7.5, 10.5, 8, 12 ], "texture": "#main" }, 
                "south": { "uv": [ 7, 9, 8, 10.5 ], "texture": "#main" }, 
                "west":  { "uv": [ 5.875, 10.5, 6.375, 12 ], "texture": "#main" }, 
                "up":    { "uv": [ 6.5, 10, 7.5, 10.5 ], "rotation":180, "texture": "#main" }, 
                "down":  { "uv": [ 7, 8, 8, 8.5 ], "rotation":180, "texture": "#main" }
            }
        }
    ], 
    "display": {
        "thirdperson_righthand": {
            "rotation": [ 75, 45, 0 ], 
            "translation": [ 0, 2.5, 0 ], 
            "scale": [ 0.375, 0.375, 0.375 ]
        }, 
        "thirdperson_lefthand": {
            "rotation": [ 75, 45, 0 ], 
            "translation": [ 0, 2.5, 0 ], 
            "scale": [ 0.375, 0.375, 0.375 ]
        }, 
        "firstperson_righthand": {
            "rotation": [ 0, 111, 0 ], 
            "scale": [ 0.4, 0.4, 0.4 ]
        }, 
        "firstperson_lefthand": {
            "rotation": [ 0, 132, 0 ], 
            "scale": [ 0.4, 0.4, 0.4 ]
        }, 
        "ground": {
            "translation": [ 0, 3, 0 ], 
            "scale": [ 0.25, 0.25, 0.25 ]
        }, 
        "gui": {
            "rotation": [ 30, 225, 0 ], 
            "translation": [ 0, -2, 0 ], 
            "scale": [ 0.5, 0.5, 0.5 ]
        }, 
        "head": {
            "translation": [ 0, -62.8, 0 ], 
            "scale": [ 1.6, 1.6, 1.6 ]
        }, 
        "fixed": {
            "scale": [ 0.5, 0.5, 0.5 ]
        }
    }, 
    "groups": [
        {
            "name": "RL", 
            "origin": [
                8, 
                9, 
                8
            ], 
            "children": [
                0, 
                1
            ]
        }, 
        {
            "name": "LL", 
            "children": [
                2, 
                3
            ]
        }, 
        4, 
        5
    ], 
    "__comment": "Model animated using Fizzy's model animator - http://fizzy81.github.io/animated-models/"
}