{
  "type": "minecraft:decorated",
  "config": {
    "decorator": {
      "type": "minecraft:count",
      "config": {
        "count": 30
      }
    },
    "feature": {
      "type": "minecraft:decorated",
      "config": {
        "decorator": {
          "type": "minecraft:decorated",
          "config": {
            "outer": {
              "type": "minecraft:square",
              "config": {}
            },
            "inner": {
              "type": "minecraft:range",
              "config": {
                "maximum": 1,
                "bottom_offset": 62,
                "top_offset": 0
              }
            }
          }
        },
        "feature": {
          "type": "minecraft:disk",
          "config": {
            "state": {
              "Name": "minecraft:grass_block",
              "Properties": {
                "snowy": "false"
              }
            },
            "radius": {
              "base": 2,
              "spread": 4
            },
            "half_height": 2,
            "targets": [
              {
                "Name": "minecraft:sand"
              }
            ]
          }
        }
      }
    }
  }
}