{
  "type": "minecraft:decorated",
  "config": {
    "decorator": {
      "type": "minecraft:count_noise_biased",
      "config": {
        "noise_to_count_ratio": 100,
        "noise_factor": 400,
        "noise_offset": -0.5
      }
    },
    "feature": {
      "type": "minecraft:decorated",
      "config": {
        "decorator": {
          "type": "minecraft:square",
          "config": {}
        },
        "feature": {
          "type": "minecraft:simple_random_selector",
          "config": {
            "features": [
              {
                "type": "minecraft:decorated",
                "config": {
                  "decorator": {
                    "type": "minecraft:heightmap",
                    "config": {}
                  },
                  "feature": {
                    "type": "minecraft:netherrack_replace_blobs",
                    "config": {
                      "state": {
                        "Name": "minecraft:terracotta"
                      },
                      "target": {
                        "Name": "minecraft:packed_ice"
                      },
                      "radius": {
                        "base": 120,
                        "spread": 5
                      }
                    }
                  }
                }
              },
              {
                "type": "minecraft:decorated",
                "config": {
                  "decorator": {
                    "type": "minecraft:heightmap",
                    "config": {}
                  },
                  "feature": {
                    "type": "minecraft:netherrack_replace_blobs",
                    "config": {
                      "state": {
                        "Name": "minecraft:terracotta"
                      },
                      "target": {
                        "Name": "minecraft:snow_block"
                      },
                      "radius": {
                        "base": 120,
                        "spread": 5
                      }
                    }
                  }
                }
              },
              {
                "type": "minecraft:decorated",
                "config": {
                  "decorator": {
                    "type": "minecraft:heightmap",
                    "config": {}
                  },
                  "feature": {
                    "type": "minecraft:netherrack_replace_blobs",
                    "config": {
                      "state": {
                        "Name": "minecraft:terracotta"
                      },
                      "target": {
                        "Name": "minecraft:blue_ice"
                      },
                      "radius": {
                        "base": 120,
                        "spread": 5
                      }
                    }
                  }
                }
              }
            ]
          }
        }
      }
    }
  }
}