{
  "type": "minecraft:decorated",
  "config": {
    "decorator": {
      "type": "minecraft:count_extra",
      "config": {
        "count": 1000,
        "extra_count": 0,
        "extra_chance": 0
      }
    },
    "feature": {
      "type": "minecraft:decorated",
      "config": {
        "decorator": {
          "type": "minecraft:square",
          "config": {}
        },
        "feature": {
          "type": "minecraft:decorated",
          "config": {
            "decorator": {
              "type": "minecraft:count_noise_biased",
              "config": {
                "noise_to_count_ratio": 1,
                "noise_factor": 180,
                "noise_offset": 0.05
              }
            },
            "feature": {
              "type": "minecraft:decorated",
              "config": {
                "decorator": {
                  "type": "minecraft:count_noise_biased",
                  "config": {
                    "noise_to_count_ratio": -1,
                    "noise_factor": 180,
                    "noise_offset": -0.05
                  }
                },
                "feature": {
                  "type": "minecraft:decorated",
                  "config": {
                    "decorator": {
                      "type": "minecraft:heightmap",
                      "config": {}
                    },
                    "feature": {
                      "type": "minecraft:decorated",
                      "config": {
                        "decorator": {
                          "type": "minecraft:count",
                          "config": {
                            "count": 4
                          }
                        },
                        "feature": {
                          "type": "minecraft:random_patch",
                          "config": {
                            "can_replace": false,
                            "project": false,
                            "need_water": false,
                            "xspread": 5,
                            "yspread": 1,
                            "zspread": 5,
                            "tries": 1,
                            "state_provider": {
                              "type": "minecraft:simple_state_provider",
                              "state": {
                                "Name": "minecraft:red_sand"
                              }
                            },
                            "block_placer": {
                              "type": "minecraft:simple_block_placer"
                            },
                            "whitelist": [
                              {
                                "Name": "minecraft:red_sand"
                              },
                              {
                                "Name": "minecraft:sand"
                              }
                            ],
                            "blacklist": []
                          }
                        }
                      }
                    }
                  }
                }
              }
            }
          }
        }
      }
    }
  }
}