{"type":"chest","pools":[{"rolls":{"min":3,"max":6},"entries":[{"type":"item","weight":50,"name":"minecraft:iron_ingot","functions":[{"function":"set_count","count":{"min":1,"max":5}}]},{"type":"item","weight":20,"name":"minecraft:gold_ingot","functions":[{"function":"set_count","count":{"min":1,"max":5}}]},{"type":"item","weight":30,"name":"minecraft:emerald","functions":[{"function":"set_count","count":{"min":1,"max":5}}]},{"type":"item","weight":50,"name":"minecraft:experience_bottle","functions":[{"function":"set_count","count":{"min":5,"max":10}}]},{"type":"item","weight":5,"name":"minecraft:diamond","functions":[{"function":"set_count","count":{"min":1,"max":3}}]},{"type":"item","weight":40,"name":"minecraft:string","functions":[{"function":"set_count","count":{"min":1,"max":6}}]},{"type":"item","weight":40,"name":"minecraft:tripwire_hook","functions":[{"function":"set_count","count":{"min":1,"max":3}}]}]},{"rolls":{"min":2,"max":3},"entries":[{"type":"item","weight":14,"name":"minecraft:wheat","functions":[{"function":"set_count","count":{"min":3,"max":5}}]},{"type":"item","weight":10,"name":"minecraft:carrot","functions":[{"function":"set_count","count":{"min":3,"max":5}}]},{"type":"item","weight":10,"name":"minecraft:potato","functions":[{"function":"set_count","count":{"min":2,"max":5}}]},{"type":"item","weight":6,"name":"minecraft:baked_potato","functions":[{"function":"set_count","count":{"min":2,"max":5}}]},{"type":"item","weight":1,"name":"minecraft:golden_carrot","functions":[{"function":"set_count","count":1}]}]},{"rolls":{"min":2,"max":3},"entries":[{"type":"item","weight":1,"name":"minecraft:tipped_arrow","functions":[{"function":"set_count","count":{"min":2,"max":7}},{"function":"set_nbt","tag":"{CustomPotionEffects:[{Id:9b,Amplifier:0b,Duration:300},{Id:19b,Amplifier:1b,Duration:80}],CustomPotionColor:3735478}"},{"function":"set_name","name":[{"text":"Arrow of Fugu","color":"gold","italic":false}]}]}]}]}
