{
  "pools": [
    {
      "rolls": 1,
      "entries": [
        {
          "type": "item",
          "name": "minecraft:diamond_boots",
          "weight": 2,
          "functions": [
            {
              "function": "set_nbt",
              "tag": "{Enchantments:[{id:\"minecraft:shinning\",lvl:1}],CustomEnchantments:{Agility:1},display:{Lore:[\"{\\\"text\\\":\\\"Agility I\\\",\\\"color\\\":\\\"gray\\\",\\\"italic\\\":false}\\\",\\\"color\\\":\\\"gray\\\",\\\"italic\\\":false}\"]},AttributeModifiers:[{AttributeName:\"generic.movementSpeed\",Name:\"generic.movementSpeed\",Slot:\"feet\",Amount:0.33,Operation:1,UUIDMost:84447,UUIDLeast:177289},{AttributeName:\"generic.armor\",Name:\"generic.armor\",Slot:\"feet\",Amount:3,Operation:0,UUIDMost:77111,UUIDLeast:141286},{AttributeName:\"generic.armorToughness\",Name:\"generic.armorToughness\",Slot:\"feet\",Amount:2,Operation:0,UUIDMost:57065,UUIDLeast:126306}]}"
            },
            {
              "function": "enchant_with_levels",
              "treasure": true,
              "levels": {
                "min": 15,
                "max": 20
              },
              "conditions": [
                {
                  "condition": "random_chance",
                  "chance": 0.75
                }
              ]
            }
          ]
        },
        {
          "type": "item",
          "name": "minecraft:diamond_boots",
          "weight": 2,
          "functions": [
            {
              "function": "set_nbt",
              "tag": "{Enchantments:[{id:\"minecraft:shinning\",lvl:1}],CustomEnchantments:{Agility:2},display:{Lore:[\"{\\\"text\\\":\\\"Agility II\\\",\\\"color\\\":\\\"gray\\\",\\\"italic\\\":false}\\\",\\\"color\\\":\\\"gray\\\",\\\"italic\\\":false}\"]},AttributeModifiers:[{AttributeName:\"generic.movementSpeed\",Name:\"generic.movementSpeed\",Slot:\"feet\",Amount:0.66,Operation:1,UUIDMost:84447,UUIDLeast:177289},{AttributeName:\"generic.armor\",Name:\"generic.armor\",Slot:\"feet\",Amount:3,Operation:0,UUIDMost:77111,UUIDLeast:141286},{AttributeName:\"generic.armorToughness\",Name:\"generic.armorToughness\",Slot:\"feet\",Amount:2,Operation:0,UUIDMost:57065,UUIDLeast:126306}]}"
            },
            {
              "function": "enchant_with_levels",
              "treasure": true,
              "levels": {
                "min": 15,
                "max": 20
              },
              "conditions": [
                {
                  "condition": "random_chance",
                  "chance": 0.75
                }
              ]
            }
          ]
        },
        {
          "type": "item",
          "name": "minecraft:diamond_boots",
          "weight": 2,
          "functions": [
            {
              "function": "set_nbt",
              "tag": "{Enchantments:[{id:\"minecraft:shinning\",lvl:1}],CustomEnchantments:{SkyWalk:1},display:{Lore:[\"{\\\"text\\\":\\\"Sky Walk\\\",\\\"color\\\":\\\"gray\\\",\\\"italic\\\":false}\"]}}"
            },
            {
              "function": "enchant_with_levels",
              "treasure": true,
              "levels": {
                "min": 15,
                "max": 20
              },
              "conditions": [
                {
                  "condition": "random_chance",
                  "chance": 0.75
                }
              ]
            }
          ]
        },
        {
          "type": "item",
          "name": "minecraft:diamond_boots",
          "weight": 1,
          "functions": [
            {
              "function": "set_nbt",
              "tag": "{Enchantments:[{id:\"minecraft:shinning\",lvl:1}],CustomEnchantments:{Agility:1,SkyWalk:1},EnchantLimit:2,display:{Lore:[\"{\\\"text\\\":\\\"Agility I\\\",\\\"color\\\":\\\"gray\\\",\\\"italic\\\":false}\",\"{\\\"text\\\":\\\"Sky Walk\\\",\\\"color\\\":\\\"gray\\\",\\\"italic\\\":false}\"]},AttributeModifiers:[{AttributeName:\"generic.movementSpeed\",Name:\"generic.movementSpeed\",Slot:\"feet\",Amount:0.33,Operation:1,UUIDMost:84447,UUIDLeast:177289},{AttributeName:\"generic.armor\",Name:\"generic.armor\",Slot:\"feet\",Amount:3,Operation:0,UUIDMost:77111,UUIDLeast:141286},{AttributeName:\"generic.armorToughness\",Name:\"generic.armorToughness\",Slot:\"feet\",Amount:2,Operation:0,UUIDMost:57065,UUIDLeast:126306}]}"
            },
            {
              "function": "enchant_with_levels",
              "treasure": true,
              "levels": {
                "min": 15,
                "max": 20
              },
              "conditions": [
                {
                  "condition": "random_chance",
                  "chance": 0.75
                }
              ]
            }
          ]
        },
        {
          "type": "item",
          "name": "minecraft:diamond_boots",
          "weight": 1,
          "functions": [
            {
              "function": "set_nbt",
              "tag": "{Enchantments:[{id:\"minecraft:shinning\",lvl:1}],CustomEnchantments:{Agility:2,SkyWalk:1},EnchantLimit:2,display:{Lore:[\"{\\\"text\\\":\\\"Agility II\\\",\\\"color\\\":\\\"gray\\\",\\\"italic\\\":false}\",\"{\\\"text\\\":\\\"Sky Walk\\\",\\\"color\\\":\\\"gray\\\",\\\"italic\\\":false}\"]},AttributeModifiers:[{AttributeName:\"generic.movementSpeed\",Name:\"generic.movementSpeed\",Slot:\"feet\",Amount:0.66,Operation:1,UUIDMost:84447,UUIDLeast:177289},{AttributeName:\"generic.armor\",Name:\"generic.armor\",Slot:\"feet\",Amount:3,Operation:0,UUIDMost:77111,UUIDLeast:141286},{AttributeName:\"generic.armorToughness\",Name:\"generic.armorToughness\",Slot:\"feet\",Amount:2,Operation:0,UUIDMost:57065,UUIDLeast:126306}]}"
            },
            {
              "function": "enchant_with_levels",
              "treasure": true,
              "levels": {
                "min": 15,
                "max": 20
              },
              "conditions": [
                {
                  "condition": "random_chance",
                  "chance": 0.75
                }
              ]
            }
          ]
        }
      ]
    }
  ]
}