{
	"credit": "Made By BronGhast014 with Blockbench",
	"textures": {
		"0": "mobs/shadow_hurt",
		"2_0": "mobs/shadow_hurt"
	},
	"elements": [
		{
			"name": "Head",
			"from": [4, 21, 4],
			"to": [12, 29, 12],
			"faces": {
				"north": {"uv": [2, 2, 4, 4], "texture": "#0"},
				"east": {"uv": [0, 2, 2, 4], "texture": "#0"},
				"south": {"uv": [2, 0, 4, 2], "texture": "#0"},
				"west": {"uv": [4, 2, 6, 4], "texture": "#0"},
				"up": {"uv": [2, 0, 4, 2], "rotation": 180, "texture": "#0"},
				"down": {"uv": [4, 2, 6, 0], "rotation": 180, "texture": "#0"}
			}
		},
		{
			"name": "R Leg",
			"from": [3.99201, -2.24999, 6.75798],
			"to": [12.06344, 9.75001, 10.75798],
			"rotation": {"angle": -22.5, "axis": "x", "origin": [8, 7.57143, 8]},
			"faces": {
				"north": {"uv": [2, 9, 1, 12], "texture": "#2_0"},
				"east": {"uv": [3, 9, 2, 12], "texture": "#2_0"},
				"south": {"uv": [1, 9, 0, 12], "texture": "#2_0"},
				"west": {"uv": [3, 9, 4, 12], "texture": "#2_0"},
				"up": {"uv": [1, 8, 2, 9], "rotation": 180, "texture": "#2_0"},
				"down": {"uv": [2, 8, 3, 9], "rotation": 180, "texture": "#2_0"}
			}
		},
		{
			"name": "Body",
			"from": [4, 9, 6],
			"to": [12, 21, 10],
			"faces": {
				"north": {"uv": [5, 5, 7, 8], "texture": "#2_0"},
				"east": {"uv": [4, 5, 5, 8], "texture": "#2_0"},
				"south": {"uv": [8, 5, 10, 8], "texture": "#2_0"},
				"west": {"uv": [7, 5, 8, 8], "texture": "#2_0"},
				"up": {"uv": [5, 4, 7, 5], "rotation": 180, "texture": "#2_0"},
				"down": {"uv": [7, 4, 9, 5], "rotation": 180, "texture": "#2_0"}
			}
		}
	],
	"display": {
		"thirdperson_righthand": {
			"rotation": [75, 45, 0],
			"translation": [0, 2.5, 0],
			"scale": [0.375, 0.375, 0.375]
		},
		"thirdperson_lefthand": {
			"rotation": [75, 45, 0],
			"translation": [0, 2.5, 0],
			"scale": [0.375, 0.375, 0.375]
		},
		"firstperson_righthand": {
			"rotation": [0, 111, 0],
			"scale": [0.4, 0.4, 0.4]
		},
		"firstperson_lefthand": {
			"rotation": [0, 132, 0],
			"scale": [0.4, 0.4, 0.4]
		},
		"ground": {
			"translation": [0, 3, 0],
			"scale": [0.25, 0.25, 0.25]
		},
		"gui": {
			"rotation": [30, 225, 0],
			"translation": [0, -2, 0],
			"scale": [0.5, 0.5, 0.5]
		},
		"head": {
			"translation": [0, -27.3, 0],
			"scale": [1.6, 1.6, 1.6]
		},
		"fixed": {
			"scale": [0.5, 0.5, 0.5]
		}
	},
	"groups": [0,
		{
			"name": "body",
			"children": [1, 2]
		}
	]
}