{
  "type": {
    "name": "minecraft:the_end",
    "ultrawarm": false,
    "natural": true,
    "piglin_safe": true,
    "respawn_anchor_works": true,
    "bed_works": false,
    "has_raids": true,
    "has_skylight": false,
    "has_ceiling": false,
    "coordinate_scale": 1,
    "ambient_light": 0,
    "fixed_time": 18000,
    "logical_height": 256,
    "effects": "minecraft:the_end",
    "infiniburn": "minecraft:infiniburn_end"
  },
  "generator": {
    "type": "minecraft:noise",
    "seed": 0,
    "biome_source": {
      "type": "minecraft:multi_noise",
      "seed": 0,
      "altitude_noise": {
        "firstOctave": -7,
        "amplitudes": [
          1,
          1
        ]
      },
      "temperature_noise": {
        "firstOctave": -7,
        "amplitudes": [
          1,
          1
        ]
      },
      "humidity_noise": {
        "firstOctave": -7,
        "amplitudes": [
          1,
          1
        ]
      },
      "weirdness_noise": {
        "firstOctave": -7,
        "amplitudes": [
          1,
          1
        ]
      },
      "biomes": [
        {
          "biome": "far_end:snowy_warped_forest",
          "parameters": {
            "altitude": 0,
            "temperature": 0,
            "humidity": 0,
            "weirdness": 1,
            "offset": 0
          }
        },
        {
          "biome": "far_end:ender_waste",
          "parameters": {
            "altitude": 0,
            "temperature": 0,
            "humidity": 1,
            "weirdness": 0,
            "offset": 0
          }
        },
        {
          "biome": "far_end:ashfall_marshland",
          "parameters": {
            "altitude": 0,
            "temperature": 1,
            "humidity": 0,
            "weirdness": 0,
            "offset": 0
          }
        },
        {
          "biome": "far_end:amethyst_forest",
          "parameters": {
            "altitude": 1,
            "temperature": 0,
            "humidity": 0,
            "weirdness": 0,
            "offset": 0
          }
        }
      ]
    },
    "settings": {
      "name": "minecraft:end",
      "bedrock_roof_position": -10,
      "bedrock_floor_position": -10,
      "sea_level": 0,
      "disable_mob_generation": true,
      "default_block": {
        "Name": "minecraft:end_stone"
      },
      "default_fluid": {
        "Name": "minecraft:air"
      },
      "noise": {
        "height": 128,
        "density_factor": 0,
        "density_offset": 0,
        "size_horizontal": 2,
        "size_vertical": 1,
        "simplex_surface_noise": true,
        "random_density_offset": true,
        "island_noise_override": true,
        "amplified": false,
        "sampling": {
          "xz_scale": 2,
          "y_scale": 1.5,
          "xz_factor": 80,
          "y_factor": 160
        },
        "bottom_slide": {
          "target": -30,
          "size": 7,
          "offset": 1
        },
        "top_slide": {
          "target": -3000,
          "size": 64,
          "offset": -50
        }
      },
      "structures": {
        "stronghold": {
          "distance": 1,
          "spread": 1,
          "count": 80
        },
        "structures": {
          "minecraft:endcity": {
            "spacing": 20,
            "separation": 10,
            "salt": 10387313
          },
          "minecraft:village": {
            "spacing": 10,
            "separation": 5,
            "salt": 1223232
          },
          "minecraft:bastion_remnant": {
            "spacing": 10,
            "separation": 5,
            "salt": 1223232
          }
        }
      }
    }
  }
}
