{
    "parent": "item/handheld_rod",
    "textures": {
        "layer0": "item/carrot_on_a_stick"
    },
	"overrides": [
		{ "predicate": { "custom_model_data": 10140001 }, "model": "mobs/drops/soul" },
		{ "predicate": { "custom_model_data": 10140002 }, "model": "mobs/drops/soul1" },
		{ "predicate": { "custom_model_data": 10140003 }, "model": "mobs/drops/soul2" },
		{ "predicate": { "custom_model_data": 10140004 }, "model": "mobs/drops/soul3" },
		{ "predicate": { "custom_model_data": 10140005 }, "model": "mobs/drops/wand" }
	]
}
