{
    "parent": "item/handheld",
    "textures": {
        "layer0": "item/iron_sword"
    },
	"overrides": [
		{ "predicate": { "custom_model_data": 10140001 }, "model": "mobs/weapons/swamp_sword" },
		{ "predicate": { "custom_model_data": 10140002 }, "model": "mobs/weapons/swamp_sword_hurt" },
		{ "predicate": { "custom_model_data": 10140003 }, "model": "mobs/weapons/plains_sword" },
		{ "predicate": { "custom_model_data": 10140004 }, "model": "mobs/weapons/plains_sword_hurt" },
		{ "predicate": { "custom_model_data": 10140005 }, "model": "mobs/cave_warrior/left_hand_sword" },
		{ "predicate": { "custom_model_data": 10140006 }, "model": "mobs/cave_warrior/left_hand_sword_hurt" }
	]
}
