{
  "parent": "item/generated",
  "textures": {
	"layer0": "item/structure_void"
  },
  "overrides": [
	  { "predicate": { "custom_model_data": 10140001 }, "model": "mobs/desert_skeleton/head" },
	  { "predicate": { "custom_model_data": 10140002 }, "model": "mobs/desert_skeleton/head_hurt" },
	  { "predicate": { "custom_model_data": 10140003 }, "model": "mobs/desert_skeleton/body" },
	  { "predicate": { "custom_model_data": 10140004 }, "model": "mobs/desert_skeleton/body_hurt" },
	  { "predicate": { "custom_model_data": 10140005 }, "model": "mobs/desert_skeleton/left_hand" },
	  { "predicate": { "custom_model_data": 10140006 }, "model": "mobs/desert_skeleton/left_hand_hurt" },
	  { "predicate": { "custom_model_data": 10140007 }, "model": "mobs/desert_skeleton/right_hand" },
	  { "predicate": { "custom_model_data": 10140008 }, "model": "mobs/desert_skeleton/right_hand_hurt" },
	  { "predicate": { "custom_model_data": 10140009 }, "model": "mobs/desert_skeleton/moving" },
	  { "predicate": { "custom_model_data": 10140010 }, "model": "mobs/cave_skeleton/head" },
	  { "predicate": { "custom_model_data": 10140011 }, "model": "mobs/cave_skeleton/head_hurt" },
	  { "predicate": { "custom_model_data": 10140012 }, "model": "mobs/cave_skeleton/body" },
	  { "predicate": { "custom_model_data": 10140013 }, "model": "mobs/cave_skeleton/body_hurt" },
	  { "predicate": { "custom_model_data": 10140014 }, "model": "mobs/cave_skeleton/left_hand" },
	  { "predicate": { "custom_model_data": 10140015 }, "model": "mobs/cave_skeleton/left_hand_hurt" },
	  { "predicate": { "custom_model_data": 10140016 }, "model": "mobs/cave_skeleton/right_hand" },
	  { "predicate": { "custom_model_data": 10140017 }, "model": "mobs/cave_skeleton/right_hand_hurt" },
	  { "predicate": { "custom_model_data": 10140018 }, "model": "mobs/cave_skeleton/moving" },
	  { "predicate": { "custom_model_data": 10140019 }, "model": "mobs/test/head" },
	  { "predicate": { "custom_model_data": 10140020 }, "model": "mobs/test/head_hurt" },
	  { "predicate": { "custom_model_data": 10140021 }, "model": "mobs/test/body" },
	  { "predicate": { "custom_model_data": 10140022 }, "model": "mobs/test/body_hurt" },
	  { "predicate": { "custom_model_data": 10140023 }, "model": "mobs/test/left_hand" },
	  { "predicate": { "custom_model_data": 10140024 }, "model": "mobs/test/left_hand_hurt" },
	  { "predicate": { "custom_model_data": 10140025 }, "model": "mobs/test/right_hand" },
	  { "predicate": { "custom_model_data": 10140026 }, "model": "mobs/test/right_hand_hurt" },
	  { "predicate": { "custom_model_data": 10140027 }, "model": "mobs/test/moving" },
	  { "predicate": { "custom_model_data": 10140028 }, "model": "mobs/stooge/body" },
	  { "predicate": { "custom_model_data": 10140029 }, "model": "mobs/stooge/hurt" },
	  { "predicate": { "custom_model_data": 10140030 }, "model": "mobs/stooge/moving" },
	  { "predicate": { "custom_model_data": 10140031 }, "model": "mobs/cave_golem/head" },
	  { "predicate": { "custom_model_data": 10140032 }, "model": "mobs/cave_golem/head_hurt" },
	  { "predicate": { "custom_model_data": 10140033 }, "model": "mobs/cave_golem/body" },
	  { "predicate": { "custom_model_data": 10140034 }, "model": "mobs/cave_golem/body_hurt" },
	  { "predicate": { "custom_model_data": 10140035 }, "model": "mobs/cave_golem/left_hand" },
	  { "predicate": { "custom_model_data": 10140036 }, "model": "mobs/cave_golem/left_hand_hurt" },
	  { "predicate": { "custom_model_data": 10140037 }, "model": "mobs/cave_golem/right_hand" },
	  { "predicate": { "custom_model_data": 10140038 }, "model": "mobs/cave_golem/right_hand_hurt" },
	  { "predicate": { "custom_model_data": 10140039 }, "model": "mobs/cave_golem/moving" },
	  { "predicate": { "custom_model_data": 10140040 }, "model": "mobs/cave_zombie/head" },
	  { "predicate": { "custom_model_data": 10140041 }, "model": "mobs/cave_zombie/head_hurt" },
	  { "predicate": { "custom_model_data": 10140042 }, "model": "mobs/cave_zombie/body" },
	  { "predicate": { "custom_model_data": 10140043 }, "model": "mobs/cave_zombie/body_hurt" },
	  { "predicate": { "custom_model_data": 10140044 }, "model": "mobs/cave_zombie/left_hand" },
	  { "predicate": { "custom_model_data": 10140045 }, "model": "mobs/cave_zombie/left_hand_hurt" },
	  { "predicate": { "custom_model_data": 10140046 }, "model": "mobs/cave_zombie/right_hand" },
	  { "predicate": { "custom_model_data": 10140047 }, "model": "mobs/cave_zombie/right_hand_hurt" },
	  { "predicate": { "custom_model_data": 10140048 }, "model": "mobs/cave_zombie/moving" },
	  { "predicate": { "custom_model_data": 10140049 }, "model": "mobs/jungle_creeper/head" },
	  { "predicate": { "custom_model_data": 10140050 }, "model": "mobs/jungle_creeper/head_hurt" },
	  { "predicate": { "custom_model_data": 10140051 }, "model": "mobs/jungle_creeper/body" },
	  { "predicate": { "custom_model_data": 10140052 }, "model": "mobs/jungle_creeper/body_hurt" },
	  { "predicate": { "custom_model_data": 10140053 }, "model": "mobs/jungle_creeper/fuse" },
	  { "predicate": { "custom_model_data": 10140054 }, "model": "mobs/jungle_creeper/fuse_head" },
	  { "predicate": { "custom_model_data": 10140055 }, "model": "mobs/jungle_creeper/fuse_moving" },
	  { "predicate": { "custom_model_data": 10140056 }, "model": "mobs/jungle_creeper/right_hand_hurt" },
	  { "predicate": { "custom_model_data": 10140057 }, "model": "mobs/jungle_creeper/moving" },
	  { "predicate": { "custom_model_data": 10140058 }, "model": "mobs/swamp_skeleton/head" },
	  { "predicate": { "custom_model_data": 10140059 }, "model": "mobs/swamp_skeleton/head_hurt" },
	  { "predicate": { "custom_model_data": 10140060 }, "model": "mobs/swamp_skeleton/body" },
	  { "predicate": { "custom_model_data": 10140061 }, "model": "mobs/swamp_skeleton/body_hurt" },
	  { "predicate": { "custom_model_data": 10140062 }, "model": "mobs/swamp_skeleton/left_hand" },
	  { "predicate": { "custom_model_data": 10140063 }, "model": "mobs/swamp_skeleton/left_hand_hurt" },
	  { "predicate": { "custom_model_data": 10140064 }, "model": "mobs/swamp_skeleton/right_hand" },
	  { "predicate": { "custom_model_data": 10140065 }, "model": "mobs/swamp_skeleton/right_hand_hurt" },
	  { "predicate": { "custom_model_data": 10140066 }, "model": "mobs/swamp_skeleton/moving" },
	  { "predicate": { "custom_model_data": 10140067 }, "model": "mobs/swamp_zombie/head" },
	  { "predicate": { "custom_model_data": 10140068 }, "model": "mobs/swamp_zombie/head_hurt" },
	  { "predicate": { "custom_model_data": 10140069 }, "model": "mobs/swamp_zombie/body" },
	  { "predicate": { "custom_model_data": 10140070 }, "model": "mobs/swamp_zombie/body_hurt" },
	  { "predicate": { "custom_model_data": 10140071 }, "model": "mobs/swamp_zombie/left_hand" },
	  { "predicate": { "custom_model_data": 10140072 }, "model": "mobs/swamp_zombie/left_hand_hurt" },
	  { "predicate": { "custom_model_data": 10140073 }, "model": "mobs/swamp_zombie/right_hand" },
	  { "predicate": { "custom_model_data": 10140074 }, "model": "mobs/swamp_zombie/right_hand_hurt" },
	  { "predicate": { "custom_model_data": 10140075 }, "model": "mobs/swamp_zombie/moving" },
	  { "predicate": { "custom_model_data": 10140076 }, "model": "mobs/druid/head" },
	  { "predicate": { "custom_model_data": 10140077 }, "model": "mobs/druid/head_hurt" },
	  { "predicate": { "custom_model_data": 10140078 }, "model": "mobs/druid/body" },
	  { "predicate": { "custom_model_data": 10140079 }, "model": "mobs/druid/body_hurt" },
	  { "predicate": { "custom_model_data": 10140080 }, "model": "mobs/druid/left_hand" },
	  { "predicate": { "custom_model_data": 10140081 }, "model": "mobs/druid/left_hand_hurt" },
	  { "predicate": { "custom_model_data": 10140082 }, "model": "mobs/druid/right_hand" },
	  { "predicate": { "custom_model_data": 10140083 }, "model": "mobs/druid/right_hand_hurt" },
	  { "predicate": { "custom_model_data": 10140084 }, "model": "mobs/druid/moving" },
	  { "predicate": { "custom_model_data": 10140085 }, "model": "mobs/sand_mite/body" },
	  { "predicate": { "custom_model_data": 10140086 }, "model": "mobs/sand_mite/hurt" },
	  { "predicate": { "custom_model_data": 10140087 }, "model": "mobs/sand_mite/moving" },
	  { "predicate": { "custom_model_data": 10140091 }, "model": "mobs/ent/head" },
	  { "predicate": { "custom_model_data": 10140092 }, "model": "mobs/ent/head_hurt" },
	  { "predicate": { "custom_model_data": 10140093 }, "model": "mobs/ent/body" },
	  { "predicate": { "custom_model_data": 10140094 }, "model": "mobs/ent/body_hurt" },
	  { "predicate": { "custom_model_data": 10140095 }, "model": "mobs/ent/left_hand" },
	  { "predicate": { "custom_model_data": 10140096 }, "model": "mobs/ent/left_hand_hurt" },
	  { "predicate": { "custom_model_data": 10140097 }, "model": "mobs/ent/right_hand" },
	  { "predicate": { "custom_model_data": 10140098 }, "model": "mobs/ent/right_hand_hurt" },
	  { "predicate": { "custom_model_data": 10140099 }, "model": "mobs/ent/moving" },
	  { "predicate": { "custom_model_data": 10140100 }, "model": "mobs/ice_creeper/head" },
	  { "predicate": { "custom_model_data": 10140101 }, "model": "mobs/ice_creeper/head_hurt" },
	  { "predicate": { "custom_model_data": 10140102 }, "model": "mobs/ice_creeper/body" },
	  { "predicate": { "custom_model_data": 10140103 }, "model": "mobs/ice_creeper/body_hurt" },
	  { "predicate": { "custom_model_data": 10140104 }, "model": "mobs/ice_creeper/fuse" },
	  { "predicate": { "custom_model_data": 10140105 }, "model": "mobs/ice_creeper/fuse_head" },
	  { "predicate": { "custom_model_data": 10140106 }, "model": "mobs/ice_creeper/fuse_moving" },
	  { "predicate": { "custom_model_data": 10140107 }, "model": "mobs/ice_creeper/right_hand_hurt" },
	  { "predicate": { "custom_model_data": 10140108 }, "model": "mobs/ice_creeper/moving" },
	  { "predicate": { "custom_model_data": 10140109 }, "model": "mobs/ice_zombie/head" },
	  { "predicate": { "custom_model_data": 10140110 }, "model": "mobs/ice_zombie/head_hurt" },
	  { "predicate": { "custom_model_data": 10140111 }, "model": "mobs/ice_zombie/body" },
	  { "predicate": { "custom_model_data": 10140112 }, "model": "mobs/ice_zombie/body_hurt" },
	  { "predicate": { "custom_model_data": 10140113 }, "model": "mobs/ice_zombie/left_hand" },
	  { "predicate": { "custom_model_data": 10140114 }, "model": "mobs/ice_zombie/left_hand_hurt" },
	  { "predicate": { "custom_model_data": 10140115 }, "model": "mobs/ice_zombie/right_hand" },
	  { "predicate": { "custom_model_data": 10140116 }, "model": "mobs/ice_zombie/right_hand_hurt" },
	  { "predicate": { "custom_model_data": 10140117 }, "model": "mobs/ice_zombie/moving" },
	  { "predicate": { "custom_model_data": 10140118 }, "model": "mobs/jungle_skeleton/head" },
	  { "predicate": { "custom_model_data": 10140119 }, "model": "mobs/jungle_skeleton/head_hurt" },
	  { "predicate": { "custom_model_data": 10140120 }, "model": "mobs/jungle_skeleton/body" },
	  { "predicate": { "custom_model_data": 10140121 }, "model": "mobs/jungle_skeleton/body_hurt" },
	  { "predicate": { "custom_model_data": 10140122 }, "model": "mobs/jungle_skeleton/left_hand" },
	  { "predicate": { "custom_model_data": 10140123 }, "model": "mobs/jungle_skeleton/left_hand_hurt" },
	  { "predicate": { "custom_model_data": 10140124 }, "model": "mobs/jungle_skeleton/right_hand" },
	  { "predicate": { "custom_model_data": 10140125 }, "model": "mobs/jungle_skeleton/right_hand_hurt" },
	  { "predicate": { "custom_model_data": 10140126 }, "model": "mobs/jungle_skeleton/moving" },
	  { "predicate": { "custom_model_data": 10140127 }, "model": "mobs/jungle_zombie/head" },
	  { "predicate": { "custom_model_data": 10140128 }, "model": "mobs/jungle_zombie/head_hurt" },
	  { "predicate": { "custom_model_data": 10140129 }, "model": "mobs/jungle_zombie/body" },
	  { "predicate": { "custom_model_data": 10140130 }, "model": "mobs/jungle_zombie/body_hurt" },
	  { "predicate": { "custom_model_data": 10140131 }, "model": "mobs/jungle_zombie/left_hand" },
	  { "predicate": { "custom_model_data": 10140132 }, "model": "mobs/jungle_zombie/left_hand_hurt" },
	  { "predicate": { "custom_model_data": 10140133 }, "model": "mobs/jungle_zombie/right_hand" },
	  { "predicate": { "custom_model_data": 10140134 }, "model": "mobs/jungle_zombie/right_hand_hurt" },
	  { "predicate": { "custom_model_data": 10140135 }, "model": "mobs/jungle_zombie/moving" },
	  { "predicate": { "custom_model_data": 10140136 }, "model": "mobs/blight/head" },
	  { "predicate": { "custom_model_data": 10140137 }, "model": "mobs/blight/head_hurt" },
	  { "predicate": { "custom_model_data": 10140138 }, "model": "mobs/blight/body" },
	  { "predicate": { "custom_model_data": 10140139 }, "model": "mobs/blight/body_hurt" },
	  { "predicate": { "custom_model_data": 10140140 }, "model": "mobs/blight/left_hand" },
	  { "predicate": { "custom_model_data": 10140141 }, "model": "mobs/blight/left_hand_hurt" },
	  { "predicate": { "custom_model_data": 10140142 }, "model": "mobs/blight/right_hand" },
	  { "predicate": { "custom_model_data": 10140143 }, "model": "mobs/blight/right_hand_hurt" },
	  { "predicate": { "custom_model_data": 10140144 }, "model": "mobs/blight/moving" },
	  { "predicate": { "custom_model_data": 10140145 }, "model": "mobs/plains_skeleton/head" },
	  { "predicate": { "custom_model_data": 10140146 }, "model": "mobs/plains_skeleton/head_hurt" },
	  { "predicate": { "custom_model_data": 10140147 }, "model": "mobs/plains_skeleton/body" },
	  { "predicate": { "custom_model_data": 10140148 }, "model": "mobs/plains_skeleton/body_hurt" },
	  { "predicate": { "custom_model_data": 10140149 }, "model": "mobs/plains_skeleton/left_hand" },
	  { "predicate": { "custom_model_data": 10140150 }, "model": "mobs/plains_skeleton/left_hand_hurt" },
	  { "predicate": { "custom_model_data": 10140151 }, "model": "mobs/plains_skeleton/right_hand" },
	  { "predicate": { "custom_model_data": 10140152 }, "model": "mobs/plains_skeleton/right_hand_hurt" },
	  { "predicate": { "custom_model_data": 10140153 }, "model": "mobs/plains_skeleton/moving" },
	  { "predicate": { "custom_model_data": 10140154 }, "model": "mobs/mummy/head" },
	  { "predicate": { "custom_model_data": 10140155 }, "model": "mobs/mummy/head_hurt" },
	  { "predicate": { "custom_model_data": 10140156 }, "model": "mobs/mummy/body" },
	  { "predicate": { "custom_model_data": 10140157 }, "model": "mobs/mummy/body_hurt" },
	  { "predicate": { "custom_model_data": 10140158 }, "model": "mobs/mummy/left_hand" },
	  { "predicate": { "custom_model_data": 10140159 }, "model": "mobs/mummy/left_hand_hurt" },
	  { "predicate": { "custom_model_data": 10140160 }, "model": "mobs/mummy/right_hand" },
	  { "predicate": { "custom_model_data": 10140161 }, "model": "mobs/mummy/right_hand_hurt" },
	  { "predicate": { "custom_model_data": 10140162 }, "model": "mobs/mummy/moving" },
	  { "predicate": { "custom_model_data": 10140163 }, "model": "mobs/cave_warrior/head" },
	  { "predicate": { "custom_model_data": 10140164 }, "model": "mobs/cave_warrior/head_hurt" },
	  { "predicate": { "custom_model_data": 10140165 }, "model": "mobs/cave_warrior/body" },
	  { "predicate": { "custom_model_data": 10140166 }, "model": "mobs/cave_warrior/body_hurt" },
	  { "predicate": { "custom_model_data": 10140167 }, "model": "mobs/cave_warrior/left_hand" },
	  { "predicate": { "custom_model_data": 10140168 }, "model": "mobs/cave_warrior/left_hand_hurt" },
	  { "predicate": { "custom_model_data": 10140169 }, "model": "mobs/cave_warrior/right_hand" },
	  { "predicate": { "custom_model_data": 10140170 }, "model": "mobs/cave_warrior/right_hand_hurt" },
	  { "predicate": { "custom_model_data": 10140171 }, "model": "mobs/cave_warrior/moving" },
	  { "predicate": { "custom_model_data": 10140172 }, "model": "mobs/desert_creeper/head" },
	  { "predicate": { "custom_model_data": 10140173 }, "model": "mobs/desert_creeper/head_hurt" },
	  { "predicate": { "custom_model_data": 10140174 }, "model": "mobs/desert_creeper/body" },
	  { "predicate": { "custom_model_data": 10140175 }, "model": "mobs/desert_creeper/body_hurt" },
	  { "predicate": { "custom_model_data": 10140176 }, "model": "mobs/desert_creeper/fuse" },
	  { "predicate": { "custom_model_data": 10140177 }, "model": "mobs/desert_creeper/fuse_head" },
	  { "predicate": { "custom_model_data": 10140178 }, "model": "mobs/desert_creeper/fuse_moving" },
	  { "predicate": { "custom_model_data": 10140179 }, "model": "mobs/desert_creeper/right_hand_hurt" },
	  { "predicate": { "custom_model_data": 10140180 }, "model": "mobs/desert_creeper/moving" },
	  { "predicate": { "custom_model_data": 10140181 }, "model": "mobs/shadow/head" },
	  { "predicate": { "custom_model_data": 10140182 }, "model": "mobs/shadow/head_hurt" },
	  { "predicate": { "custom_model_data": 10140183 }, "model": "mobs/shadow/body" },
	  { "predicate": { "custom_model_data": 10140184 }, "model": "mobs/shadow/body_hurt" },
	  { "predicate": { "custom_model_data": 10140185 }, "model": "mobs/shadow/left_hand" },
	  { "predicate": { "custom_model_data": 10140186 }, "model": "mobs/shadow/left_hand_hurt" },
	  { "predicate": { "custom_model_data": 10140187 }, "model": "mobs/shadow/right_hand" },
	  { "predicate": { "custom_model_data": 10140188 }, "model": "mobs/shadow/right_hand_hurt" },
	  { "predicate": { "custom_model_data": 10140189 }, "model": "mobs/shadow/moving" },
	  { "predicate": { "custom_model_data": 10140190 }, "model": "mobs/plains_zombie/head" },
	  { "predicate": { "custom_model_data": 10140191 }, "model": "mobs/plains_zombie/head_hurt" },
	  { "predicate": { "custom_model_data": 10140192 }, "model": "mobs/plains_zombie/body" },
	  { "predicate": { "custom_model_data": 10140193 }, "model": "mobs/plains_zombie/body_hurt" },
	  { "predicate": { "custom_model_data": 10140194 }, "model": "mobs/plains_zombie/left_hand" },
	  { "predicate": { "custom_model_data": 10140195 }, "model": "mobs/plains_zombie/left_hand_hurt" },
	  { "predicate": { "custom_model_data": 10140196 }, "model": "mobs/plains_zombie/right_hand" },
	  { "predicate": { "custom_model_data": 10140197 }, "model": "mobs/plains_zombie/right_hand_hurt" },
	  { "predicate": { "custom_model_data": 10140198 }, "model": "mobs/plains_zombie/moving" },
	  { "predicate": { "custom_model_data": 10140199 }, "model": "mobs/soul/head" },
	  { "predicate": { "custom_model_data": 10140200 }, "model": "mobs/soul/head_hurt" },
	  { "predicate": { "custom_model_data": 10140201 }, "model": "mobs/soul/body" },
	  { "predicate": { "custom_model_data": 10140202 }, "model": "mobs/soul/body_hurt" },
	  { "predicate": { "custom_model_data": 10140203 }, "model": "mobs/soul/left_hand" },
	  { "predicate": { "custom_model_data": 10140204 }, "model": "mobs/soul/left_hand_hurt" },
	  { "predicate": { "custom_model_data": 10140205 }, "model": "mobs/soul/right_hand" },
	  { "predicate": { "custom_model_data": 10140206 }, "model": "mobs/soul/right_hand_hurt" },
	  { "predicate": { "custom_model_data": 10140207 }, "model": "mobs/soul/moving" },
	  { "predicate": { "custom_model_data": 10140208 }, "model": "mobs/warlock/head" },
	  { "predicate": { "custom_model_data": 10140209 }, "model": "mobs/warlock/head_hurt" },
	  { "predicate": { "custom_model_data": 10140210 }, "model": "mobs/warlock/body" },
	  { "predicate": { "custom_model_data": 10140211 }, "model": "mobs/warlock/body_hurt" },
	  { "predicate": { "custom_model_data": 10140212 }, "model": "mobs/warlock/left_hand" },
	  { "predicate": { "custom_model_data": 10140213 }, "model": "mobs/warlock/left_hand_hurt" },
	  { "predicate": { "custom_model_data": 10140214 }, "model": "mobs/warlock/right_hand" },
	  { "predicate": { "custom_model_data": 10140215 }, "model": "mobs/warlock/right_hand_hurt" },
	  { "predicate": { "custom_model_data": 10140216 }, "model": "mobs/warlock/moving" },
	  { "predicate": { "custom_model_data": 10140217 }, "model": "mobs/warlock/summon" },
	  { "predicate": { "custom_model_data": 10140218 }, "model": "mobs/warlock/prayer" },
	  { "predicate": { "custom_model_data": 10140219 }, "model": "mobs/plains_skeleton/skull" },
	  { "predicate": { "custom_model_data": 10140220 }, "model": "mobs/druid/spell" }
	]
}
