{
  "type": "minecraft:decorated",
  "config": {
    "decorator": {
      "type": "minecraft:count_extra",
      "config": {
        "count": 50000,
        "extra_count": 0,
        "extra_chance": 0
      }
    },
    "feature": {
      "type": "minecraft:decorated",
      "config": {
        "decorator": {
          "type": "minecraft:square",
          "config": {}
        },
        "feature": {
          "type": "minecraft:decorated",
          "config": {
            "decorator": {
              "type": "minecraft:range",
              "config": {
                "maximum": 100,
                "bottom_offset": 0,
                "top_offset": 0
              }
            },
            "feature": {
              "type": "minecraft:netherrack_replace_blobs",
              "config": {
                "state": {
                  "Name": "minecraft:gravel"
                },
                "target": {
                  "Name": "minecraft:yellow_concrete_powder"
                },
                "radius": {
                  "base": 60,
                  "spread": 5
                }
              }
            }
          }
        }
      }
    }
  }
}