{
	"credit": "Made By BronGhast014 with Blockbench",
	"textures": {
		"0": "mobs/cave_dweller",
		"main": "mobs/animations/cave_zombie"
	},
	"elements": [
		{
			"name": "mask",
			"from": [3.9, 23.8, 3.8],
			"to": [12.1, 32, 12.1],
			"faces": {
				"north": {"uv": [12, 2, 14, 4], "texture": "#0"},
				"east": {"uv": [3.75, 8.25, 5.75, 10.25], "texture": "#0"},
				"south": {"uv": [14, 0, 16, 2], "texture": "#0"},
				"west": {"uv": [14, 2, 16, 4], "texture": "#0"},
				"up": {"uv": [12, 0, 14, 2], "texture": "#0"},
				"down": {"uv": [4, 0, 6, 2], "texture": "#0"}
			}
		},
		{
			"name": "head",
			"from": [4, 23.9, 4],
			"to": [12, 31.9, 12],
			"faces": {
				"north": {"uv": [2, 2, 4, 4], "texture": "#0"},
				"east": {"uv": [0, 2, 2, 4], "texture": "#0"},
				"south": {"uv": [0, 0, 2, 2], "texture": "#0"},
				"west": {"uv": [4.25, 2, 6.25, 4], "texture": "#0"},
				"up": {"uv": [2, 0, 4, 2], "texture": "#0"},
				"down": {"uv": [4, 0, 6, 2], "texture": "#0"}
			}
		},
		{
			"name": "body",
			"from": [4, 12, 6],
			"to": [12, 24, 10],
			"faces": {
				"north": {"uv": [10.5, 2.5, 11.5, 4], "texture": "#main"},
				"east": {"uv": [10, 2.5, 10.5, 4], "texture": "#main"},
				"south": {"uv": [12, 2.5, 13, 4], "texture": "#main"},
				"west": {"uv": [11.5, 2.5, 12, 4], "texture": "#main"},
				"up": {"uv": [10.5, 2, 11.5, 2.5], "texture": "#main"},
				"down": {"uv": [11.5, 2, 12.5, 2.5], "texture": "#main"}
			}
		},
		{
			"name": "R leg",
			"from": [4, 0, 6],
			"to": [8, 12, 10],
			"faces": {
				"north": {"uv": [8.5, 2.5, 9, 4], "texture": "#main"},
				"east": {"uv": [9, 2.5, 9.5, 4], "texture": "#main"},
				"south": {"uv": [9.5, 2.5, 10, 4], "texture": "#main"},
				"west": {"uv": [8, 2.5, 8.5, 4], "texture": "#main"},
				"up": {"uv": [8.5, 2, 9, 2.5], "texture": "#main"},
				"down": {"uv": [9.125, 3.75, 9.5, 4], "texture": "#main"}
			}
		},
		{
			"name": "L leg",
			"from": [8, 0, 6],
			"to": [12, 12, 10],
			"faces": {
				"north": {"uv": [8.5, 2.5, 9, 4], "texture": "#main"},
				"east": {"uv": [8, 2.5, 8.5, 4], "texture": "#main"},
				"south": {"uv": [9.5, 2.5, 10, 4], "texture": "#main"},
				"west": {"uv": [8, 2.5, 8.5, 4], "texture": "#main"},
				"up": {"uv": [8.5, 2, 9, 2.5], "texture": "#main"},
				"down": {"uv": [9.125, 3.75, 9.5, 4], "texture": "#main"}
			}
		},
		{
			"name": "body",
			"from": [4, 12, 6],
			"to": [12, 24, 10],
			"faces": {
				"north": {"uv": [2.5, 10.5, 3.5, 12], "texture": "#main"},
				"east": {"uv": [2, 10.5, 2.5, 12], "texture": "#main"},
				"south": {"uv": [4, 10.5, 5, 12], "texture": "#main"},
				"west": {"uv": [3.5, 10.5, 4, 12], "texture": "#main"},
				"up": {"uv": [2.5, 10, 3.5, 10.5], "texture": "#main"},
				"down": {"uv": [3.5, 10, 4.5, 10.5], "texture": "#main"}
			}
		},
		{
			"name": "R leg",
			"from": [3.99475, 0.00001, 6.00524],
			"to": [7.99475, 12.00001, 10.00524],
			"rotation": {"angle": -22.5, "axis": "x", "origin": [8, 11, 8]},
			"faces": {
				"north": {"uv": [0.5, 10.5, 1, 12], "texture": "#main"},
				"east": {"uv": [1, 10.5, 1.5, 12], "texture": "#main"},
				"south": {"uv": [1.5, 10.5, 2, 12], "texture": "#main"},
				"west": {"uv": [0, 10.5, 0.5, 12], "texture": "#main"},
				"up": {"uv": [0.5, 10, 1, 10.5], "texture": "#main"},
				"down": {"uv": [1.125, 11.75, 1.5, 12], "texture": "#main"}
			}
		},
		{
			"name": "L leg",
			"from": [7.99475, 0.00001, 6.00524],
			"to": [11.99475, 12.00001, 10.00524],
			"rotation": {"angle": 22.5, "axis": "x", "origin": [8, 11, 8]},
			"faces": {
				"north": {"uv": [0.5, 10.5, 1, 12], "texture": "#main"},
				"east": {"uv": [0, 10.5, 0.5, 12], "texture": "#main"},
				"south": {"uv": [1.5, 10.5, 2, 12], "texture": "#main"},
				"west": {"uv": [0, 10.5, 0.5, 12], "texture": "#main"},
				"up": {"uv": [0.5, 10, 1, 10.5], "texture": "#main"},
				"down": {"uv": [1.125, 11.75, 1.5, 12], "texture": "#main"}
			}
		},
		{
			"name": "body",
			"from": [4, 12, 6],
			"to": [12, 24, 10],
			"faces": {
				"north": {"uv": [2.5, 2.5, 3.5, 4], "texture": "#main"},
				"east": {"uv": [2, 2.5, 2.5, 4], "texture": "#main"},
				"south": {"uv": [4, 2.5, 5, 4], "texture": "#main"},
				"west": {"uv": [3.5, 2.5, 4, 4], "texture": "#main"},
				"up": {"uv": [2.5, 2, 3.5, 2.5], "texture": "#main"},
				"down": {"uv": [3.5, 2, 4.5, 2.5], "texture": "#main"}
			}
		},
		{
			"name": "R leg",
			"from": [3.99475, 0.00001, 6.00524],
			"to": [7.99475, 12.00001, 10.00524],
			"rotation": {"angle": 22.5, "axis": "x", "origin": [8, 11, 8]},
			"faces": {
				"north": {"uv": [0.5, 2.5, 1, 4], "texture": "#main"},
				"east": {"uv": [1, 2.5, 1.5, 4], "texture": "#main"},
				"south": {"uv": [1.5, 2.5, 2, 4], "texture": "#main"},
				"west": {"uv": [0, 2.5, 0.5, 4], "texture": "#main"},
				"up": {"uv": [0.5, 2, 1, 2.5], "texture": "#main"},
				"down": {"uv": [1.125, 3.75, 1.5, 4], "texture": "#main"}
			}
		},
		{
			"name": "L leg",
			"from": [7.99475, 0.00001, 6.00524],
			"to": [11.99475, 12.00001, 10.00524],
			"rotation": {"angle": -22.5, "axis": "x", "origin": [8, 11, 8]},
			"faces": {
				"north": {"uv": [0.5, 2.5, 1, 4], "texture": "#main"},
				"east": {"uv": [0, 2.5, 0.5, 4], "texture": "#main"},
				"south": {"uv": [1.5, 2.5, 2, 4], "texture": "#main"},
				"west": {"uv": [0, 2.5, 0.5, 4], "texture": "#main"},
				"up": {"uv": [0.5, 2, 1, 2.5], "texture": "#main"},
				"down": {"uv": [1.125, 3.75, 1.5, 4], "texture": "#main"}
			}
		}
	],
	"display": {
		"thirdperson_righthand": {
			"translation": [-6, -16, 10]
		},
		"thirdperson_lefthand": {
			"translation": [-6, -16, 10]
		},
		"head": {
			"translation": [0, -32, 0],
			"scale": [1.6, 1.6, 1.6]
		}
	},
	"groups": [
		{
			"name": "head",
			"children": [0, 1]
		},
		{
			"name": "moving",
			"children": [2, 3, 4, 5, 6, 7,
				{
					"name": "body",
					"children": [8, 9, 10]
				}
			]
		}
	]
}