{
	"credit": "Made By BronGhast014 with Blockbench",
	"textures": {
		"0": "mobs/fossil_hurt",
		"1": "mobs/armor_hurt"
	},
	"elements": [
		{
			"name": "R Armor",
			"from": [1, 16, 6],
			"to": [4, 21.1, 10],
			"faces": {
				"north": {"uv": [7, 11.5, 8.5, 14], "texture": "#1"},
				"east": {"uv": [6.5, 11.5, 8, 14], "texture": "#1"},
				"south": {"uv": [6.5, 11.5, 8, 14], "texture": "#1"},
				"west": {"uv": [7.5, 11.5, 9.5, 14], "texture": "#1"},
				"up": {"uv": [8.5, 9.5, 10, 11.5], "texture": "#1"},
				"down": {"uv": [6.5, 10, 7.5, 11], "texture": "#1"}
			}
		},
		{
			"name": "R Arm",
			"from": [2, 9, 7],
			"to": [4, 21, 9],
			"faces": {
				"north": {"uv": [4.5, 9, 5.5, 15], "texture": "#0"},
				"east": {"uv": [5, 9, 6, 15], "texture": "#0"},
				"south": {"uv": [6, 9, 7, 15], "texture": "#0"},
				"west": {"uv": [5, 9, 6, 15], "texture": "#0"},
				"up": {"uv": [5, 8, 6, 9], "texture": "#0"},
				"down": {"uv": [1, 8, 2, 9], "texture": "#0"}
			}
		}
	],
	"display": {
		"thirdperson_righthand": {
			"rotation": [90, 0, 0],
			"translation": [-5, -2, -1]
		},
		"thirdperson_lefthand": {
			"rotation": [90, 0, 0],
			"translation": [-5, -2, -1]
		},
		"firstperson_righthand": {
			"rotation": [0, 45, 0],
			"translation": [0, 1, 0],
			"scale": [0.4, 0.4, 0.4]
		},
		"firstperson_lefthand": {
			"rotation": [0, 45, 0],
			"translation": [0, 1, 0],
			"scale": [0.4, 0.4, 0.4]
		},
		"ground": {
			"scale": [2, 2, 2]
		},
		"gui": {
			"rotation": [30, 45, 0],
			"scale": [0.65, 0.65, 0.65]
		},
		"head": {
			"translation": [0, -27.2, -0.15],
			"scale": [1.6, 1.6, 1.6]
		},
		"fixed": {
			"scale": [2, 2, 2]
		}
	},
	"groups": [
		{
			"name": "r arm",
			"children": [0, 1]
		}
	]
}